date,raw_description,amount,channel,category
2025-11-03,POS 710570 NFLX*NETFLIX GZB,202.4,POS,Subscriptions
2025-10-28,UPI-AMAZON-209496@upi,2227.28,UPI,Shopping
2025-11-20,UPI-BSES RAJDHANI POWER-796667@apl,589.22,UPI,Utilities & Bills
2025-12-20,UPI-MEESHO INDIA-102414@okaxis,904.16,UPI,Shopping
2026-04-01,POS 83627 JIORECHARGE INDIA GZB,222.06,POS,Utilities & Bills
2025-10-07,UPI-AMAZON PRIME-694384@ybl,1016.16,UPI,Subscriptions
2026-01-11,POS 171555 SBIPERSONALLOANEMI PVT LTD MUM,6262.17,POS,Transfers & Payments
2026-05-28,NEFT-APPLEMUSIC LTD-N561086,152.16,NEFT,Subscriptions
2026-05-24,UPI-BARBEQUE NATION LTD-718870@okaxis,2362.88,UPI,Dining
2025-12-09,POS 958492 MAX HO LTD GZB,7796.19,POS,Health & Fitness
2026-05-26,UPI-INDIAN OIL LTD-259607@upi,1287.84,UPI,Transport
2026-04-25,UPI-SPENCERSRETAIL LTD-146051@ibl,516.63,UPI,Groceries
2025-09-20,UPI-BOOKMYSHOW INDIA-626380@paytm,392.46,UPI,Entertainment
2026-04-10,UPI-TATA PLAY DTH-714328@upi,306.56,UPI,Utilities & Bills
2025-12-01,ACH-INTERESTCREDITSBAC LTD-476763,100.02,ACH,Income
2026-03-14,UPI-XBOX STORE-957959@paytm,3152.31,UPI,Entertainment
2025-09-17,UPI-HPPETROLPUMP LTD-566579@apl,2627.21,UPI,Transport
2026-03-01,IMPS-922406-FDMATURITYPROCEEDS PVT LTD,97377.24,IMPS,Income
2026-04-17,UPI-MAX HOSPITAL-768460@oksbi,6825.99,UPI,Health & Fitness
2025-09-04,POS 174148 NEFT TRANSFER MUM,14643.54,POS,Transfers & Payments
2026-06-19,NEFT-BSESRAJDHANIPOWER PVT LTD-N419373,3966.13,NEFT,Utilities & Bills
2026-02-17,POS 68136 SONYLIV LTD MUM,299.31,POS,Subscriptions
2025-08-06,UPI-WATER BILL-241062@paytm,691.87,UPI,Utilities & Bills
2025-11-06,ACH-RENT TRANSFER  LTD-759490,27503.74,ACH,Rent
2026-02-28,UPI-TATA PLAY DTH LTD-99907@paytm,517.13,UPI,Utilities & Bills
2025-07-28,UPI-REDBUS-64556@oksbi,1142.41,UPI,Transport
2025-10-06,UPI-PHARME INDIA-193401@okaxis,438.93,UPI,Health & Fitness
2026-04-01,IMPS-877638-RENTTRANSFERLANDLORD,10004.36,IMPS,Rent
2025-09-24,POS 907651 PIZZA H LTD NOIDA,788.64,POS,Dining
2025-11-13,IMPS-300105-ZOMATO INDIA,259.57,IMPS,Dining
2026-03-07,POS 229275 NEFTTRANSFER PVT LTD DEL,17437.04,POS,Transfers & Payments
2026-04-26,UPI-INDRAPRASTHA G LTD-60642@ibl,407.06,UPI,Utilities & Bills
2025-10-29,UPI-SPENCERS -624398@paytm,698.72,UPI,Groceries
2025-10-13,NEFT-UDEMY ONLINE COURSE PVT LTD-N251280,583.43,NEFT,Shopping
2025-12-09,UPI-FAASOS-10767@oksbi,247.33,UPI,Dining
2025-10-18,UPI-AIRTEL P PVT LTD-924653@paytm,806.15,UPI,Utilities & Bills
2026-04-05,UPI-RAPIDO BIKE-847305@upi,84.76,UPI,Transport
2026-06-05,UPI-YOUTUBEPREMIUM LTD-278312@paytm,176.5,UPI,Subscriptions
2026-05-06,UPI-PVRCINEMAS PVT LTD-214487@upi,662.03,UPI,Entertainment
2025-07-27,UPI-NATURESBASKET INDIA-870634@okaxis,303.3,UPI,Groceries
2025-11-12,UPI-RAPIDOBIKE INDIA-579478@upi,69.27,UPI,Transport
2026-06-19,NEFT-SWIGGY-N38778,663.31,NEFT,Dining
2025-07-22,UPI-VODAFONEIDEA-943590@okaxis,186.51,UPI,Utilities & Bills
2026-04-13,UPI-BLINKIT INDIA-651810@upi,121.5,UPI,Groceries
2025-09-29,IMPS-189073-HDFC CREDIT CARD AUTOPAY,14935.6,IMPS,Transfers & Payments
2025-11-05,POS 402124 REDBUS DEL,1432.06,POS,Transport
2025-10-25,UPI-NATURESBASKET LTD-418821@okaxis,431.95,UPI,Groceries
2026-05-25,UPI-PIZZA H-121944@okaxis,319.13,UPI,Dining
2026-05-02,UPI-PHONEPE  INDIA-636656@ibl,366.14,UPI,Transfers & Payments
2025-07-06,IMPS-721221-NEFT INWARD RE,10834.01,IMPS,Income
2026-02-06,UPI-XBOXSTORE PVT LTD-654425@okaxis,2040.29,UPI,Entertainment
2026-06-07,UPI-KFC PVT LTD-582343@ybl,218.4,UPI,Dining
2025-09-28,POS 426800 SONY LIV PVT LTD GZB,785.57,POS,Subscriptions
2026-04-23,UPI-IRCTC PVT LTD-488575@oksbi,730.11,UPI,Transport
2025-09-25,POS 541490 NATURES BASKET PVT LTD GZB,491.0,POS,Groceries
2025-10-24,POS 26611 MAX HOSPITAL LTD DEL,1069.5,POS,Health & Fitness
2026-05-19,UPI-MYNTRA INDIA-519392@oksbi,614.3,UPI,Shopping
2025-08-24,POS 185430 NETFLIX LTD GZB,296.11,POS,Subscriptions
2026-02-23,UPI-AIRTEL PAYMENTS-625377@okaxis,916.19,UPI,Utilities & Bills
2026-03-04,ACH-FD MATURITY PROCEEDS-468574,82448.41,ACH,Income
2025-11-04,UPI-STEAM PURCHASE PVT LTD-804013@apl,1033.73,UPI,Entertainment
2025-11-24,UPI-HOTSTAR PVT LTD-336239@ibl,306.79,UPI,Subscriptions
2026-06-27,POS 428398 BARBEQUENATION INDIA MUM,1447.74,POS,Dining
2026-01-16,POS 993017 CROMA RETAIL DEL,29625.6,POS,Shopping
2025-12-28,UPI-CULTFIT INDIA-895905@apl,938.95,UPI,Health & Fitness
2025-10-21,POS 510232 PLAYSTATIO INDIA DEL,1029.23,POS,Entertainment
2025-09-23,UPI-AMAZON PRIME LTD-653483@ibl,299.87,UPI,Subscriptions
2025-08-12,POS 909959 FASTAG RECHARGE LTD NOIDA,226.42,POS,Transport
2025-12-15,UPI-RELIANCEFRESH INDIA-292773@apl,1376.23,UPI,Groceries
2026-04-03,UPI-MYNTRA PVT LTD-236113@upi,416.95,UPI,Shopping
2025-11-04,POS 652517 HDFCHOMELOANEMI BLR,16138.07,POS,Transfers & Payments
2025-10-20,UPI-AJIO PVT LTD-176939@ibl,1543.12,UPI,Shopping
2025-09-22,POS 607794 BOOKMYSHOW DEL,1321.68,POS,Entertainment
2025-10-10,UPI-ACTFIBERNET LTD-107851@upi,1177.38,UPI,Utilities & Bills
2026-04-07,NEFT-CREDRENTPAYMENT-N450186,18752.21,NEFT,Rent
2026-02-01,UPI-FAASOS-455582@okaxis,253.31,UPI,Dining
2026-02-02,ACH-CRED RENT PAYMENT PVT LTD-646830,23063.72,ACH,Rent
2026-04-30,UPI-TATAPLAYDTH LTD-872084@paytm,338.9,UPI,Utilities & Bills
2026-06-08,UPI-SCALERACADEMY-519317@apl,7640.86,UPI,Shopping
2025-12-22,POS 736244 COURSERA MUM,2926.71,POS,Shopping
2026-01-25,UPI-CROMA R INDIA-678278@upi,10395.32,UPI,Shopping
2026-01-24,UPI-PHARMEASY PVT LTD-697212@ibl,333.84,UPI,Health & Fitness
2026-04-08,UPI-INDRAPRASTHAGAS INDIA-285076@okaxis,469.52,UPI,Utilities & Bills
2026-04-01,UPI-MCDONALDS LTD-201845@ybl,395.49,UPI,Dining
2026-03-26,IMPS-874074-SPENCERS RETAIL,248.99,IMPS,Groceries
2026-06-28,UPI-ZEPTO-58174@ibl,168.28,UPI,Groceries
2025-07-07,UPI-CRED PAYMENT INDIA-502968@oksbi,3924.38,UPI,Transfers & Payments
2026-03-02,NEFT-PHONEPEUPI-N421172,4912.11,NEFT,Transfers & Payments
2026-04-15,UPI-JIO RECHARGE-261247@paytm,413.73,UPI,Utilities & Bills
2026-01-11,POS 902950 RELIANCE DIGI PVT LTD GZB,39226.31,POS,Shopping
2025-08-20,UPI-FASTAG RECHARGE LTD-656900@ybl,256.03,UPI,Transport
2025-08-08,UPI-MCDONALDS INDIA-473387@upi,308.68,UPI,Dining
2025-11-22,UPI-BIGBASKET INDIA-75637@upi,514.42,UPI,Groceries
2025-10-10,POS 953538 SPENCERS  LTD MUM,1088.31,POS,Groceries
2026-05-01,POS 966940 DOMINOS PIZZA MUM,356.07,POS,Dining
2025-11-17,POS 85349 SNITCH INDIA GZB,503.18,POS,Shopping
2025-07-14,UPI-UDEMYONLINECOURSE-616643@paytm,2997.78,UPI,Shopping
2025-09-28,UPI-HOTSTAR PVT LTD-191305@ibl,526.99,UPI,Subscriptions
2026-01-26,UPI-PHARMEASY-900398@ybl,296.84,UPI,Health & Fitness
2026-01-22,POS 39479 INOX LEISURE NOIDA,306.98,POS,Entertainment
2026-01-23,IMPS-690606-BLINKIT,780.22,IMPS,Groceries
2026-01-02,UPI-FLIPKART INDIA-656788@oksbi,2972.41,UPI,Shopping
2025-11-25,UPI-JIOMART-31271@upi,930.23,UPI,Groceries
2025-07-08,UPI-ZEPTO-236615@apl,766.75,UPI,Groceries
2025-09-17,UPI-AJIO-740677@okaxis,935.16,UPI,Shopping
2026-04-09,UPI-BOOKSKHARIDOSTORE LTD-967648@ibl,609.97,UPI,Shopping
2026-01-03,UPI-RENT TRANSFER LANDLORD-281150@apl,10000.13,UPI,Rent
2026-06-03,UPI-PLAYSTAT INDIA-565742@oksbi,916.89,UPI,Entertainment
2025-12-12,UPI-DELHI JAL BOARD LTD-600573@oksbi,232.73,UPI,Utilities & Bills
2026-02-28,UPI-APOLLO PHARMACY INDIA-405832@upi,979.04,UPI,Health & Fitness
2025-07-19,UPI-SPOTIFYINDIA-349121@apl,119.81,UPI,Subscriptions
2025-07-06,IMPS-79463-RENTTRANSFERLANDLORD LTD,14408.43,IMPS,Rent
2026-01-20,UPI-GPAY UPI PVT LTD-894744@upi,14795.53,UPI,Transfers & Payments
2026-03-07,UPI-BLUSMART-648453@paytm,174.8,UPI,Transport
2025-08-16,IMPS-466230-HOTSTA,332.21,IMPS,Subscriptions
2025-07-29,UPI-UBERINDIA PVT LTD-452607@ybl,105.05,UPI,Transport
2025-08-10,UPI-DECATHLON INDIA-650813@upi,761.0,UPI,Shopping
2026-02-06,NEFT-NEFTINWARDREMITTANCE PVT LTD-N700233,1001.68,NEFT,Income
2025-09-19,POS 617113 DRLALPATHLABS PVT LTD MUM,1461.43,POS,Health & Fitness
2025-12-02,UPI-MEESHO INDIA-895787@oksbi,161.94,UPI,Shopping
2026-06-24,UPI-BLUSMART INDIA-288813@paytm,294.12,UPI,Transport
2026-05-07,IMPS-814423-XBOX STORE PVT LTD,2733.62,IMPS,Entertainment
2025-10-06,UPI-INDRAPRASTHA GAS LTD-659765@paytm,1297.75,UPI,Utilities & Bills
2025-07-18,POS 95511 HOTSTAR LTD MUM,427.09,POS,Subscriptions
2026-04-03,UPI-CROMA RETAIL PVT LTD-557639@ibl,33543.88,UPI,Shopping
2025-11-06,IMPS-492081-NOBROKER RENT PAY,28543.27,IMPS,Rent
2026-06-11,POS 384542 MCDONALDS DEL,431.33,POS,Dining
2026-01-05,UPI-WOW MOMO PVT LTD-613955@oksbi,269.09,UPI,Dining
2026-02-27,POS 344939 BAJAJFINSERVEMI GZB,2294.02,POS,Transfers & Payments
2025-12-02,NEFT-CAFE COFFEE DAY-N147566,100.62,NEFT,Dining
2025-10-29,UPI-CAFE COFFEE DAY LTD-408524@oksbi,141.29,UPI,Dining
2025-09-18,UPI-NEFT TRANSFER-875190@oksbi,19572.35,UPI,Transfers & Payments
2026-01-06,UPI-PHONEPEUPI INDIA-997729@ybl,14662.72,UPI,Transfers & Payments
2026-05-27,UPI-FAASOS INDIA-290282@ybl,429.35,UPI,Dining
2025-10-17,UPI-CRED PAYMENT-23394@paytm,18761.85,UPI,Transfers & Payments
2025-10-14,POS 218220 ZEPTO GZB,137.31,POS,Groceries
2026-05-01,ACH-NOBROKERRENTPAY LTD-137306,15836.65,ACH,Rent
2025-07-14,POS 829358 PHARMEASY PVT LTD BLR,618.11,POS,Health & Fitness
2026-02-01,UPI-KFC INDIA-471050@apl,265.54,UPI,Dining
2026-05-11,UPI-TATAPLAYDTH-317282@oksbi,506.94,UPI,Utilities & Bills
2026-02-04,POS 748006 CAFE COFFEE DAY INDIA NOIDA,101.62,POS,Dining
2025-09-03,UPI-EATCLUB-575993@upi,187.01,UPI,Dining
2026-03-16,UPI-NEFT TRANSFER-832621@upi,1641.44,UPI,Transfers & Payments
2025-10-19,UPI-AMAZON  INDIA-356395@apl,545.79,UPI,Subscriptions
2025-12-08,UPI-AJIO PVT LTD-161053@upi,3040.89,UPI,Shopping
2025-08-19,UPI-SWIGGY PVT LTD-852201@ybl,361.45,UPI,Dining
2026-06-09,UPI-DELHIJALBOARD PVT LTD-917043@upi,731.44,UPI,Utilities & Bills
2026-05-04,IMPS-606991-FLIPKART,1435.84,IMPS,Shopping
2025-08-25,UPI-CAFECOFFEEDAY-386415@paytm,274.47,UPI,Dining
2026-05-15,POS 28529 ACT FIBERNET GZB,1390.56,POS,Utilities & Bills
2025-10-03,NEFT-NOBROKER RENT PAY PVT LTD-N967302,12309.62,NEFT,Rent
2026-01-22,UPI-DOMINOSPIZZA-97214@upi,404.78,UPI,Dining
2026-01-06,UPI-INDIANOILPETROL PVT LTD-815571@ibl,1388.71,UPI,Transport
2026-05-01,NEFT-NEFT INWARD REMITTANCE PVT LTD-N465637,9325.09,NEFT,Income
2025-10-19,UPI-SCALER ACADEMY-362939@oksbi,5307.41,UPI,Shopping
2026-06-07,UPI-YOUTUBEPREMIUM LTD-415463@ibl,129.18,UPI,Subscriptions
2025-11-08,POS 9105 BIGBASKET NOIDA,1571.86,POS,Groceries
2025-10-26,UPI-MORE SUPERM-417359@apl,915.81,UPI,Groceries
2025-12-08,NEFT-SCALER ACADEMY-N425068,17584.72,NEFT,Shopping
2025-12-14,UPI-AJIO-483446@apl,1874.24,UPI,Shopping
2025-11-02,POS 83467 REDBUS NOIDA,1460.94,POS,Transport
2025-09-25,UPI-PVRCINEMAS-557379@ibl,333.84,UPI,Entertainment
2026-05-27,POS 108798 CULTFIT LTD BLR,663.8,POS,Health & Fitness
2026-06-01,POS 487490 ZEPTO INDIA GZB,561.93,POS,Groceries
2026-05-18,POS 72603 UDEMYONLINECOURSE INDIA NOIDA,908.42,POS,Shopping
2025-12-28,UPI-DELHI METR INDIA-474866@paytm,20.42,UPI,Transport
2026-05-05,NEFT-RENT TRANSFER-N582242,28211.15,NEFT,Rent
2026-04-19,UPI-BOOKMYSHOW PVT LTD-635394@oksbi,526.78,UPI,Entertainment
2025-12-23,UPI-CRED PAYMENT-530057@upi,1378.41,UPI,Transfers & Payments
2026-03-26,IMPS-391963-NATURES PVT LTD,1732.43,IMPS,Groceries
2025-07-27,POS 70113 BLUSMART PVT LTD MUM,154.02,POS,Transport
2026-06-02,UPI-HOTSTAR-916700@ybl,432.36,UPI,Subscriptions
2025-12-06,NEFT-VODAFONE IDEA INDIA-N136215,449.96,NEFT,Utilities & Bills
2026-05-26,UPI-PHONEPE UPI LTD-703667@upi,13774.74,UPI,Transfers & Payments
2025-08-17,NEFT-XBOX STORE INDIA-N534188,958.22,NEFT,Entertainment
2025-12-22,IMPS-202332-RAPIDO BIKE INDIA,48.21,IMPS,Transport
2025-08-21,UPI-SWIGGY PVT LTD-919964@apl,417.93,UPI,Dining
2026-06-20,UPI-VODAFONE IDEA LTD-757215@oksbi,150.62,UPI,Utilities & Bills
2026-05-09,IMPS-246369-IRCTC INDIA,927.37,IMPS,Transport
2025-10-08,NEFT-INDIANOILPETROL-N462999,1032.87,NEFT,Transport
2026-01-31,UPI-MORE SUPERMARKET LTD-841181@ibl,224.9,UPI,Groceries
2026-04-10,POS 893512 NATURES BASKET DEL,438.14,POS,Groceries
2026-03-20,UPI-DRLALPATHLABS INDIA-97168@ybl,2134.21,UPI,Health & Fitness
2025-07-04,IMPS-86569-ASPECT RA INDIA,55622.38,IMPS,Income
2026-05-29,POS 145283 SWIGGY LTD DEL,184.19,POS,Dining
2026-06-04,ACH-CRED R-20927,11309.94,ACH,Rent
2025-08-07,IMPS-128767-CREDRENTPAYMENT PVT LTD,10045.6,IMPS,Rent
2026-03-13,UPI-SCALER ACADEMY-663652@ibl,13266.99,UPI,Shopping
2026-05-11,UPI-INOXLEISURE-437802@ybl,697.25,UPI,Entertainment
2026-03-27,UPI-HALDIR INDIA-916754@oksbi,100.76,UPI,Dining
2025-07-09,UPI-BLUSMART-362551@ybl,391.74,UPI,Transport
2025-12-18,UPI-AMAZONPRIME PVT LTD-573536@okaxis,1093.16,UPI,Subscriptions
2026-03-03,IMPS-67165-NATURES BASKET LTD,1171.62,IMPS,Groceries
2025-07-23,UPI-HDFC HOME LOAN EMI-331926@okaxis,20312.4,UPI,Transfers & Payments
2025-07-19,UPI-NEFT TRANSFER LTD-301009@okaxis,37420.86,UPI,Transfers & Payments
2025-09-02,UPI-FAASOS INDIA-933694@oksbi,302.33,UPI,Dining
2025-10-04,IMPS-970209-IMPS INWARD P2P PVT LTD,6538.89,IMPS,Income
2025-08-10,POS 309036 BLINKI MUM,109.47,POS,Groceries
2026-05-05,UPI-DELHI METRO RAIL LTD-724270@oksbi,36.07,UPI,Transport
2026-02-08,UPI-HALDIRAM-79686@upi,262.57,UPI,Dining
2025-09-12,IMPS-37489-RAPIDO BIKE INDIA,42.55,IMPS,Transport
2026-04-17,UPI-RELIANCEFRESH LTD-713048@oksbi,1370.35,UPI,Groceries
2026-03-29,UPI-OLACABS PVT LTD-682113@okaxis,106.17,UPI,Transport
2026-03-23,UPI-BURGERKING-124481@okaxis,390.23,UPI,Dining
2025-11-24,IMPS-210902-PVR CINEMAS INDIA,313.54,IMPS,Entertainment
2026-02-01,ACH-NOBROKER RENT PAY PVT LTD-701280,12414.09,ACH,Rent
2025-12-01,UPI-WOW MOMO LTD-833250@okaxis,164.71,UPI,Dining
2025-10-30,POS 379427 MCDONALDS GZB,297.38,POS,Dining
2025-08-14,UPI-NYKAA INDIA-752759@upi,804.06,UPI,Shopping
2025-08-07,POS 674540 INTERVIEWBIT PVT LTD DEL,1809.91,POS,Shopping
2026-04-09,UPI-HOTSTAR LTD-806077@ybl,523.59,UPI,Subscriptions
2026-03-02,NEFT-ASPECTRATIOSALARY LTD-N339334,84949.39,NEFT,Income
2025-08-10,POS 288782 JIOMART BLR,964.11,POS,Groceries
2025-09-25,UPI-NETFLIX-162684@ybl,394.27,UPI,Subscriptions
2026-04-15,UPI-PLAYSTATIONSTORE-86168@paytm,3649.09,UPI,Entertainment
2026-04-19,POS 933180 DR LAL INDIA GZB,618.17,POS,Health & Fitness
2026-06-16,UPI-CRED PAYM-723063@paytm,1237.19,UPI,Transfers & Payments
2026-05-07,UPI-SCALERACADEMY PVT LTD-770864@apl,7982.02,UPI,Shopping
2025-08-24,UPI-BLUSMART INDIA-129473@okaxis,240.96,UPI,Transport
2026-01-13,UPI-ZOMATO INDIA-261330@apl,755.05,UPI,Dining
2025-09-20,UPI-CULTFIT INDIA-922777@okaxis,1118.44,UPI,Health & Fitness
2025-11-01,UPI-BARBEQUENATION PVT LTD-52021@paytm,974.16,UPI,Dining
2025-07-05,UPI-TATA PLAY DTH INDIA-141440@okaxis,564.63,UPI,Utilities & Bills
2025-07-27,UPI-CULTFIT LTD-381133@ibl,708.23,UPI,Health & Fitness
2025-11-21,POS 714449 INDIAN OIL PETROL GZB,535.29,POS,Transport
2025-12-21,UPI-PAYTM UPI PVT LTD-792638@ybl,888.52,UPI,Transfers & Payments
2025-09-09,UPI-FLIPKART INDIA-545559@oksbi,306.48,UPI,Shopping
2026-05-03,IMPS-776232-NEFTINWARDREMITTANCE,14489.58,IMPS,Income
2026-03-30,POS 856374 DELHI JAL  INDIA DEL,281.41,POS,Utilities & Bills
2026-06-18,UPI-SONY LIV-498643@okaxis,953.66,UPI,Subscriptions
2026-04-25,POS 813233 MAX HOSPIT NOIDA,707.46,POS,Health & Fitness
2026-06-24,UPI-NFLX*NETFLIX-463462@okaxis,277.92,UPI,Subscriptions
2026-05-10,UPI-CROMA RETAIL-741058@ybl,11492.26,UPI,Shopping
2025-12-08,UPI-TATA PLAY DTH INDIA-957431@ibl,358.59,UPI,Utilities & Bills
2025-10-07,UPI-DELHI METRO RAIL PVT LTD-586196@okaxis,26.57,UPI,Transport
2026-06-26,POS 333441 PHONEPEUPI INDIA NOIDA,2521.11,POS,Transfers & Payments
2026-04-20,UPI-PHONEPE UPI INDIA-940272@oksbi,13427.86,UPI,Transfers & Payments
2025-11-25,UPI-HDFC CREDIT CARD AUTOPAY-364188@oksbi,12466.59,UPI,Transfers & Payments
2026-04-02,UPI-PVRCINEMAS-730988@okaxis,316.96,UPI,Entertainment
2025-07-26,UPI-YOUTUBE PREMIUM-237633@upi,132.25,UPI,Subscriptions
2025-08-21,POS 6433 HALDIRAM LTD GZB,482.52,POS,Dining
2026-03-01,NEFT-FAASOS PVT LTD-N337768,146.88,NEFT,Dining
2026-04-20,UPI-PIZZAHUT-958590@ybl,404.78,UPI,Dining
2026-03-02,IMPS-920331-RENT TRANSFER LANDLORD PVT LTD,10028.07,IMPS,Rent
2025-12-19,UPI-FASTAGRECHARGE-550787@oksbi,832.63,UPI,Transport
2025-10-07,UPI-WOW MOMO PVT LTD-171387@upi,152.65,UPI,Dining
2025-12-20,UPI-ZEPTO-708160@apl,129.85,UPI,Groceries
2026-03-21,POS 702765 ACTFIBERNET INDIA DEL,727.32,POS,Utilities & Bills
2025-07-04,NEFT-HALDIRAM LTD-N469436,327.26,NEFT,Dining
2026-04-20,UPI-PHONEPEUPI PVT LTD-727420@ybl,176.8,UPI,Transfers & Payments
2026-06-17,UPI-KFC-670737@okaxis,267.54,UPI,Dining
2026-02-18,UPI-ZEPTO-392774@oksbi,494.18,UPI,Groceries
2025-10-07,ACH-FDMATURITYPROCEEDS-916548,65795.73,ACH,Income
2025-08-09,POS 65758 DELHI JAL BOARD GZB,689.12,POS,Utilities & Bills
2025-12-15,UPI-JIOMART INDIA-122886@upi,371.72,UPI,Groceries
2026-02-14,POS 139353 AIRTEL PAYMENTS INDIA GZB,295.69,POS,Utilities & Bills
2025-12-05,UPI-DELHI JAL BOARD INDIA-267817@apl,200.01,UPI,Utilities & Bills
2025-12-24,UPI-BLINKIT-64182@paytm,975.22,UPI,Groceries
2025-09-08,UPI-SNITCH INDIA-393650@oksbi,902.37,UPI,Shopping
2025-08-06,IMPS-140449-IMPS INWARD P2P,4557.51,IMPS,Income
2026-01-18,IMPS-793911-RAPIDO ,40.08,IMPS,Transport
2026-01-11,UPI-HP PETROL PUMP LTD-484000@okaxis,560.16,UPI,Transport
2026-06-04,UPI-BLINKI LTD-217092@paytm,109.16,UPI,Groceries
2025-07-25,POS 422805 EATCLUB NOIDA,169.22,POS,Dining
2025-11-26,UPI-SWIGGYINSTAMART-335394@ibl,525.38,UPI,Groceries
2025-09-12,UPI-HOTSTAR-232780@oksbi,407.36,UPI,Subscriptions
2025-09-28,POS 583851 EATCLUB INDIA NOIDA,150.77,POS,Dining
2025-12-11,POS 157466 REDBUS INDIA MUM,598.41,POS,Transport
2025-10-24,UPI-STEAMPURCHASE LTD-845917@oksbi,2559.23,UPI,Entertainment
2025-09-07,UPI-ACTFIBERNET PVT LTD-214214@okaxis,1034.58,UPI,Utilities & Bills
2026-04-06,NEFT-INTEREST CREDIT SB AC-N282502,370.29,NEFT,Income
2025-10-05,POS 760489 JIO RECHARGE GZB,189.03,POS,Utilities & Bills
2025-07-08,UPI-RELIANCEFRESH LTD-778493@paytm,925.18,UPI,Groceries
2026-06-26,POS 579897 PVRCINEMAS LTD MUM,841.28,POS,Entertainment
2025-12-05,UPI-HPPETROLPUMP-926695@oksbi,1042.9,UPI,Transport
2025-12-11,POS 329122 NETMEDS PVT LTD NOIDA,152.19,POS,Health & Fitness
2025-07-03,ACH-CRED RENT PAYMENT-608275,20368.34,ACH,Rent
2026-01-11,UPI-BIGBASKET LTD-524555@ibl,1299.87,UPI,Groceries
2026-03-08,POS 484214 HOTSTAR INDIA BLR,943.35,POS,Subscriptions
2026-03-08,POS 673985 RAPIDOBIKE DEL,83.92,POS,Transport
2025-07-04,NEFT-RENTTRANSFERLANDLORD LTD-N72269,20001.78,NEFT,Rent
2025-07-31,UPI-WOW MOMO-958089@oksbi,208.66,UPI,Dining
2025-07-07,UPI-WOWMOMO PVT LTD-562762@okaxis,100.07,UPI,Dining
2025-09-30,POS 550857 CULTFIT BLR,645.16,POS,Health & Fitness
2025-11-14,POS 392172 HOTSTAR NOIDA,551.81,POS,Subscriptions
2025-08-11,UPI-BIGBASKET-99042@oksbi,702.07,UPI,Groceries
2026-06-25,UPI-JIORECHARGE INDIA-887392@oksbi,502.52,UPI,Utilities & Bills
2025-07-22,POS 499598 OLACABS MUM,80.91,POS,Transport
2026-04-15,POS 974882 KFC LTD MUM,200.12,POS,Dining
2026-06-30,POS 314814 ZEPTO BLR,354.44,POS,Groceries
2026-04-03,POS 829897 ACTFIBERNET LTD DEL,900.63,POS,Utilities & Bills
2025-10-27,UPI-HDFC HOME LOAN EMI PVT LTD-635565@apl,22536.61,UPI,Transfers & Payments
2025-11-17,UPI-INDRAPRASTHA GAS INDIA-515435@ybl,539.26,UPI,Utilities & Bills
2026-04-26,UPI-PAYTM UPI-810676@ibl,1836.26,UPI,Transfers & Payments
2025-09-17,UPI-BLINKIT LTD-776584@oksbi,190.26,UPI,Groceries
2026-02-13,NEFT-ZOMATO PVT LTD-N108197,133.7,NEFT,Dining
2026-03-20,UPI-NATURE-372106@ibl,314.72,UPI,Groceries
2025-07-07,POS 818018 INDRAPRASTHAGAS INDIA DEL,977.94,POS,Utilities & Bills
2025-09-25,UPI-BSES RAJDHANI POWER LTD-146584@okaxis,817.38,UPI,Utilities & Bills
2025-11-19,UPI-MYNTRA-379666@okaxis,3609.6,UPI,Shopping
2025-10-09,UPI-STEAM P PVT LTD-8096@oksbi,597.99,UPI,Entertainment
2026-02-11,POS 143736 AMAZONPRIME MUM,422.39,POS,Subscriptions
2025-09-29,UPI-SBI PERSONAL LOAN EMI PVT LTD-306605@upi,9829.66,UPI,Transfers & Payments
2025-11-21,UPI-RELIANCE DIGITAL INDIA-383746@paytm,34881.22,UPI,Shopping
2026-04-08,UPI-JIOMART INDIA-989780@upi,374.72,UPI,Groceries
2026-01-26,POS 665100 PHARMEASY LTD MUM,229.08,POS,Health & Fitness
2026-01-10,UPI-APPLEMUSIC-503514@ibl,115.06,UPI,Subscriptions
2026-01-01,UPI-INTERVIEWBIT-623665@upi,4344.52,UPI,Shopping
2025-12-29,POS 47448 MCDONALDS GZB,585.37,POS,Dining
2025-12-17,IMPS-112090-SONY LIV INDIA,299.08,IMPS,Subscriptions
2026-04-12,POS 232768 JIOMART NOIDA,537.94,POS,Groceries
2025-07-13,UPI-NYKAA INDIA-966264@paytm,329.64,UPI,Shopping
2025-12-23,UPI-HDFC CREDIT -507384@okaxis,7988.08,UPI,Transfers & Payments
2025-12-01,UPI-SCALERACADEMY-24682@apl,7942.56,UPI,Shopping
2025-11-02,UPI-PIZZA  PVT LTD-588044@oksbi,851.19,UPI,Dining
2025-10-04,UPI-MORE SUPERMARKET INDIA-415798@paytm,906.86,UPI,Groceries
2026-02-04,ACH-IMPSINWARDP2P LTD-216780,1236.02,ACH,Income
2026-04-01,UPI-BOOKMYSHOW PVT LTD-207647@oksbi,216.88,UPI,Entertainment
2026-05-24,UPI-SONYLIV INDIA-642003@oksbi,540.2,UPI,Subscriptions
2026-06-10,UPI-INDIAN OIL PETROL PVT LTD-964308@ibl,1370.75,UPI,Transport
2025-12-04,UPI-HOTSTAR PVT LTD-728120@ybl,612.13,UPI,Subscriptions
2026-02-02,UPI-NYKAA-728117@upi,2205.62,UPI,Shopping
2025-09-10,UPI-ZEPTO INDIA-650498@paytm,699.3,UPI,Groceries
2026-01-13,UPI-CRED PAYMENT-685793@oksbi,5438.03,UPI,Transfers & Payments
2025-08-12,UPI-SCALER ACADEMY LTD-307278@paytm,6888.6,UPI,Shopping
2026-04-16,POS 577429 VODAFONE IDEA INDIA GZB,159.89,POS,Utilities & Bills
2026-01-04,UPI-PIZZA  INDIA-573892@ybl,887.79,UPI,Dining
2025-11-30,POS 472578 FAASOS MUM,160.1,POS,Dining
2025-08-30,POS 221073 NETMEDS LTD GZB,648.65,POS,Health & Fitness
2025-09-05,IMPS-854047-CREDRENTPAYMENT LTD,10856.51,IMPS,Rent
2026-05-02,UPI-HALDIRA PVT LTD-304387@ibl,128.59,UPI,Dining
2025-09-07,NEFT-CRED RENT PAYMENT-N291794,25035.43,NEFT,Rent
2026-06-30,UPI-DOMINOSPIZZA LTD-799462@apl,501.51,UPI,Dining
2026-01-09,UPI-MEESHO INDIA-541659@upi,231.28,UPI,Shopping
2026-03-07,UPI-GPAYUPI-912115@apl,14382.08,UPI,Transfers & Payments
2026-06-23,UPI-CAFECOFFEEDAY-835328@ibl,147.45,UPI,Dining
2025-12-13,UPI-SBI PERSONAL LOAN EMI PVT LTD-574896@ibl,5170.55,UPI,Transfers & Payments
2025-07-01,NEFT-NOBROKER RENT PAY INDIA-N18072,10308.7,NEFT,Rent
2025-07-04,IMPS-925998-NOBROKERRENTPAY LTD,18449.93,IMPS,Rent
2026-01-01,UPI-KFC PVT LTD-697787@upi,213.7,UPI,Dining
2025-10-28,POS 2139 DELHI M BLR,49.55,POS,Transport
2026-02-13,UPI-MCDONALDS PVT LTD-857800@paytm,589.4,UPI,Dining
2025-10-26,UPI-NYKAA-109214@okaxis,597.22,UPI,Shopping
2025-09-07,POS 72734 REDBUS LTD GZB,844.22,POS,Transport
2025-10-18,UPI-VODAFONE IDEA LTD-965578@oksbi,471.62,UPI,Utilities & Bills
2025-08-21,UPI-CROMARETAIL-619213@upi,6751.74,UPI,Shopping
2025-11-04,POS 261221 GPAYUPI GZB,7287.88,POS,Transfers & Payments
2026-06-19,POS 216425 INOXLEISURE PVT LTD GZB,631.52,POS,Entertainment
2025-07-28,UPI-MORE SUPERMARKET LTD-519927@oksbi,216.52,UPI,Groceries
2025-07-07,UPI-MYNTRA PVT LTD-139394@oksbi,3067.6,UPI,Shopping
2025-09-27,UPI-INDRAPRASTHA GAS-18500@ibl,405.02,UPI,Utilities & Bills
2026-01-20,NEFT-SWIGGY INSTAMA INDIA-N445150,667.17,NEFT,Groceries
2025-09-17,UPI-WOWMOMO PVT LTD-83860@ibl,312.03,UPI,Dining
2026-01-17,UPI-HDFC CREDIT CARD AUTOPAY-326236@upi,7210.67,UPI,Transfers & Payments
2025-08-14,UPI-SBI PERSONAL LOAN EMI-476394@ibl,8706.77,UPI,Transfers & Payments
2026-06-28,UPI-RAPIDOBIKE-172790@oksbi,185.32,UPI,Transport
2025-09-03,UPI-TATA POWER DDL PVT LTD-769538@paytm,2582.87,UPI,Utilities & Bills
2026-03-26,UPI-PIZZAHUT-659015@paytm,447.7,UPI,Dining
2026-04-17,UPI-FKRT*FLIPKART LTD-268508@apl,250.83,UPI,Shopping
2026-03-18,UPI-AIRTELPAYMENTS-257430@paytm,338.18,UPI,Utilities & Bills
2025-07-19,UPI-RAPIDO BIKE INDIA-236421@okaxis,49.86,UPI,Transport
2025-08-05,IMPS-707033-INTERESTCREDITSBAC,1645.65,IMPS,Income
2026-01-22,IMPS-909100-JIOMART INDIA,435.49,IMPS,Groceries
2026-04-04,NEFT-NOBROKERRENTPAY LTD-N306759,16357.56,NEFT,Rent
2026-01-05,UPI-FASTAG RECHARGE INDIA-811143@apl,230.55,UPI,Transport
2025-07-04,NEFT-NEFTINWARDREMITTANCE-N364251,8684.02,NEFT,Income
2025-07-01,IMPS-891247-BOOKMYSHOW INDIA,908.2,IMPS,Entertainment
2025-10-30,UPI-IRCTC LTD-747221@okaxis,319.04,UPI,Transport
2026-06-03,IMPS-609982-FD MATURITY PROCE,10822.15,IMPS,Income
2026-04-17,UPI-BARBEQUENATION LTD-249273@okaxis,949.86,UPI,Dining
2025-12-15,POS 245959 REDBUS PVT LTD DEL,1646.41,POS,Transport
2025-09-18,UPI-PIZZAHUT INDIA-489694@okaxis,399.15,UPI,Dining
2026-02-23,UPI-BSESRAJDHANIPOWER-95813@ybl,2782.74,UPI,Utilities & Bills
2025-12-15,UPI-FASTAGRECHARGE LTD-374023@oksbi,410.91,UPI,Transport
2025-09-28,POS 897114 HOTSTAR INDIA NOIDA,669.9,POS,Subscriptions
2025-09-10,UPI-AIRTELPAYMENTS-871708@apl,969.62,UPI,Utilities & Bills
2026-05-19,UPI-BARBEQUE NATION-611610@ibl,947.37,UPI,Dining
2025-10-10,IMPS-849611-APOLLO PHARMACY INDIA,123.22,IMPS,Health & Fitness
2025-07-04,NEFT-INTERESTCREDITSBAC-N455197,1382.82,NEFT,Income
2026-02-04,UPI-UBERINDIA LTD-953426@ybl,111.76,UPI,Transport
2026-05-14,UPI-NYKAA PVT LTD-524125@oksbi,2014.46,UPI,Shopping
2025-09-09,UPI-MYNTRA-834456@paytm,3924.11,UPI,Shopping
2026-03-06,UPI-CULTFIT-527797@okaxis,877.1,UPI,Health & Fitness
2025-07-16,UPI-RELIANCE FRESH PVT LTD-62437@apl,1478.07,UPI,Groceries
2025-09-20,IMPS-280473-WATERBILL LTD,370.89,IMPS,Utilities & Bills
2025-10-21,POS 373039 APOLLO PHARMACY INDIA BLR,143.42,POS,Health & Fitness
2025-07-15,NEFT-INDRAPRASTHA GAS PVT LTD-N994587,754.45,NEFT,Utilities & Bills
2026-03-10,POS 40807 MCDONA INDIA DEL,151.42,POS,Dining
2025-07-01,UPI-JIORECHARGE-212250@apl,163.47,UPI,Utilities & Bills
2025-09-14,UPI-INOX LEISURE LTD-812982@paytm,944.88,UPI,Entertainment
2026-06-06,UPI-RENTTRANSFERLANDLORD-353909@okaxis,12081.46,UPI,Rent
2026-03-07,POS 742535 PAYTM UPI LTD GZB,9672.42,POS,Transfers & Payments
2026-04-28,UPI-GPAY UPI INDIA-322727@upi,9533.2,UPI,Transfers & Payments
2026-06-25,UPI-BURGER KING INDIA-893083@apl,522.63,UPI,Dining
2026-05-10,UPI-EATCLUB-110167@oksbi,156.92,UPI,Dining
2025-12-11,UPI-PVRCINEMAS-862574@upi,704.04,UPI,Entertainment
2025-11-13,UPI-INOXLEISURE-368506@okaxis,857.46,UPI,Entertainment
2026-01-31,UPI-BOOKMYSHOW INDIA-518033@oksbi,360.37,UPI,Entertainment
2026-04-22,POS 171557 INDIAN OIL PETROL LTD NOIDA,513.58,POS,Transport
2025-12-03,NEFT-NOBROKER RENT PAY-N359411,10578.72,NEFT,Rent
2025-08-17,UPI-OLACABS-937615@oksbi,288.46,UPI,Transport
2026-02-08,UPI-DECATHLON-348177@ybl,4772.54,UPI,Shopping
2025-11-30,POS 412987 MEESHO GZB,467.24,POS,Shopping
2026-02-04,UPI-FKRT*FLIPKART-504660@ybl,245.15,UPI,Shopping
2026-02-28,IMPS-824002-DMART PVT LTD,894.95,IMPS,Groceries
2026-04-05,UPI-MEESHO PVT LTD-929506@oksbi,293.28,UPI,Shopping
2025-11-12,UPI-MEESHO PVT LTD-592655@paytm,173.98,UPI,Shopping
2025-12-24,UPI-BOOKMYSHOW INDIA-794202@ibl,267.29,UPI,Entertainment
2026-01-31,POS 601534 BARBEQUE NATION INDIA BLR,1299.02,POS,Dining
2026-04-19,UPI-BURGER KING-711446@ibl,158.7,UPI,Dining
2025-09-24,UPI-CRED PAYMENT LTD-133315@paytm,5787.77,UPI,Transfers & Payments
2026-05-18,UPI-PAYTMUPI-271413@okaxis,16608.34,UPI,Transfers & Payments
2026-01-05,NEFT-ASPECTRATIOSALARY PVT LTD-N899235,53051.48,NEFT,Income
2026-05-16,POS 118984 AMAZON PAY INDIA INDIA NOIDA,307.49,POS,Shopping
2025-08-21,POS 818411 WATER BILL DEL,570.44,POS,Utilities & Bills
2025-11-04,IMPS-639543-NOBROKER RENT PAY,14475.46,IMPS,Rent
2026-05-08,UPI-MORE SUPERMARKET INDIA-41666@oksbi,1228.74,UPI,Groceries
2026-03-01,UPI-IRCTC PVT LTD-22215@okaxis,1769.86,UPI,Transport
2026-06-22,POS 141913 DELHI METRO RAIL LTD MUM,143.38,POS,Transport
2026-01-30,UPI-UDEMY ONLINE COURSE-198064@oksbi,516.18,UPI,Shopping
2026-01-08,POS 830937 NETMEDS BLR,154.52,POS,Health & Fitness
2026-03-26,UPI-STEAM PURCHASE-183176@ybl,2368.04,UPI,Entertainment
2026-02-19,UPI-SWIGGYINSTAMART PVT LTD-739862@ybl,228.82,UPI,Groceries
2025-09-02,UPI-PRACTO LTD-391559@oksbi,476.44,UPI,Health & Fitness
2025-12-27,UPI-NATURESBASKET PVT LTD-786342@apl,1106.68,UPI,Groceries
2026-04-19,UPI-MORE SUPERMARKET LTD-899746@ybl,744.83,UPI,Groceries
2026-03-20,POS 498126 HOTSTAR BLR,801.91,POS,Subscriptions
2026-05-08,UPI-JIO RECHARGE PVT LTD-748362@upi,500.15,UPI,Utilities & Bills
2026-02-21,POS 317822 LEETCODEPREMIUM INDIA GZB,9634.63,POS,Shopping
2026-06-05,UPI-OLA CABS PVT LTD-589730@upi,228.08,UPI,Transport
2025-12-20,UPI-BLINKIT PVT LTD-904339@okaxis,161.38,UPI,Groceries
2025-09-15,UPI-XBOX S-845554@apl,2753.26,UPI,Entertainment
2025-07-14,POS 273028 INDRAPRASTHA GAS PVT LTD NOIDA,580.07,POS,Utilities & Bills
2026-04-19,POS 762842 PLAYSTATION STORE PVT LTD BLR,2148.61,POS,Entertainment
2026-06-09,NEFT-SONYLIV PVT LTD-N887486,319.23,NEFT,Subscriptions
2025-08-19,UPI-YOUTUBE PR-800977@ybl,182.8,UPI,Subscriptions
2025-12-02,NEFT-ASPECT RATIO SALARY PVT LTD-N441897,74843.46,NEFT,Income
2026-02-23,UPI-DELHI METRO RAIL INDIA-57284@apl,72.32,UPI,Transport
2025-10-08,UPI-WATER BI INDIA-556575@okaxis,302.39,UPI,Utilities & Bills
2025-10-03,ACH-RENT TRANSFER L INDIA-151181,12001.97,ACH,Rent
2026-05-20,UPI-BOOKMYSHOW PVT LTD-666320@paytm,200.03,UPI,Entertainment
2025-09-20,UPI-ZEPTO LTD-645328@oksbi,421.05,UPI,Groceries
2025-07-20,UPI-INDIAN OIL -936336@okaxis,1932.05,UPI,Transport
2026-05-17,POS 728213 JIO RECHARGE LTD MUM,231.79,POS,Utilities & Bills
2025-09-24,UPI-WOWMOMO-313687@okaxis,151.97,UPI,Dining
2026-06-17,UPI-DELHI JAL BOARD PVT LTD-946169@oksbi,277.44,UPI,Utilities & Bills
2025-10-23,UPI-MORE SUPERMARKET LTD-222449@upi,200.62,UPI,Groceries
2026-05-30,UPI-AJIO INDIA-920123@upi,602.83,UPI,Shopping
2025-07-25,UPI-JIO RECHARGE-51578@upi,160.4,UPI,Utilities & Bills
2026-02-28,UPI-AJIO LTD-729961@upi,1631.61,UPI,Shopping
2025-11-16,POS 440170 OLA CABS LTD DEL,189.92,POS,Transport
2025-08-24,UPI-HOTSTA PVT LTD-872889@ibl,1435.35,UPI,Subscriptions
2025-07-21,UPI-REDBUS INDIA-347663@ybl,400.01,UPI,Transport
2026-06-08,POS 79693 NETFLI DEL,567.38,POS,Subscriptions
2025-11-29,IMPS-105657-SONYLIV,761.88,IMPS,Subscriptions
2026-06-03,UPI-NOBROKE-893596@apl,25852.4,UPI,Rent
2025-09-26,POS 653011 DOMINOSPIZZA INDIA MUM,674.45,POS,Dining
2026-01-22,UPI-HALDIRA PVT LTD-877303@oksbi,290.39,UPI,Dining
2025-09-24,UPI-INTERVIEWBIT-989248@apl,1101.63,UPI,Shopping
2026-06-13,POS 818012 BOOKS KHARIDO S INDIA MUM,748.51,POS,Shopping
2026-03-04,ACH-CREDRENTPAYMENT INDIA-463094,10042.27,ACH,Rent
2026-06-13,UPI-RELIANCE FR-759931@ibl,265.22,UPI,Groceries
2026-06-18,UPI-GPAY UPI-454873@upi,10607.66,UPI,Transfers & Payments
2026-04-12,UPI-LEETCODE PREMIUM-58216@paytm,6846.6,UPI,Shopping
2025-09-23,POS 337208 CAFECOFFEEDAY INDIA BLR,132.85,POS,Dining
2026-05-26,UPI-JIOMART LTD-83659@oksbi,635.42,UPI,Groceries
2026-02-14,POS 782439 AIRTELPAYMENTS INDIA DEL,157.96,POS,Utilities & Bills
2026-05-06,POS 934348 AMAZON PAY INDIA PVT LTD GZB,1717.85,POS,Shopping
2026-01-03,IMPS-886331-SONY LIV LTD,443.57,IMPS,Subscriptions
2026-06-02,UPI-WATERBILL INDIA-120562@paytm,545.94,UPI,Utilities & Bills
2026-05-21,UPI-RELIANCE FRESH PVT LTD-575295@ibl,381.73,UPI,Groceries
2026-01-26,UPI-DOMINOSPIZZA-206438@ybl,258.02,UPI,Dining
2025-10-06,IMPS-49759-RENTTRANSFERLANDLORD INDIA,27172.73,IMPS,Rent
2026-02-04,NEFT-CRED RENT PAYMENT-N142176,28580.32,NEFT,Rent
2026-02-07,UPI-BURGER KING INDIA-970273@ibl,394.04,UPI,Dining
2025-09-01,NEFT-FDMATURITYPROCEEDS-N636605,80123.68,NEFT,Income
2026-05-08,UPI-LEETCODE PREMIUM LTD-287886@oksbi,12249.38,UPI,Shopping
2025-09-09,POS 885027 CRED PAYME PVT LTD GZB,22354.12,POS,Transfers & Payments
2025-10-11,UPI-PLAYSTATIONSTORE PVT LTD-720964@okaxis,3470.08,UPI,Entertainment
2025-09-30,POS 798730 BURGER K MUM,276.46,POS,Dining
2026-03-31,POS 848568 ACTFIBERNET INDIA DEL,918.6,POS,Utilities & Bills
2025-07-29,UPI-DOMINOSPIZZA LTD-301538@upi,284.53,UPI,Dining
2025-10-07,UPI-CRED RENT P INDIA-108458@ibl,25069.71,UPI,Rent
2026-04-14,POS 823405 PVRCINEMAS MUM,732.14,POS,Entertainment
2026-06-16,UPI-BARBEQUENATION-57415@paytm,2016.7,UPI,Dining
2026-05-21,POS 792787 NATURES BASKET PVT LTD GZB,807.94,POS,Groceries
2025-09-29,UPI-BSES RAJDHANI POWER-197059@ybl,2391.2,UPI,Utilities & Bills
2026-04-11,UPI-ZOMATO LTD-613353@apl,170.73,UPI,Dining
2025-12-13,UPI-RAPIDO BIKE-885096@upi,54.51,UPI,Transport
2026-06-28,UPI-PRACTO LTD-193800@ibl,302.32,UPI,Health & Fitness
2026-01-23,UPI-INTERVIEWBIT LTD-927308@ybl,2760.05,UPI,Shopping
2026-05-13,UPI-DELHI METRO RA-121294@upi,35.56,UPI,Transport
2025-11-02,NEFT-SPENCERS RETAIL PVT LTD-N400898,1290.61,NEFT,Groceries
2025-11-22,UPI-PAYTMUPI-863043@apl,2897.81,UPI,Transfers & Payments
2025-11-29,UPI-NETMEDS LTD-336872@ibl,157.12,UPI,Health & Fitness
2025-07-04,UPI-PIZZA HUT LTD-703897@upi,659.06,UPI,Dining
2025-10-05,NEFT-NOBROKER RENT PAY INDIA-N678968,23341.75,NEFT,Rent
2026-02-21,UPI-FAASOS-92772@paytm,120.97,UPI,Dining
2025-10-25,UPI-PRACTO INDIA-407881@oksbi,498.59,UPI,Health & Fitness
2025-08-30,UPI-AMAZON -48727@upi,3653.74,UPI,Shopping
2026-06-17,UPI-HPPETROLPUMP-296192@apl,2646.89,UPI,Transport
2026-03-31,UPI-UBERINDIA INDIA-836474@apl,383.07,UPI,Transport
2026-05-28,UPI-ZEPTO-581412@apl,346.48,UPI,Groceries
2026-01-18,UPI-ZOMATO PVT LTD-221256@upi,548.78,UPI,Dining
2026-05-27,UPI-PVR CINEMAS LTD-169772@ybl,343.87,UPI,Entertainment
2025-10-06,NEFT-RENT TRANSFER LANDLORD-N893744,21281.28,NEFT,Rent
2026-04-08,UPI-NEFTTRANSFER-263865@paytm,2909.71,UPI,Transfers & Payments
2026-06-09,UPI-INDRAPRASTHA GAS-299987@ibl,405.36,UPI,Utilities & Bills
2026-05-12,UPI-NATURES BASKET-160797@ibl,846.27,UPI,Groceries
2025-12-08,UPI-CULTFIT LTD-747794@upi,1526.69,UPI,Health & Fitness
2025-12-17,UPI-RELIANCE FRESH INDIA-467991@okaxis,980.34,UPI,Groceries
2026-05-07,UPI-AJIO PVT LTD-901426@apl,460.76,UPI,Shopping
2026-05-17,POS 936440 TATAPOWERDDL DEL,3026.29,POS,Utilities & Bills
2026-01-24,UPI-AMAZON PRIME LTD-951328@paytm,664.11,UPI,Subscriptions
2025-09-15,UPI-DELHIJALBOARD LTD-935740@apl,408.58,UPI,Utilities & Bills
2026-03-05,IMPS-527560-RENTTRANSFERLANDLORD PVT LTD,10002.24,IMPS,Rent
2026-03-21,POS 188847 SPENCERSRETAIL LTD GZB,1370.07,POS,Groceries
2026-03-05,POS 230448 SPOTIFY INDIA NOIDA,123.3,POS,Subscriptions
2025-10-14,UPI-BIGBASK INDIA-493489@oksbi,2031.98,UPI,Groceries
2026-06-26,UPI-FAASOS PVT LTD-876427@upi,142.88,UPI,Dining
2026-01-10,UPI-VODAFONEIDEA-542760@okaxis,269.38,UPI,Utilities & Bills
2025-12-07,IMPS-832161-FD MATURITY PROCEEDS INDIA,30918.71,IMPS,Income
2026-02-11,POS 540535 DELHIJALBOARD MUM,226.84,POS,Utilities & Bills
2025-08-30,UPI-RELIANCE FRESH INDIA-851576@okaxis,874.4,UPI,Groceries
2026-04-29,UPI-BOOKSKHARIDOSTORE INDIA-24536@ybl,302.23,UPI,Shopping
2026-03-20,UPI-VODAFONEIDEA-154999@paytm,172.52,UPI,Utilities & Bills
2026-05-05,IMPS-994267-FD MATURITY PROCEEDS PVT LTD,10661.75,IMPS,Income
2025-09-26,POS 631025 BOOKSKHARIDOSTORE INDIA BLR,1057.7,POS,Shopping
2026-03-19,UPI-TATA1MG PVT LTD-968156@oksbi,630.4,UPI,Health & Fitness
2025-08-25,UPI-BARBEQUENATION-902347@ibl,1830.39,UPI,Dining
2025-09-04,NEFT-CRED RENT PAYMENT-N41932,25408.99,NEFT,Rent
2026-06-03,UPI-AIRTELPAYMENTS-566482@apl,149.0,UPI,Utilities & Bills
2026-01-06,UPI-PAYTM UPI-450793@ybl,17624.64,UPI,Transfers & Payments
2026-06-22,UPI-LEETCODE PREMIUM INDIA-141386@okaxis,4890.47,UPI,Shopping
2026-04-05,UPI-BLINKI-744596@upi,660.87,UPI,Groceries
2026-01-09,UPI-AIRTEL PAYMENTS PVT LTD-429705@okaxis,158.66,UPI,Utilities & Bills
2026-04-01,UPI-MEESHO-289946@upi,315.87,UPI,Shopping
2026-03-05,POS 582866 JIOMART NOIDA,409.49,POS,Groceries
2026-01-20,POS 785140 BLUSMART BLR,239.75,POS,Transport
2026-03-18,UPI-PVR CINE-644852@upi,721.77,UPI,Entertainment
2025-07-03,IMPS-495580-BARBEQUE NATION LTD,2685.88,IMPS,Dining
2026-01-06,UPI-MYNTRA-760687@oksbi,3518.23,UPI,Shopping
2026-05-02,UPI-HPPETROLPUMP LTD-672394@oksbi,981.74,UPI,Transport
2025-07-18,UPI-JIOMART-541869@upi,391.24,UPI,Groceries
2026-06-01,UPI-SWIGGYINSTAMART LTD-92061@okaxis,788.28,UPI,Groceries
2025-10-11,UPI-REDBUS-577289@okaxis,1138.19,UPI,Transport
2025-11-19,UPI-WATERBILL LTD-477849@oksbi,398.31,UPI,Utilities & Bills
2026-04-13,UPI-MORESUPERMARKET PVT LTD-357480@paytm,1038.13,UPI,Groceries
2026-04-21,POS 396397 NEFTTRANSFER INDIA GZB,12461.0,POS,Transfers & Payments
2026-02-20,IMPS-904896-RELIANCE FRESH,200.97,IMPS,Groceries
2025-10-21,UPI-SWIGGY LTD-840030@okaxis,252.67,UPI,Dining
2025-11-12,UPI-HPPETROLPUMP-419309@upi,1901.71,UPI,Transport
2026-03-01,NEFT-HPPETROLPUMP LTD-N938758,1322.87,NEFT,Transport
2025-10-11,UPI-BIGBASKET LTD-916136@okaxis,489.79,UPI,Groceries
2025-12-30,POS 126701 BIGBASKET DEL,1359.12,POS,Groceries
2026-04-04,UPI-YOUTUBE PREMIUM INDIA-390227@ibl,134.97,UPI,Subscriptions
2026-03-02,IMPS-294880-FD MATURITY PROCEEDS,24247.73,IMPS,Income
2026-02-02,UPI-PVR CI-365158@oksbi,966.26,UPI,Entertainment
2026-06-23,IMPS-13394-NETMEDS,627.14,IMPS,Health & Fitness
2026-05-10,UPI-OLA CABS LTD-576210@okaxis,103.62,UPI,Transport
2026-03-13,UPI-UDEMY ONLINE PVT LTD-383812@apl,817.23,UPI,Shopping
2026-06-17,IMPS-756829-NYKAA,460.32,IMPS,Shopping
2025-10-09,POS 496962 MORESUPERMARKET LTD DEL,240.55,POS,Groceries
2025-12-01,POS 51026 UDEMYONLINECOURSE NOIDA,425.47,POS,Shopping
2026-03-01,POS 472706 MCDONALDS MUM,180.37,POS,Dining
2025-11-09,NEFT-HPPETROLPUMP INDIA-N128126,808.16,NEFT,Transport
2026-04-21,UPI-YOUTUBE PREMIUM-184017@apl,133.86,UPI,Subscriptions
2026-02-14,UPI-HP PETROL PUMP INDIA-644473@okaxis,1037.66,UPI,Transport
2025-12-20,UPI-HDFC CREDIT CARD A-83954@ybl,5597.73,UPI,Transfers & Payments
2026-05-06,POS 931812 DELHI METRO RAIL PVT LTD NOIDA,99.29,POS,Transport
2026-02-16,UPI-IMPS TR-132113@upi,2123.97,UPI,Transfers & Payments
2026-01-20,UPI-BLINKIT-983299@oksbi,370.7,UPI,Groceries
2025-08-12,UPI-BARBEQUENATION-163816@paytm,1743.37,UPI,Dining
2025-11-06,NEFT-INTERESTCREDITSBAC LTD-N138654,627.17,NEFT,Income
2025-12-14,POS 914203 SWIGGY INSTAMART INDIA GZB,1067.66,POS,Groceries
2026-06-23,IMPS-479720-VODAFONE I,487.49,IMPS,Utilities & Bills
2026-05-24,UPI-YOUTUBE PREMIUM PVT LTD-954075@okaxis,142.92,UPI,Subscriptions
2026-01-04,UPI-BLINKI PVT LTD-12068@paytm,346.47,UPI,Groceries
2026-02-26,UPI-PVR CINEM INDIA-315164@paytm,827.9,UPI,Entertainment
2026-04-07,POS 926013 MAXHOSPITAL INDIA GZB,2315.09,POS,Health & Fitness
2025-10-21,POS 656698 MORESUPERMARKET INDIA BLR,546.95,POS,Groceries
2026-03-30,UPI-DR LAL PATHLABS INDIA-198132@apl,412.19,UPI,Health & Fitness
2026-05-13,UPI-SWIGGY LTD-337219@paytm,138.06,UPI,Dining
2025-08-22,UPI-HDFCHOMELOANEMI LTD-750937@oksbi,25573.69,UPI,Transfers & Payments
2025-10-20,UPI-ZEPTO PVT LTD-824892@apl,298.72,UPI,Groceries
2025-09-13,UPI-UBERINDIA INDIA-75852@ibl,172.84,UPI,Transport
2025-07-07,POS 404489 DMART LTD NOIDA,652.72,POS,Groceries
2025-08-18,UPI-SBI PERSO INDIA-409024@upi,14239.32,UPI,Transfers & Payments
2025-07-22,UPI-HDFC CREDIT CARD AUTOPAY-547230@paytm,4411.68,UPI,Transfers & Payments
2025-07-27,UPI-SPOTIFY INDIA LTD-119414@ybl,151.05,UPI,Subscriptions
2026-04-26,POS 10363 RAPIDOBIKE LTD DEL,94.02,POS,Transport
2026-01-07,UPI-XBOX STORE LTD-166358@oksbi,529.24,UPI,Entertainment
2025-07-31,UPI-AMAZONPRIME LTD-736395@ibl,1050.7,UPI,Subscriptions
2026-04-12,UPI-MCDONALDS PVT LTD-845654@oksbi,391.9,UPI,Dining
2025-09-07,UPI-BARBEQUENATION-509876@upi,1221.09,UPI,Dining
2025-10-04,UPI-NATURES  INDIA-289698@apl,1474.94,UPI,Groceries
2025-08-05,NEFT-FDMATURITYPROCEEDS PVT LTD-N860222,16241.76,NEFT,Income
2026-03-17,POS 926821 UBERINDIA LTD DEL,241.31,POS,Transport
2025-08-02,UPI-FASTAG RECHARGE-859835@oksbi,228.84,UPI,Transport
2026-05-10,UPI-AMAZONPRIME INDIA-673036@okaxis,313.64,UPI,Subscriptions
2025-09-05,UPI-AIRTELPAYMENTS-212895@paytm,349.25,UPI,Utilities & Bills
2026-01-15,UPI-EATCLUB-655280@upi,271.96,UPI,Dining
2025-08-06,UPI-MCDONALDS LTD-688603@oksbi,537.87,UPI,Dining
2026-01-05,NEFT-NOBROKER RENT PAY INDIA-N862957,12724.23,NEFT,Rent
2025-07-21,UPI-PLAYSTATION STORE PVT LTD-82721@ybl,3729.54,UPI,Entertainment
2026-01-14,UPI-BURGERKING-689784@ybl,279.97,UPI,Dining
2026-01-29,POS 376351 NEFT TRANSFER NOIDA,25185.28,POS,Transfers & Payments
2025-10-01,UPI-AJIO LTD-560835@ibl,1008.41,UPI,Shopping
2025-12-14,UPI-BLUSMART INDIA-802305@upi,233.43,UPI,Transport
2026-04-06,UPI-PLAYSTATIONSTORE-972135@upi,725.96,UPI,Entertainment
2025-07-01,IMPS-625702-CRED PAYMENT PVT LTD,507.84,IMPS,Transfers & Payments
2025-10-22,UPI-KFC PVT LTD-23755@apl,537.79,UPI,Dining
2026-03-19,NEFT-INOX LEISURE-N163230,308.0,NEFT,Entertainment
2026-01-04,UPI-NYKAA LTD-245312@okaxis,1747.25,UPI,Shopping
2025-10-20,UPI-BARBEQUE NATION PVT LTD-832420@oksbi,865.77,UPI,Dining
2026-05-06,NEFT-CREDRENTPAYMENT-N401080,10123.17,NEFT,Rent
2026-02-08,UPI-PIZZA  LTD-784997@upi,732.97,UPI,Dining
2026-03-26,UPI-PAYTMUPI-593354@ybl,2225.7,UPI,Transfers & Payments
2026-01-18,UPI-PVR CINEMAS-604198@ibl,307.3,UPI,Entertainment
2025-12-20,UPI-LEETCODEPREMIUM-782519@paytm,5654.95,UPI,Shopping
2026-06-23,UPI-MORESUPERMARKET LTD-505283@ibl,251.02,UPI,Groceries
2026-05-12,UPI-FASTAG RECHARGE-259207@ybl,204.11,UPI,Transport
2026-04-21,POS 445114 CULTFIT INDIA MUM,803.3,POS,Health & Fitness
2025-12-04,POS 647154 FASTAGRECHARGE PVT LTD NOIDA,510.68,POS,Transport
2026-01-08,UPI-RELIANCEDIGITAL-118830@upi,1116.0,UPI,Shopping
2025-11-25,POS 320939 HDFCCREDITCARDAUTOPAY NOIDA,7884.45,POS,Transfers & Payments
2026-04-06,UPI-HP PETRO-507489@ibl,1831.97,UPI,Transport
2026-01-09,POS 46594 BURGER KING MUM,161.6,POS,Dining
2026-02-24,UPI-SPENCERS RETAIL-70832@oksbi,766.92,UPI,Groceries
2025-08-25,UPI-APPLEMUSIC INDIA-243397@oksbi,124.86,UPI,Subscriptions
2026-05-02,UPI-INOX LE LTD-525970@oksbi,582.93,UPI,Entertainment
2026-03-29,UPI-BOOKMYSHOW INDIA-413509@upi,232.05,UPI,Entertainment
2025-12-02,UPI-BLUSMART-290279@apl,151.73,UPI,Transport
2025-07-16,POS 237540 MORE SUPERMARKET PVT LTD BLR,351.86,POS,Groceries
2026-01-12,UPI-RAPIDO  INDIA-253036@ibl,43.73,UPI,Transport
2026-04-04,UPI-IMPSTRANSFER LTD-610254@ibl,14303.71,UPI,Transfers & Payments
2026-06-27,UPI-ZEPTO LTD-451955@apl,116.86,UPI,Groceries
2026-04-12,UPI-HDFC CRED LTD-334025@apl,20022.79,UPI,Transfers & Payments
2026-01-28,POS 465523 INOX LEISURE PVT LTD MUM,320.78,POS,Entertainment
2026-05-10,UPI-ZEPTO-595587@ibl,142.66,UPI,Groceries
2026-06-18,UPI-SWIGGY INSTAMART LTD-527725@apl,533.96,UPI,Groceries
2026-01-15,UPI-INOX LE LTD-203647@ybl,300.93,UPI,Entertainment
2026-01-28,NEFT-APOLLOPHARMACY LTD-N795586,158.58,NEFT,Health & Fitness
2026-03-08,POS 931702 NATURES BASKET INDIA BLR,610.77,POS,Groceries
2026-01-18,POS 623650 CULT FIT GZB,1189.67,POS,Health & Fitness
2026-02-04,NEFT-RENT TRANSFER LANDLORD-N921418,29833.8,NEFT,Rent
2025-07-21,IMPS-803328-ACT FIBERNET,1018.17,IMPS,Utilities & Bills
2025-12-03,UPI-KFC PVT LTD-484757@ybl,289.24,UPI,Dining
2025-09-11,POS 758750 NETFLIX GZB,204.76,POS,Subscriptions
2026-01-28,UPI-PRACTO-188567@oksbi,474.24,UPI,Health & Fitness
2025-08-16,POS 754270 PVRCINEMAS LTD DEL,307.48,POS,Entertainment
2026-03-26,UPI-XBOX STORE-642804@ybl,1001.89,UPI,Entertainment
2026-04-16,NEFT-RAPIDO BIKE LTD-N170999,160.78,NEFT,Transport
2025-12-06,UPI-SWIGGY INSTAMART INDIA-303808@upi,184.28,UPI,Groceries
2026-05-07,NEFT-NEFTINWARDREMITTANCE INDIA-N522800,14902.83,NEFT,Income
2026-03-10,UPI-JIORECHARGE-692505@oksbi,324.0,UPI,Utilities & Bills
2026-04-07,UPI-AMAZONPAYINDIA-860959@apl,406.94,UPI,Shopping
2025-07-19,POS 700396 SWIGGYINSTAMART GZB,887.38,POS,Groceries
2026-01-30,UPI-OLA CABS LTD-705737@okaxis,236.84,UPI,Transport
2026-04-14,UPI-PLAYSTATIONSTORE INDIA-786734@ibl,954.08,UPI,Entertainment
2026-01-05,UPI-PIZZA HUT-796284@oksbi,726.7,UPI,Dining
2026-06-21,UPI-CAFE COFFEE DAY PVT LTD-553654@oksbi,182.58,UPI,Dining
2026-04-19,UPI-PLAYSTATION STORE-92928@oksbi,2334.99,UPI,Entertainment
2025-12-10,UPI-TATAPOWERDDL-654518@okaxis,3508.34,UPI,Utilities & Bills
2026-05-20,UPI-SONY L-245026@upi,358.07,UPI,Subscriptions
2026-05-17,UPI-BLINKIT LTD-839403@ibl,998.18,UPI,Groceries
2026-05-23,UPI-UDEMYONLINECOURSE LTD-724535@okaxis,568.29,UPI,Shopping
2025-12-13,UPI-KFC-720150@okaxis,258.26,UPI,Dining
2025-09-28,IMPS-968080-PLAYSTATIONSTORE PVT LTD,2082.77,IMPS,Entertainment
2025-09-04,ACH-ASPECTRATIOSALARY INDIA-936390,79944.53,ACH,Income
2025-07-07,IMPS-562916-IMPS INWARD,503.33,IMPS,Income
2025-12-29,POS 295083 INDRAPRASTHAGAS LTD DEL,526.53,POS,Utilities & Bills
2026-04-19,POS 625103 HP PETROL PUMP LTD DEL,2368.81,POS,Transport
2026-06-29,POS 92014 XBOXSTORE INDIA NOIDA,3192.25,POS,Entertainment
2025-12-02,UPI-DELHIMETRORAIL PVT LTD-824073@paytm,98.64,UPI,Transport
2025-07-07,ACH-IMPS INW LTD-357637,8604.5,ACH,Income
2025-12-15,UPI-PLAYSTATIONSTORE-863074@ibl,2102.81,UPI,Entertainment
2026-01-15,UPI-BURGER KING-122462@paytm,188.68,UPI,Dining
2025-12-18,POS 546865 EATCLU MUM,150.18,POS,Dining
2025-12-12,POS 291088 XBOXSTORE PVT LTD GZB,856.5,POS,Entertainment
2025-09-19,UPI-AJIO-654205@ibl,1219.2,UPI,Shopping
2025-11-16,UPI-RELIANCEFRESH PVT LTD-602969@ybl,238.14,UPI,Groceries
2025-07-26,UPI-BLUSMART INDIA-948170@upi,151.15,UPI,Transport
2025-09-30,UPI-OLA CABS-661047@apl,280.03,UPI,Transport
2025-10-10,UPI-COURSERA-83361@apl,3753.05,UPI,Shopping
2026-06-23,POS 718727 AIRTEL PAYMEN PVT LTD NOIDA,337.2,POS,Utilities & Bills
2026-05-12,POS 412122 HDFCCREDITCARDAUTOPAY PVT LTD BLR,13768.13,POS,Transfers & Payments
2025-12-14,POS 499424 AMAZON DEL,447.21,POS,Subscriptions
2025-12-26,UPI-DECATHLON LTD-533623@paytm,1240.62,UPI,Shopping
2026-05-29,UPI-BOOKMYSHOW PVT LTD-559624@oksbi,408.85,UPI,Entertainment
2026-03-04,UPI-RELIANCEDIGITAL PVT LTD-219353@apl,19787.04,UPI,Shopping
2025-12-23,UPI-INTERVI LTD-695799@upi,1024.27,UPI,Shopping
2025-08-28,POS 342183 IMPS TRANSFER INDIA GZB,781.32,POS,Transfers & Payments
2025-08-05,IMPS-809812-SNITCH,1844.36,IMPS,Shopping
2025-09-10,UPI-UBER INDIA-794853@ybl,263.44,UPI,Transport
2026-04-22,UPI-SNITCH PVT LTD-315295@ibl,1761.97,UPI,Shopping
2025-12-24,POS 9513 SONY LIV GZB,980.12,POS,Subscriptions
2025-08-01,POS 56708 RAPIDOBIKE DEL,119.15,POS,Transport
2025-11-22,UPI-CULTFIT LTD-453686@upi,1370.73,UPI,Health & Fitness
2026-01-12,UPI-APPLE M LTD-498938@ybl,102.54,UPI,Subscriptions
2025-09-17,POS 141800 BLUSMART LTD DEL,152.32,POS,Transport
2026-06-02,POS 144885 BURGER  NOIDA,445.95,POS,Dining
2026-05-02,IMPS-860907-FD MATURITY ,28228.71,IMPS,Income
2025-07-04,UPI-RAPIDO BIKE LTD-747722@ibl,51.6,UPI,Transport
2025-07-20,UPI-IMPS TRANSFER PVT LTD-119661@ibl,7340.28,UPI,Transfers & Payments
2026-03-27,POS 488521 PVR CINEMAS PVT LTD GZB,305.51,POS,Entertainment
2026-02-06,NEFT-ASPECT RATIO SALARY-N718303,66062.4,NEFT,Income
2025-12-23,UPI-DR LAL INDIA-477089@ibl,2534.43,UPI,Health & Fitness
2025-11-28,UPI-INDRAPRASTHAGAS-729813@ibl,1017.8,UPI,Utilities & Bills
2026-05-19,UPI-PLAYSTAT-55127@upi,3932.88,UPI,Entertainment
2025-08-12,UPI-APOLLOPHARMACY-893805@apl,208.08,UPI,Health & Fitness
2025-11-09,UPI-KFC-634152@ybl,614.17,UPI,Dining
2025-09-28,UPI-XBOXSTORE LTD-509473@ybl,2736.48,UPI,Entertainment
2025-09-05,NEFT-NOBROKER RENT PAY LTD-N879302,14919.29,NEFT,Rent
2026-02-11,UPI-PAYTM UPI LTD-222099@ibl,10831.8,UPI,Transfers & Payments
2025-08-29,POS 419114 DELHIMETRORAIL INDIA NOIDA,31.81,POS,Transport
2026-06-15,UPI-PLAYSTATION STORE INDIA-276382@ybl,1484.79,UPI,Entertainment
2026-02-15,NEFT-SNITCH PVT LTD-N557011,1432.64,NEFT,Shopping
2026-02-07,UPI-WOW MOMO PVT LTD-352238@okaxis,117.83,UPI,Dining
2026-02-22,UPI-FAASOS LTD-770983@upi,234.38,UPI,Dining
2025-10-01,POS 706483 RELIANCEFRESH DEL,1099.22,POS,Groceries
2026-06-16,UPI-SWIGGY PVT LTD-265132@ybl,120.9,UPI,Dining
2026-06-02,NEFT-NETFLIX LTD-N997659,360.67,NEFT,Subscriptions
2026-05-06,UPI-SWG*SWIGGY-843216@ybl,746.2,UPI,Dining
2026-06-04,UPI-INOX LEISURE INDIA-968516@okaxis,832.72,UPI,Entertainment
2025-12-13,POS 291756 XBOXSTORE DEL,1012.87,POS,Entertainment
2025-11-13,UPI-UBERINDIA-516607@ybl,236.44,UPI,Transport
2026-04-03,UPI-NATURES BASKET LTD-644790@upi,319.19,UPI,Groceries
2025-08-07,UPI-MEESHO PVT LTD-815992@oksbi,150.37,UPI,Shopping
2026-06-06,NEFT-AMAZONPAYINDIA LTD-N735061,722.18,NEFT,Shopping
2026-03-09,UPI-UBER IN-567366@ybl,80.0,UPI,Transport
2026-04-01,UPI-CRED PAYMENT PVT LTD-350636@upi,3205.29,UPI,Transfers & Payments
2026-03-31,UPI-FAASOS PVT LTD-85365@apl,189.72,UPI,Dining
2025-07-21,UPI-MAX HOSPITAL LTD-314388@upi,1945.73,UPI,Health & Fitness
2025-08-13,UPI-BURGER KING INDIA-772043@ybl,157.83,UPI,Dining
2026-01-16,UPI-SPENCERSRETAIL-675661@okaxis,524.59,UPI,Groceries
2025-07-09,IMPS-355123-CREDPAYMENT,18807.55,IMPS,Transfers & Payments
2026-05-31,UPI-SWIGGY INDIA-986755@upi,710.65,UPI,Dining
2025-08-06,UPI-WATERBILL LTD-513643@upi,200.22,UPI,Utilities & Bills
2025-11-06,NEFT-FD MATURITY PROCEEDS-N181616,46023.45,NEFT,Income
2026-05-02,IMPS-858525-ASPECT RATIO SALARY,76730.31,IMPS,Income
2025-10-21,POS 447915 EATCLUB LTD MUM,380.5,POS,Dining
2026-06-16,UPI-PAYTM UPI LTD-338211@apl,18619.57,UPI,Transfers & Payments
2025-12-19,UPI-SWIGGYINSTAMART PVT LTD-149097@apl,330.97,UPI,Groceries
2025-11-02,UPI-PLAYSTATION STORE-140849@paytm,2690.17,UPI,Entertainment
2025-07-09,POS 7658 SONY LIV DEL,321.53,POS,Subscriptions
2025-11-23,UPI-FAASOS LTD-217174@ybl,255.09,UPI,Dining
2025-09-28,UPI-ACT FIBERNET-626236@ybl,1111.5,UPI,Utilities & Bills
2025-12-02,UPI-NETFLIX-585801@ybl,215.57,UPI,Subscriptions
2026-04-03,UPI-BAJAJ FINSERV LTD-290854@paytm,2225.16,UPI,Transfers & Payments
2025-09-20,UPI-NETMEDS-57652@upi,289.27,UPI,Health & Fitness
2026-02-18,UPI-DMART-970787@ibl,577.34,UPI,Groceries
2025-08-06,UPI-NETMEDS INDIA-622497@ibl,261.57,UPI,Health & Fitness
2025-08-26,UPI-RELIANCEFRESH-249636@upi,421.31,UPI,Groceries
2026-04-26,UPI-BIGBASK LTD-227665@ibl,834.74,UPI,Groceries
2025-10-08,UPI-RAPIDO BIKE PVT LTD-213033@okaxis,42.59,UPI,Transport
2025-08-26,UPI-BOOKMYSHOW INDIA-439539@ybl,951.55,UPI,Entertainment
2026-05-23,UPI-DMART LTD-607204@ibl,2327.58,UPI,Groceries
2025-10-19,UPI-WOW MOMO INDIA-293731@paytm,233.23,UPI,Dining
2026-02-08,UPI-PVR CINEMAS-993217@ybl,1051.45,UPI,Entertainment
2025-07-04,NEFT-IMPS INWARD P2P-N36253,2221.58,NEFT,Income
2025-11-01,UPI-OLACABS-727830@upi,149.44,UPI,Transport
2026-05-28,UPI-RELIANCE FRESH-504088@upi,320.8,UPI,Groceries
2025-07-13,POS 810327 PLAYSTATION STORE INDIA BLR,3174.78,POS,Entertainment
2026-06-26,UPI-BLUSMART-404575@upi,199.87,UPI,Transport
2026-06-23,POS 604171 BARBEQUE NATION BLR,2165.01,POS,Dining
2025-07-29,POS 117356 HALDIRA NOIDA,153.46,POS,Dining
2026-05-28,UPI-HOTSTAR-588997@upi,1017.1,UPI,Subscriptions
2025-08-28,UPI-HALDIRAM-914447@upi,117.61,UPI,Dining
2025-11-14,UPI-PVR CINEM PVT LTD-58105@paytm,425.09,UPI,Entertainment
2026-03-30,UPI-AJIO-944142@okaxis,1033.28,UPI,Shopping
2026-02-20,UPI-OLACABS INDIA-942564@ybl,114.93,UPI,Transport
2025-08-27,UPI-BAJAJ FINSERV EMI INDIA-158808@apl,2250.32,UPI,Transfers & Payments
2026-06-15,UPI-HDFC HOM INDIA-364541@oksbi,18940.23,UPI,Transfers & Payments
2025-07-12,UPI-HOTSTAR LTD-876505@ibl,797.72,UPI,Subscriptions
2025-12-15,POS 883804 UDEMY ONLINE COU GZB,915.46,POS,Shopping
2025-12-04,POS 238798 RAPIDOBIKE PVT LTD NOIDA,62.13,POS,Transport
2025-11-23,UPI-SWIGGY I-970022@ybl,682.01,UPI,Groceries
2026-06-20,POS 170087 ZEPTO LTD BLR,110.94,POS,Groceries
2025-11-11,UPI-IMPSTRANSFER LTD-590810@upi,535.5,UPI,Transfers & Payments
2026-02-15,UPI-BLUSMA-317208@paytm,531.24,UPI,Transport
2026-02-20,POS 5502 INDIAN OIL PETROL LTD GZB,2879.49,POS,Transport
2025-11-26,UPI-DELHI METRO RAIL-700282@ybl,103.11,UPI,Transport
2025-08-27,UPI-STEAM PURCHASE-147195@upi,1119.6,UPI,Entertainment
2025-10-21,UPI-REDBUS PVT LTD-58706@ibl,975.79,UPI,Transport
2025-11-20,POS 565566 BSESRAJDHANIPOWER NOIDA,2104.45,POS,Utilities & Bills
2026-03-09,UPI-NEFTTRANSFER-537405@paytm,41438.52,UPI,Transfers & Payments
2026-02-04,POS 13782 RAPIDOBIKE PVT LTD MUM,59.04,POS,Transport
2025-08-14,POS 778548 INDIANOILPETROL INDIA NOIDA,2114.78,POS,Transport
2026-01-29,POS 627981 MORESUPERMARKET DEL,226.82,POS,Groceries
2025-08-03,IMPS-793843-HP PETROL PUMP,853.01,IMPS,Transport
2026-01-29,NEFT-FAASOS INDIA-N745747,226.43,NEFT,Dining
2026-01-03,NEFT-NEFT INWARD REMITTANCE-N863767,13971.04,NEFT,Income
2026-04-06,IMPS-162505-NOBROK,11379.98,IMPS,Rent
2026-06-06,UPI-CRED PAYMENT INDIA-189085@oksbi,24757.08,UPI,Transfers & Payments
2025-11-19,UPI-NETFLI-782782@okaxis,350.94,UPI,Subscriptions
2026-03-01,UPI-TATA POWER DDL-392330@ibl,2380.29,UPI,Utilities & Bills
2025-07-30,UPI-KFC INDIA-921982@upi,209.18,UPI,Dining
2026-05-22,UPI-KFC PVT LTD-52081@okaxis,242.53,UPI,Dining
2026-05-18,UPI-NFLX*NETFLIX-628847@apl,211.57,UPI,Subscriptions
2026-06-16,POS 719739 BLUSMART PVT LTD MUM,154.13,POS,Transport
2026-03-23,UPI-VODAFONEIDEA INDIA-433007@okaxis,869.86,UPI,Utilities & Bills
2025-10-22,UPI-MCDONALDS-644226@upi,461.06,UPI,Dining
2026-06-25,POS 438619 DELHI JAL BOARD NOIDA,703.47,POS,Utilities & Bills
2026-03-03,NEFT-DOMINOSPIZZA PVT LTD-N146766,617.15,NEFT,Dining
2025-12-02,ACH-FD MATURITY PROCEEDS-781623,69717.79,ACH,Income
2025-12-05,POS 83423 ZEPTO LTD NOIDA,481.78,POS,Groceries
2026-03-05,UPI-PHARMEASY-206888@paytm,151.45,UPI,Health & Fitness
2025-08-30,UPI-YOUTUBE PREMIUM-70465@okaxis,155.74,UPI,Subscriptions
2025-10-14,NEFT-BOOKMYSHOW LTD-N194757,784.62,NEFT,Entertainment
2025-11-20,POS 370311 DOMINOS PIZZA PVT LTD BLR,652.19,POS,Dining
2025-08-04,UPI-MAXHOSPITAL-801319@paytm,3156.87,UPI,Health & Fitness
2026-04-02,UPI-INOXLEISURE-970127@ybl,1062.55,UPI,Entertainment
2026-06-05,UPI-NOBROKERRENTPAY-190633@apl,12517.98,UPI,Rent
2026-01-25,UPI-IRCTC PVT LTD-130620@oksbi,326.77,UPI,Transport
2025-11-25,UPI-PIZZA HUT-87243@okaxis,446.25,UPI,Dining
2025-12-07,UPI-INDIAN OIL PETROL INDIA-237845@ibl,914.7,UPI,Transport
2025-08-05,UPI-PAYTM UPI INDIA-985698@upi,2786.76,UPI,Transfers & Payments
2025-08-23,UPI-FAASOS-691537@upi,122.38,UPI,Dining
2025-08-22,POS 68853 BARBEQUE NATION LTD MUM,2892.27,POS,Dining
2026-01-23,POS 761427 FASTAGRECHARGE INDIA NOIDA,262.06,POS,Transport
2026-05-26,UPI-PLAYSTATION STORE PVT LTD-499940@upi,1773.33,UPI,Entertainment
2025-09-14,UPI-INDIAN OIL PETROL-129125@okaxis,1098.64,UPI,Transport
2025-07-28,UPI-ZEPTO INDIA-712047@paytm,855.94,UPI,Groceries
2026-05-15,UPI-BLUSMART-694193@apl,271.66,UPI,Transport
2026-06-04,UPI-SCALER ACA PVT LTD-569787@okaxis,21381.51,UPI,Shopping
2025-07-17,IMPS-403265-JIO RECHARGE,321.21,IMPS,Utilities & Bills
2025-07-01,IMPS-928675-NOBROKERRENTPAY PVT LTD,19970.39,IMPS,Rent
2026-01-16,UPI-NYKAA-708814@oksbi,1258.55,UPI,Shopping
2026-04-14,UPI-PLAYSTATION STORE-59444@oksbi,742.81,UPI,Entertainment
2025-12-28,UPI-ACT FIBERNET PVT LTD-337050@paytm,700.63,UPI,Utilities & Bills
2026-04-25,UPI-HALDIRAM PVT LTD-400060@paytm,173.32,UPI,Dining
2026-06-04,UPI-PAYTMUPI LTD-680564@okaxis,7086.77,UPI,Transfers & Payments
2025-08-03,IMPS-342958-ASPECTRATIOSALARY,50055.88,IMPS,Income
2026-02-01,UPI-SONYLIV INDIA-617551@paytm,979.21,UPI,Subscriptions
2025-08-20,UPI-REDBUS-725423@upi,459.36,UPI,Transport
2025-12-01,UPI-UDEMYONLINECOURSE INDIA-212559@oksbi,1449.85,UPI,Shopping
2026-04-01,POS 50840 BAJAJFINSERVEMI PVT LTD MUM,7954.82,POS,Transfers & Payments
2025-08-17,UPI-IRCTC-100335@ibl,549.61,UPI,Transport
2026-02-04,UPI-PIZZAHUT-684185@apl,354.67,UPI,Dining
2025-12-08,POS 264470 CULTFIT INDIA GZB,1164.01,POS,Health & Fitness
2025-07-10,UPI-YOUTUBE PREMIUM-905616@ybl,148.96,UPI,Subscriptions
2026-05-23,UPI-NATURES BA INDIA-981036@ibl,1197.55,UPI,Groceries
2025-09-14,UPI-MCDONALDS PVT LTD-886126@oksbi,225.74,UPI,Dining
2026-01-03,ACH-RENT TRANSFER LANDLORD LTD-269903,19435.39,ACH,Rent
2025-10-07,UPI-BIGBASKET PVT LTD-487706@oksbi,1058.15,UPI,Groceries
2025-11-17,UPI-FKRT*FLIPKART PVT LTD-829028@apl,570.35,UPI,Shopping
2026-03-06,IMPS-902339-JIO RECHARGE,832.16,IMPS,Utilities & Bills
2026-01-25,POS 417174 DELHI METRO RAIL BLR,27.24,POS,Transport
2026-03-25,NEFT-DELHI JAL BOARD-N996805,560.48,NEFT,Utilities & Bills
2025-10-30,POS 346281 TATA PLAY DTH PVT LTD GZB,571.76,POS,Utilities & Bills
2025-10-20,NEFT-MAXHOSPITAL LTD-N225509,9437.14,NEFT,Health & Fitness
2025-07-29,POS 332863 MEESHO GZB,338.57,POS,Shopping
2025-09-13,POS 862264 HOTSTAR PVT LTD MUM,299.53,POS,Subscriptions
2026-06-05,UPI-IMPS TRANSFER-725233@apl,13805.82,UPI,Transfers & Payments
2026-06-24,UPI-MORESUPERMARKET-561894@apl,272.64,UPI,Groceries
2026-01-18,NEFT-AMAZON PAY INDIA PVT LTD-N316504,239.1,NEFT,Shopping
2025-09-21,UPI-MAX HOSPITAL PVT LTD-923188@apl,6084.97,UPI,Health & Fitness
2025-08-11,UPI-UBER INDIA INDIA-494975@upi,151.63,UPI,Transport
2025-08-07,IMPS-531930-CREDRENTPAYMENT PVT LTD,10088.09,IMPS,Rent
2025-07-15,UPI-UDEMY ONLINE COURSE LTD-661766@oksbi,2026.85,UPI,Shopping
2025-12-04,UPI-BARBEQUENATION-117211@ybl,937.06,UPI,Dining
2026-05-01,POS 474421 XBOX STORE PVT LTD NOIDA,3170.54,POS,Entertainment
2025-12-15,POS 89498 DOMINOS PIZZA LTD NOIDA,324.32,POS,Dining
2026-04-19,NEFT-REDBUS-N968953,836.74,NEFT,Transport
2026-02-22,NEFT-SPOTIFYINDIA LTD-N53201,131.87,NEFT,Subscriptions
2026-01-05,UPI-MEESHO-124050@paytm,692.18,UPI,Shopping
2026-03-11,POS 200800 SCALERACADEMY LTD MUM,7073.05,POS,Shopping
2025-10-14,UPI-NYKAA PVT LTD-763008@upi,378.89,UPI,Shopping
2025-11-12,UPI-ZEPTO INDIA-952402@ybl,209.31,UPI,Groceries
2026-02-26,UPI-SONYLIV PVT LTD-727687@oksbi,629.24,UPI,Subscriptions
2026-05-02,UPI-XBOXSTORE-585056@paytm,509.51,UPI,Entertainment
2026-05-07,NEFT-CRED PAYMENT-N745033,17016.04,NEFT,Transfers & Payments
2026-01-12,UPI-KFC INDIA-704869@okaxis,208.74,UPI,Dining
2025-09-03,ACH-ASPECTRATIOSALARY INDIA-976518,54601.63,ACH,Income
2026-03-29,UPI-MYNTRA-329486@paytm,3846.98,UPI,Shopping
2026-02-06,POS 643705 MEESHO PVT LTD MUM,430.62,POS,Shopping
2026-03-09,UPI-DECATHLON LTD-583667@apl,4332.46,UPI,Shopping
2025-09-15,UPI-SONYLIV LTD-38604@oksbi,346.4,UPI,Subscriptions
2026-03-11,UPI-STEAMPURCHASE PVT LTD-744470@ibl,935.63,UPI,Entertainment
2025-08-17,UPI-NYKAA PVT LTD-190430@apl,362.31,UPI,Shopping
2026-06-05,UPI-MEESHO-5326@ibl,767.46,UPI,Shopping
2026-03-13,UPI-BLINKIT PVT LTD-28223@okaxis,517.77,UPI,Groceries
2025-08-24,UPI-SONY LIV LTD-31277@paytm,447.27,UPI,Subscriptions
2025-11-15,UPI-STEAM PURCHASE-346429@paytm,1462.52,UPI,Entertainment
2026-04-18,NEFT-GPAYUPI-N841494,8344.12,NEFT,Transfers & Payments
2026-04-07,POS 98046 UBER INDIA INDIA NOIDA,107.35,POS,Transport
2025-10-15,UPI-MORESUPERMARKET INDIA-299776@upi,936.25,UPI,Groceries
2026-02-07,UPI-NETFLIX PVT LTD-948634@upi,362.9,UPI,Subscriptions
2026-03-20,POS 929422 OLACABS INDIA NOIDA,175.34,POS,Transport
2026-02-02,UPI-ACT FIBERNET-196408@oksbi,1018.21,UPI,Utilities & Bills
2026-02-23,UPI-WOW MOMO LTD-976875@oksbi,169.51,UPI,Dining
2026-02-09,UPI-NFLX*NETFLIX INDIA-315985@ybl,634.88,UPI,Subscriptions
2026-03-25,POS 81250 HOTSTA DEL,615.31,POS,Subscriptions
2026-06-04,UPI-INTERVIEWBIT PVT LTD-373724@okaxis,2371.56,UPI,Shopping
2026-06-04,UPI-APOLLO P INDIA-48457@paytm,342.57,UPI,Health & Fitness
2026-02-18,UPI-INOX LEISURE INDIA-655112@apl,363.24,UPI,Entertainment
2025-08-10,UPI-HDFC CREDIT CARD AUTOPAY-272914@apl,12976.55,UPI,Transfers & Payments
2025-08-29,UPI-AMZN*AMAZONPAYINDIA INDIA-483515@upi,987.68,UPI,Shopping
2026-03-07,UPI-APPLEMUSIC-379251@upi,144.4,UPI,Subscriptions
2025-08-14,POS 201070 STEAMPURCHASE DEL,2097.67,POS,Entertainment
2025-10-16,POS 457957 PVR CIN LTD GZB,332.8,POS,Entertainment
2026-02-02,UPI-INDIANOILPETROL LTD-947251@ybl,1864.49,UPI,Transport
2026-02-16,UPI-BOOKS KHARIDO STORE LTD-310153@ibl,1125.59,UPI,Shopping
2026-05-19,UPI-BLUSMART INDIA-436878@apl,260.57,UPI,Transport
2025-07-19,IMPS-620749-DELHI JAL BOA,515.04,IMPS,Utilities & Bills
2025-08-01,UPI-CRED PAYM-332192@ibl,618.99,UPI,Transfers & Payments
2025-08-04,IMPS-471103-IMPS INWARD P2P PVT LTD,5122.0,IMPS,Income
2026-02-26,POS 533294 KFC LTD BLR,372.67,POS,Dining
2026-06-02,POS 438110 YOUTUBE PR INDIA MUM,167.01,POS,Subscriptions
2025-11-22,UPI-TATA 1MG-700459@oksbi,172.5,UPI,Health & Fitness
2026-01-29,UPI-SPENCERS RETAIL INDIA-319402@ybl,257.02,UPI,Groceries
2025-11-11,UPI-ZOMATO LTD-184201@apl,696.17,UPI,Dining
2025-08-28,UPI-MYNTRA-590280@ybl,1251.58,UPI,Shopping
2026-04-12,POS 895863 GPAYUPI LTD GZB,7366.8,POS,Transfers & Payments
2026-02-10,NEFT-ZOMATO-N112035,596.56,NEFT,Dining
2025-07-22,POS 914172 AIRTEL P BLR,854.41,POS,Utilities & Bills
2026-03-17,POS 679526 KFC LTD MUM,255.98,POS,Dining
2026-01-29,UPI-MCDONALDS-258232@apl,444.62,UPI,Dining
2025-11-14,UPI-HPPETROLPUMP INDIA-379162@upi,1605.55,UPI,Transport
2025-10-25,UPI-PIZZAHUT INDIA-434491@oksbi,783.91,UPI,Dining
2026-01-02,POS 153656 NEFT TRANSFER INDIA DEL,26234.35,POS,Transfers & Payments
2025-12-09,UPI-MYNTRA INDIA-65454@oksbi,2474.94,UPI,Shopping
2026-04-21,UPI-APPLEMUSIC-311089@oksbi,115.16,UPI,Subscriptions
2025-12-08,POS 868176 YOUTUBE PREMIUM MUM,177.62,POS,Subscriptions
2026-02-14,POS 655688 VODAFONE IDEA GZB,510.38,POS,Utilities & Bills
2025-10-10,UPI-XBOX STORE-39766@ibl,891.6,UPI,Entertainment
2026-03-24,POS 225116 XBOX STORE PVT LTD DEL,1416.33,POS,Entertainment
2025-09-20,POS 622285 BLUSMART MUM,176.21,POS,Transport
2025-08-26,IMPS-273374-CULT FIT PVT LTD,1482.79,IMPS,Health & Fitness
2025-09-02,POS 476159 UBER IND MUM,485.8,POS,Transport
2025-10-28,POS 700318 PRACTO PVT LTD GZB,526.08,POS,Health & Fitness
2025-08-23,POS 202908 PLAYSTATIONSTORE MUM,1222.39,POS,Entertainment
2025-08-11,POS 932669 BARBEQUENATION INDIA BLR,1299.0,POS,Dining
2026-01-23,POS 817656 COURSERA NOIDA,4281.23,POS,Shopping
2026-06-18,IMPS-768260-ACT FIBERNET INDIA,1457.81,IMPS,Utilities & Bills
2026-03-06,UPI-TATA 1MG LTD-739747@ibl,1156.07,UPI,Health & Fitness
2025-07-17,UPI-MCDONALDS-388272@paytm,312.87,UPI,Dining
2025-11-26,UPI-AJIO LTD-124461@okaxis,688.23,UPI,Shopping
2025-09-12,UPI-DELHIMETRORAIL-443244@paytm,134.09,UPI,Transport
2026-03-08,UPI-DELHIMETRORAIL-366584@paytm,118.49,UPI,Transport
2025-12-20,UPI-SNITCH INDIA-875994@upi,1890.06,UPI,Shopping
2026-02-21,UPI-DOMINOS PIZZA INDIA-157219@apl,541.38,UPI,Dining
2026-01-26,POS 356465 EATCLUB INDIA GZB,150.73,POS,Dining
2026-05-27,POS 742561 SONYLIV LTD DEL,528.02,POS,Subscriptions
2025-09-02,UPI-DR LAL PATHLABS-202774@ibl,1163.32,UPI,Health & Fitness
2026-03-01,UPI-PLAYST-691229@ibl,613.08,UPI,Entertainment
2026-06-27,UPI-PIZZA HUT-466808@paytm,690.67,UPI,Dining
2026-03-09,UPI-ACT FIBERNET-357470@oksbi,726.07,UPI,Utilities & Bills
2025-11-09,UPI-WOWMOMO-569096@ybl,120.36,UPI,Dining
2026-01-25,UPI-BLINKIT-645324@okaxis,129.63,UPI,Groceries
2025-12-11,UPI-INOXLEISURE PVT LTD-271463@oksbi,1097.91,UPI,Entertainment
2025-10-07,NEFT-ASPECT RATIO SALARY LTD-N517926,60347.82,NEFT,Income
2025-12-10,UPI-AJIO-508690@paytm,914.76,UPI,Shopping
2026-04-27,UPI-SWIGGY INSTAMART LTD-801040@ibl,595.74,UPI,Groceries
2025-08-12,UPI-EATCLUB-214340@apl,477.9,UPI,Dining
2026-04-02,POS 474685 RAPIDO BIKE DEL,40.0,POS,Transport
2025-09-24,POS 287578 SNITCH INDIA GZB,625.89,POS,Shopping
2025-10-17,POS 295976 HOTSTAR DEL,330.27,POS,Subscriptions
2026-01-19,UPI-AIRTEL PAYMENTS LTD-761294@ibl,997.0,UPI,Utilities & Bills
2026-06-03,UPI-RENT TRANSFER LANDLORD INDIA-287275@ybl,18772.22,UPI,Rent
2026-05-03,UPI-IRCTC LTD-678844@paytm,1115.37,UPI,Transport
2026-01-28,POS 800502 ZOMATO INDIA NOIDA,345.88,POS,Dining
2026-06-09,UPI-PHARME PVT LTD-853262@oksbi,1074.35,UPI,Health & Fitness
2026-06-22,POS 486168 RAPIDO BIKE MUM,180.25,POS,Transport
2025-11-21,POS 201814 RELIANCE DIGITAL PVT LTD DEL,26986.26,POS,Shopping
2025-10-28,POS 39583 AMAZON PRIME PVT LTD MUM,590.47,POS,Subscriptions
2025-10-09,UPI-PLAYSTATION STORE INDIA-117335@apl,769.23,UPI,Entertainment
2026-06-03,UPI-DECATHLON-593592@ybl,519.22,UPI,Shopping
2026-04-18,UPI-SWIGGY-765305@apl,178.7,UPI,Dining
2026-06-05,UPI-RENT TRANSFER LANDLORD-984449@oksbi,18216.76,UPI,Rent
2025-12-13,POS 128630 HDFC HOME LO PVT LTD GZB,19354.06,POS,Transfers & Payments
2025-10-23,POS 559272 UBERINDIA INDIA NOIDA,122.0,POS,Transport
2026-04-19,UPI-BLUSMART LTD-724044@oksbi,562.8,UPI,Transport
2025-12-03,NEFT-NEFTINWARDREMITTANCE-N30226,5376.99,NEFT,Income
2025-11-04,POS 358356 CULTFIT LTD DEL,2187.71,POS,Health & Fitness
2026-05-04,NEFT-BSES RAJDHANI POWER-N656725,1197.63,NEFT,Utilities & Bills
2026-01-10,NEFT-ZOMATO-N821664,132.69,NEFT,Dining
2025-12-05,NEFT-IMPS INWARD P2P-N107773,4861.39,NEFT,Income
2026-01-22,POS 245435 TATAPOWERDDL INDIA GZB,2670.41,POS,Utilities & Bills
2026-02-05,UPI-SONY LIV-107197@okaxis,595.59,UPI,Subscriptions
2025-12-16,UPI-NETFLIX-108677@paytm,358.41,UPI,Subscriptions
2026-04-20,POS 269735 PIZZAHUT MUM,406.35,POS,Dining
2025-09-09,UPI-STEAM PURCHASE-134882@okaxis,1222.5,UPI,Entertainment
2026-04-04,UPI-COURSERA LTD-493331@okaxis,3092.02,UPI,Shopping
2026-06-02,UPI-SWIGGY INSTAMART-249918@ibl,854.62,UPI,Groceries
2025-10-09,UPI-JIO RECHARGE LTD-824408@paytm,248.16,UPI,Utilities & Bills
2026-02-25,POS 894395 APPLE MUSIC PVT LTD GZB,131.05,POS,Subscriptions
2025-09-22,UPI-DELHIMETRORAIL-521021@ybl,130.02,UPI,Transport
2026-05-16,UPI-APPLEMUSIC INDIA-771269@apl,189.74,UPI,Subscriptions
2025-10-03,UPI-REDBUS-381441@paytm,407.61,UPI,Transport
2026-02-11,UPI-SWG*SWIGGY-958044@apl,221.04,UPI,Dining
2025-09-28,UPI-SBIPERSONALLOANEMI PVT LTD-754754@ybl,6154.76,UPI,Transfers & Payments
2025-09-29,UPI-VODAFONE IDEA-23013@apl,539.1,UPI,Utilities & Bills
2025-10-16,UPI-OLACABS LTD-388596@apl,138.23,UPI,Transport
2026-05-16,IMPS-125249-JIOMART,335.46,IMPS,Groceries
2026-03-04,NEFT-NEFT INWARD REMITTANCE PVT LTD-N629672,4505.59,NEFT,Income
2026-04-27,POS 309472 NFLX*NETFLIX BLR,247.32,POS,Subscriptions
2025-09-03,UPI-PIZZA HUT-929864@oksbi,326.27,UPI,Dining
2026-05-11,POS 407968 CAFECOFFEEDAY GZB,142.02,POS,Dining
2026-01-08,UPI-VODAFONE  INDIA-497771@okaxis,436.11,UPI,Utilities & Bills
2025-07-19,UPI-AMAZONPRIME LTD-475040@apl,364.92,UPI,Subscriptions
2026-04-19,POS 267893 MORESUPERMARKET PVT LTD GZB,209.34,POS,Groceries
2025-12-28,UPI-INOXLEISURE-488853@ibl,647.22,UPI,Entertainment
2026-01-05,UPI-SCALER ACADEMY PVT LTD-287281@oksbi,5015.27,UPI,Shopping
2025-12-31,UPI-MEESHO PVT LTD-884533@ibl,426.1,UPI,Shopping
2025-10-25,UPI-AMAZONPRIME-378735@paytm,656.77,UPI,Subscriptions
2026-06-15,UPI-BLUSMART LTD-740919@ibl,598.2,UPI,Transport
2025-07-05,NEFT-NEFT TRANSFER PVT LTD-N863253,6887.55,NEFT,Transfers & Payments
2026-06-01,POS 799134 PAYTMUPI BLR,15005.73,POS,Transfers & Payments
2026-03-22,UPI-BIGBASKET-795423@oksbi,1496.24,UPI,Groceries
2025-10-05,UPI-MYNTRA LTD-460990@oksbi,3019.05,UPI,Shopping
2025-09-04,UPI-DOMINOSPIZZA-525078@apl,488.74,UPI,Dining
2026-06-17,UPI-IRCTC-315192@okaxis,1057.94,UPI,Transport
2025-09-17,NEFT-JIO RECHARGE PVT LTD-N596791,486.19,NEFT,Utilities & Bills
2026-01-17,UPI-WATER BILL LTD-995776@oksbi,202.44,UPI,Utilities & Bills
2026-04-18,UPI-INDIAN OIL PETROL PVT LTD-98770@ybl,527.2,UPI,Transport
2026-05-05,POS 73866 JIO REC LTD NOIDA,217.47,POS,Utilities & Bills
2025-07-30,UPI-JIOMART-181172@okaxis,1556.46,UPI,Groceries
2025-09-05,IMPS-408888-DECATHL,4604.94,IMPS,Shopping
2025-12-04,ACH-RENT TRANSFER LANDLORD INDIA-167494,17289.3,ACH,Rent
2026-06-16,UPI-IMPS TR-150623@oksbi,620.72,UPI,Transfers & Payments
2026-04-18,UPI-IRCTC INDIA-486171@ibl,303.36,UPI,Transport
2026-02-19,POS 411087 FAASOS PVT LTD GZB,343.75,POS,Dining
2025-09-05,ACH-NOBROKER RENT PAY INDIA-404350,26592.34,ACH,Rent
2026-06-23,UPI-SPENCERS RETAIL LTD-929557@apl,232.43,UPI,Groceries
2026-06-01,IMPS-953879-FD MATURITY PROCEEDS LTD,31917.7,IMPS,Income
2026-01-05,UPI-NEFTTRANSFER-529896@apl,30774.21,UPI,Transfers & Payments
2026-03-17,UPI-DECATHLON-77751@upi,2670.4,UPI,Shopping
2026-01-21,UPI-STEAM PURCHASE INDIA-40609@paytm,469.57,UPI,Entertainment
2026-02-23,UPI-PVR CI-576069@upi,352.84,UPI,Entertainment
2025-11-20,UPI-HDFC CREDIT CARD AUTOPAY LTD-880226@paytm,11105.57,UPI,Transfers & Payments
2026-01-17,UPI-BLINKIT-711287@okaxis,121.21,UPI,Groceries
2026-06-11,POS 878135 IRCTC GZB,1203.97,POS,Transport
2025-12-05,UPI-BOOKMYSH-52028@apl,385.16,UPI,Entertainment
2025-10-31,UPI-BIGBASKET-443166@paytm,2455.26,UPI,Groceries
2025-08-02,POS 836635 IRCTC BLR,1453.22,POS,Transport
2025-12-15,UPI-WOWMOMO LTD-656017@ybl,318.24,UPI,Dining
2025-10-18,UPI-REDBUS PVT LTD-183055@paytm,626.4,UPI,Transport
2025-10-21,UPI-REDBUS PVT LTD-682516@ibl,590.6,UPI,Transport
2026-05-03,UPI-MCDONA-830696@apl,295.8,UPI,Dining
2026-05-20,UPI-BLINKIT LTD-349176@ybl,463.31,UPI,Groceries
2026-03-01,ACH-INTERESTCREDITSBAC-957409,750.31,ACH,Income
2026-06-26,UPI-IRCTC LTD-23243@ibl,1567.18,UPI,Transport
2025-11-02,POS 145237 MCDONALDS MUM,261.93,POS,Dining
2025-07-20,UPI-MORESUPERMARKET-992823@oksbi,910.45,UPI,Groceries
2025-07-21,UPI-DELHI METRO  PVT LTD-788009@paytm,26.82,UPI,Transport
2026-04-03,UPI-INOXLEISURE LTD-841383@upi,736.32,UPI,Entertainment
2025-10-02,UPI-MORE S-913121@oksbi,206.37,UPI,Groceries
2025-09-03,NEFT-ZEPTO-N576507,652.74,NEFT,Groceries
2026-02-04,UPI-SBI PERSONAL LOAN EMI PVT LTD-173132@upi,5390.21,UPI,Transfers & Payments
2026-04-22,UPI-RELIANCE  PVT LTD-905318@apl,10029.48,UPI,Shopping
2025-09-24,UPI-GPAY UP-639996@upi,3838.45,UPI,Transfers & Payments
2026-01-12,UPI-PIZZA  PVT LTD-625094@ibl,314.01,UPI,Dining
2025-12-04,UPI-INOX LEIS-636463@oksbi,304.66,UPI,Entertainment
2025-10-06,UPI-CAFECOFFEEDAY-766847@upi,142.02,UPI,Dining
2026-01-08,NEFT-REDBUS PVT LTD-N673188,1765.28,NEFT,Transport
2025-09-02,IMPS-171249-ZOMATO,149.43,IMPS,Dining
2025-12-26,POS 731286 MEESHO PVT LTD DEL,594.86,POS,Shopping
2025-07-18,UPI-SBI PERSONAL LOAN EMI PVT LTD-662601@upi,9575.52,UPI,Transfers & Payments
2026-05-06,UPI-XBOX STO LTD-267640@ybl,1769.04,UPI,Entertainment
2025-08-17,UPI-HDFC CREDIT CARD AUTOPAY INDIA-417983@upi,10558.85,UPI,Transfers & Payments
2026-02-02,NEFT-FD MATURITY PROCEEDS PVT LTD-N726443,18220.3,NEFT,Income
2026-01-27,UPI-PAYTM UPI-115582@upi,6624.89,UPI,Transfers & Payments
2025-10-16,UPI-TATA 1MG INDIA-733964@okaxis,150.06,UPI,Health & Fitness
2025-08-05,UPI-NATURES BASKET INDIA-551462@oksbi,1028.28,UPI,Groceries
2025-10-04,UPI-PVR CINEMAS LTD-511102@ybl,527.36,UPI,Entertainment
2025-10-04,POS 849485 EATCLUB LTD BLR,173.54,POS,Dining
2026-05-05,IMPS-84686-IMPSINWARDP2P LTD,1316.26,IMPS,Income
2025-07-16,UPI-DELHI METRO RAIL INDIA-509763@upi,95.19,UPI,Transport
2025-07-04,POS 102546 KFC BLR,336.42,POS,Dining
2025-11-14,UPI-EATCLUB INDIA-794679@okaxis,277.84,UPI,Dining
2025-10-31,IMPS-397818-BLUSMART INDIA,317.89,IMPS,Transport
2025-07-02,POS 27927 GPAY UP LTD GZB,400.55,POS,Transfers & Payments
2026-05-13,UPI-BSES RAJDHANI POWER INDIA-540926@oksbi,2025.66,UPI,Utilities & Bills
2025-12-12,IMPS-916862-FAASOS PVT LTD,120.69,IMPS,Dining
2025-10-28,POS 776112 CULTFIT INDIA GZB,2075.93,POS,Health & Fitness
2026-06-24,IMPS-309137-INDIAN OIL PETROL INDIA,1421.65,IMPS,Transport
2026-03-16,POS 836527 PLAYSTATIONSTORE INDIA DEL,817.84,POS,Entertainment
2026-02-25,IMPS-122297-YOUTUBEPREMIUM INDIA,142.95,IMPS,Subscriptions
2026-06-03,UPI-BSES RAJDHANI POWER-457018@upi,502.99,UPI,Utilities & Bills
2025-11-21,NEFT-GPAYUPI PVT LTD-N699281,4614.59,NEFT,Transfers & Payments
2025-09-05,ACH-ASPECT RATIO SALARY INDIA-95835,75315.39,ACH,Income
2026-05-04,NEFT-IRCTC PVT LTD-N396323,2122.49,NEFT,Transport
2026-05-25,UPI-XBOX STORE INDIA-848718@ybl,674.91,UPI,Entertainment
2025-12-22,UPI-SWIGGY LTD-781788@paytm,375.95,UPI,Dining
2026-04-22,IMPS-65891-HALDIRAM PVT LTD,239.27,IMPS,Dining
2025-12-11,IMPS-545998-MORE SUPERMARKET LTD,772.72,IMPS,Groceries
2026-04-02,UPI-AIRTEL PAYMENTS PVT LTD-152729@apl,904.69,UPI,Utilities & Bills
2025-09-05,IMPS-628971-NOBROKERRENTPAY,12049.78,IMPS,Rent
2026-06-27,UPI-AJIO LTD-520071@okaxis,1937.02,UPI,Shopping
2025-10-16,UPI-BLUSMART LTD-735430@upi,151.24,UPI,Transport
2026-01-03,IMPS-23613-RENT TRANSFER LANDLORD LTD,16004.83,IMPS,Rent
2026-01-17,IMPS-763057-INDIANOILPETROL,700.28,IMPS,Transport
2026-04-07,POS 340128 PVRCINEMAS LTD GZB,974.74,POS,Entertainment
2026-06-01,UPI-BURGERKING LTD-464348@upi,243.1,UPI,Dining
2025-10-06,NEFT-NEFT INWARD REMITTANCE PVT LTD-N762221,14926.58,NEFT,Income
2025-09-14,IMPS-713449-PIZZAHUT INDIA,725.04,IMPS,Dining
2026-02-28,UPI-BAJAJFINSERVEMI-124047@ibl,4535.76,UPI,Transfers & Payments
2026-01-23,UPI-VODAFONEIDEA-253555@oksbi,351.94,UPI,Utilities & Bills
2026-01-09,POS 816509 PVR CINEMAS NOIDA,973.24,POS,Entertainment
2026-02-13,UPI-HOTSTAR-123292@paytm,316.88,UPI,Subscriptions
2026-04-27,UPI-YOUTUBE PREMIUM-503790@okaxis,157.88,UPI,Subscriptions
2026-03-05,UPI-EATCLUB INDIA-313856@ibl,155.49,UPI,Dining
2026-06-24,UPI-HPPETROLPUMP-858171@ibl,2034.58,UPI,Transport
2026-04-26,UPI-AIRTEL  LTD-691573@paytm,176.74,UPI,Utilities & Bills
2026-02-14,UPI-VODAFONE IDEA-42044@ybl,430.11,UPI,Utilities & Bills
2025-07-18,UPI-NFLX*NETFLIX-531734@okaxis,258.48,UPI,Subscriptions
2026-06-02,IMPS-49408-ACTFIBERNET PVT LTD,1416.26,IMPS,Utilities & Bills
2026-02-13,POS 729866 TATAPOWERDDL INDIA MUM,1456.13,POS,Utilities & Bills
2026-03-19,UPI-GPAYUPI-695804@apl,139.83,UPI,Transfers & Payments
2025-10-19,UPI-DOMINOS PIZZA-579888@ybl,442.61,UPI,Dining
2026-04-08,UPI-SPENCERSRETAIL INDIA-682332@ybl,408.06,UPI,Groceries
2026-06-21,POS 74985 KFC LTD MUM,695.37,POS,Dining
2026-04-15,POS 635330 PVR CINEMAS BLR,458.52,POS,Entertainment
2025-07-14,UPI-PIZZA HUT LTD-82290@okaxis,309.32,UPI,Dining
2025-12-16,UPI-WOW MOMO PVT LTD-954412@okaxis,251.35,UPI,Dining
2025-07-06,UPI-PIZZAHUT LTD-398024@paytm,667.6,UPI,Dining
2025-12-04,POS 101181 WOW MOMO INDIA GZB,130.43,POS,Dining
2026-05-08,UPI-TATAPOWERDDL-180041@okaxis,3635.59,UPI,Utilities & Bills
2026-06-13,POS 579469 BLUSMART GZB,500.08,POS,Transport
2025-07-05,UPI-FASTAG RECHARGE LTD-690504@ybl,216.28,UPI,Transport
2026-05-24,UPI-TATA POWER DDL LTD-712160@ibl,1112.25,UPI,Utilities & Bills
2026-02-25,IMPS-546883-SCALER A INDIA,27168.89,IMPS,Shopping
2026-05-07,IMPS-427261-NEFTINWARDREMITTANCE PVT LTD,12282.03,IMPS,Income
2025-08-06,NEFT-CREDRENTPAYMENT-N174133,16619.79,NEFT,Rent
2026-03-10,UPI-KFC-995466@oksbi,429.19,UPI,Dining
2026-03-21,UPI-HDFC CREDIT CARD AUTOPAY-732782@paytm,6616.96,UPI,Transfers & Payments
2026-02-03,POS 257089 AMAZON PRIME PVT LTD GZB,860.56,POS,Subscriptions
2026-06-11,IMPS-948701-CAFE COFFEE DAY,115.2,IMPS,Dining
2025-07-27,UPI-DOMINOS P LTD-392416@paytm,312.82,UPI,Dining
2025-08-30,UPI-AMAZONPRIME INDIA-308804@okaxis,353.48,UPI,Subscriptions
2025-12-04,UPI-PLAYSTATION STORE-866837@paytm,3562.5,UPI,Entertainment
2025-12-01,NEFT-IMPS INWARD P2P PVT LTD-N313843,1689.78,NEFT,Income
2025-12-29,UPI-BURGERKING INDIA-516947@ybl,152.87,UPI,Dining
2026-03-07,UPI-NYKAA PVT LTD-238078@oksbi,643.88,UPI,Shopping
2026-04-01,POS 460876 REDBUS NOIDA,436.67,POS,Transport
2026-06-29,UPI-REDBUS LTD-299739@paytm,425.02,UPI,Transport
2025-09-21,NEFT-UDEMY ONLINE COURSE INDIA-N698557,2911.99,NEFT,Shopping
2026-06-15,UPI-CAFE COFFEE DAY PVT LTD-788574@apl,282.68,UPI,Dining
2025-08-25,UPI-REDBUS LTD-164097@okaxis,750.0,UPI,Transport
2025-12-23,UPI-MAX HOSPIT-456426@oksbi,1296.01,UPI,Health & Fitness
2025-09-17,UPI-INTERVIEWBIT LTD-262584@okaxis,3351.48,UPI,Shopping
2026-06-07,ACH-CRED RENT PAY-736203,20671.34,ACH,Rent
2026-04-29,IMPS-241526-BSES RAJDHANI POWER LTD,550.79,IMPS,Utilities & Bills
2025-09-13,IMPS-907336-DELHI MET,20.34,IMPS,Transport
2025-10-27,POS 503472 DELHIMETRORAIL INDIA DEL,53.79,POS,Transport
2026-01-03,UPI-HOTSTAR PVT LTD-747151@oksbi,372.19,UPI,Subscriptions
2025-07-01,NEFT-NEFT INWARD REMITTANCE PVT LTD-N223274,2546.71,NEFT,Income
2025-10-03,UPI-SPENCERSRETAIL INDIA-382242@okaxis,320.42,UPI,Groceries
2025-09-05,POS 780020 ZOMATO PVT LTD GZB,338.16,POS,Dining
2026-01-13,UPI-DELHIMETRORAIL-137823@upi,91.69,UPI,Transport
2026-06-01,IMPS-739889-EATCLUB LTD,219.55,IMPS,Dining
2025-12-02,UPI-WOW MOMO LTD-560475@upi,105.9,UPI,Dining
2025-11-07,UPI-BARBEQUE NATION-365211@okaxis,1242.5,UPI,Dining
2026-01-31,UPI-STEAM PURC-176044@ibl,502.93,UPI,Entertainment
2026-04-16,UPI-PHONEPEUPI LTD-777696@apl,3244.23,UPI,Transfers & Payments
2025-08-08,UPI-AMAZONPRIME-403810@ibl,1027.91,UPI,Subscriptions
2025-07-02,UPI-DELHIMETRORAIL LTD-621875@upi,20.01,UPI,Transport
2026-06-28,UPI-NEFT TRANSFER PVT LTD-319148@apl,3378.86,UPI,Transfers & Payments
2025-10-23,UPI-PLAYSTATIONSTORE LTD-307019@paytm,1931.88,UPI,Entertainment
2025-11-16,NEFT-PHONEPE UPI-N674618,19212.88,NEFT,Transfers & Payments
2025-07-01,UPI-SBI PERSONAL LOAN EMI-388040@okaxis,5069.3,UPI,Transfers & Payments
2025-09-07,UPI-PLAYSTATION STO PVT LTD-341404@paytm,1871.37,UPI,Entertainment
2025-11-21,UPI-HALDIRAM-564492@upi,483.19,UPI,Dining
2026-06-18,POS 913288 PHARMEASY PVT LTD GZB,559.68,POS,Health & Fitness
2025-10-13,UPI-MAX HOSPITAL INDIA-164201@oksbi,1010.11,UPI,Health & Fitness
2026-03-03,UPI-INOXLEISURE LTD-482705@ybl,898.68,UPI,Entertainment
2025-10-01,UPI-SPENCERS RETAIL-326226@ybl,1218.77,UPI,Groceries
2025-08-06,UPI-MAX HOSPI INDIA-106102@upi,3136.21,UPI,Health & Fitness
2026-01-10,UPI-BOOKMYSHOW-867713@paytm,957.7,UPI,Entertainment
2025-08-12,UPI-NETFLIX-15152@apl,619.23,UPI,Subscriptions
2025-12-21,UPI-BAJAJ FINSERV EMI-213149@ybl,3384.85,UPI,Transfers & Payments
2025-12-05,POS 256652 TATAPLAYDTH LTD DEL,447.71,POS,Utilities & Bills
2025-07-23,UPI-JIOMART PVT LTD-108548@ibl,1635.87,UPI,Groceries
2025-07-13,NEFT-AMZN*AMAZONPAYINDIA INDIA-N155535,799.17,NEFT,Shopping
2025-08-27,POS 107678 MORE SU LTD MUM,365.97,POS,Groceries
2025-08-13,UPI-NETFLIX-159442@ybl,281.68,UPI,Subscriptions
2025-09-15,POS 656106 RAPIDO BIKE PVT LTD MUM,59.42,POS,Transport
2025-11-13,POS 828175 CAFE COFFEE DAY DEL,322.77,POS,Dining
2026-01-16,UPI-HDFC CREDIT CARD AUTO-119661@ibl,7019.76,UPI,Transfers & Payments
2025-09-04,UPI-PVRCINEMAS INDIA-370737@okaxis,519.82,UPI,Entertainment
2026-05-22,UPI-INTERVIEWBIT LTD-402798@oksbi,2207.09,UPI,Shopping
2025-10-26,UPI-TATAPLAYDTH-750649@oksbi,438.84,UPI,Utilities & Bills
2025-10-29,POS 892913 MAXHOSPITAL LTD DEL,1747.66,POS,Health & Fitness
2025-07-31,NEFT-NYKAA PVT LTD-N890980,1886.99,NEFT,Shopping
2025-09-12,UPI-TATA 1MG-977582@oksbi,229.39,UPI,Health & Fitness
2025-08-06,ACH-RENT TRANSFER LANDLORD INDIA-769691,10013.88,ACH,Rent
2025-08-24,UPI-GPAY UPI-500988@apl,7119.68,UPI,Transfers & Payments
2025-08-10,UPI-DOMINOSPIZZA-597831@apl,614.17,UPI,Dining
2025-09-10,UPI-DOMINOS PIZZA PVT LTD-494024@oksbi,537.15,UPI,Dining
2025-09-18,UPI-AMZN*AMAZONPAYINDIA-634521@apl,344.62,UPI,Shopping
2026-06-14,POS 582074 BARBEQUE NATION INDIA MUM,2658.64,POS,Dining
2025-09-19,UPI-RELIANCEDIGITAL-547833@oksbi,38297.25,UPI,Shopping
2025-07-29,UPI-MCDONALDS LTD-863458@upi,578.65,UPI,Dining
2026-02-25,POS 173830 AIRTEL PAYME INDIA DEL,697.55,POS,Utilities & Bills
2025-08-23,UPI-SPOTIFYINDIA-817628@apl,128.0,UPI,Subscriptions
2025-08-03,UPI-ZEPTO-794270@okaxis,128.2,UPI,Groceries
2025-08-13,UPI-SWIGGY INSTAMART-48054@ibl,1171.83,UPI,Groceries
2025-12-06,UPI-FKRT*FLIPKART PVT LTD-789193@okaxis,4612.07,UPI,Shopping
2025-12-30,POS 348412 UDEMY ONLINE COURSE NOIDA,2489.7,POS,Shopping
2026-01-12,UPI-NYKAA PVT LTD-170054@ybl,1324.4,UPI,Shopping
2025-10-27,UPI-FAASOS LTD-807172@upi,128.56,UPI,Dining
2026-05-08,IMPS-470217-NEFT TRANSFER PVT LTD,31222.1,IMPS,Transfers & Payments
2026-02-06,UPI-BLUSMART INDIA-251725@ybl,597.31,UPI,Transport
2026-03-12,UPI-VODAFONEIDEA-150550@apl,793.04,UPI,Utilities & Bills
2026-02-18,UPI-AIRTELPAYMENTS PVT LTD-170316@paytm,215.7,UPI,Utilities & Bills
2026-06-29,UPI-OLA CABS PVT LTD-497250@okaxis,324.6,UPI,Transport
2026-04-18,NEFT-NYKAA PVT LTD-N421415,668.08,NEFT,Shopping
2026-01-04,UPI-APPLE MU PVT LTD-88546@upi,116.07,UPI,Subscriptions
2026-05-26,UPI-FKRT*FLIPKART LTD-734736@apl,1709.59,UPI,Shopping
2025-09-20,UPI-SWIGGY-234886@oksbi,716.04,UPI,Dining
2026-05-25,UPI-HOTSTAR-90991@ybl,941.6,UPI,Subscriptions
2025-10-04,IMPS-360057-IMPSINWARDP2P PVT LTD,9932.45,IMPS,Income
2026-02-18,UPI-BOOKSKHARIDOSTORE LTD-995609@oksbi,325.41,UPI,Shopping
2026-05-04,UPI-SPENCERS RETAIL-982949@apl,369.88,UPI,Groceries
2025-10-17,UPI-BOOKS KHARIDO STORE INDIA-283956@okaxis,784.92,UPI,Shopping
2025-08-11,UPI-SWIGGY INDIA-914612@oksbi,334.81,UPI,Dining
2025-07-28,UPI-HOTSTAR INDIA-359633@apl,404.78,UPI,Subscriptions
2026-04-01,UPI-MORE SUPERMARKET LTD-731532@oksbi,363.55,UPI,Groceries
2026-04-14,POS 209205 STEAM PURCHASE DEL,1710.29,POS,Entertainment
2025-12-10,UPI-VODAFONEIDEA INDIA-980180@ybl,361.03,UPI,Utilities & Bills
2025-07-02,UPI-REDBUS LTD-666104@oksbi,971.5,UPI,Transport
2025-10-05,UPI-JIO RECHAR LTD-631134@oksbi,188.71,UPI,Utilities & Bills
2026-04-22,IMPS-854309-BIGBASKET PVT LTD,677.93,IMPS,Groceries
2025-09-02,UPI-DELHI METRO RAIL INDIA-435166@oksbi,36.08,UPI,Transport
2025-08-02,UPI-NOBROKER RE LTD-580604@ibl,10529.15,UPI,Rent
2026-06-18,POS 737197 SNITCH PVT LTD GZB,2259.32,POS,Shopping
2025-08-01,NEFT-ASPECT RATIO SALARY-N978793,56766.04,NEFT,Income
2026-03-15,UPI-AJIO-701144@okaxis,2648.75,UPI,Shopping
2025-08-28,UPI-NATURESBASKET INDIA-997725@paytm,508.98,UPI,Groceries
2026-05-27,UPI-NETMEDS INDIA-8974@okaxis,792.42,UPI,Health & Fitness
2025-11-13,POS 707007 MEESHO INDIA BLR,150.02,POS,Shopping
2025-07-02,NEFT-ASPECT RATIO SALARY-N860868,71977.79,NEFT,Income
2026-02-06,IMPS-203019-RAPIDOBIKE INDIA,100.77,IMPS,Transport
2026-04-22,POS 764481 UBER IND INDIA BLR,148.25,POS,Transport
2025-08-20,UPI-RAPIDO BIKE LTD-529751@paytm,103.79,UPI,Transport
2025-09-20,POS 98784 DR LAL PATHLABS LTD DEL,401.71,POS,Health & Fitness
2025-07-15,UPI-PIZZA HUT-966313@paytm,496.17,UPI,Dining
2026-02-18,UPI-BURGER KING PVT LTD-196617@ybl,320.31,UPI,Dining
2025-11-03,UPI-BIGBASKET INDIA-808814@okaxis,1312.7,UPI,Groceries
2026-05-23,UPI-ZEPTO-117320@oksbi,787.76,UPI,Groceries
2025-10-01,UPI-DOMINOSPIZZA INDIA-886652@okaxis,708.18,UPI,Dining
2025-07-12,UPI-BLINKIT-221511@upi,258.69,UPI,Groceries
2025-10-03,NEFT-IMPSINWARDP2P LTD-N692710,3557.31,NEFT,Income
2025-12-23,UPI-JIO RECHARGE INDIA-644830@ibl,402.85,UPI,Utilities & Bills
2025-09-01,UPI-BURGERKING-562988@paytm,257.33,UPI,Dining
2025-08-28,POS 344450 MAX HOSPITAL BLR,958.8,POS,Health & Fitness
2026-03-04,UPI-PVRCINEMAS-366484@upi,573.73,UPI,Entertainment
2026-01-21,UPI-NATURES BASKET PVT LTD-182361@ybl,1102.48,UPI,Groceries
2025-08-05,IMPS-327720-INTEREST CREDIT SB AC,152.14,IMPS,Income
2026-02-14,UPI-NATURES BAS PVT LTD-856524@okaxis,959.63,UPI,Groceries
2025-12-28,UPI-ACTFIBERNET-472233@ybl,1332.9,UPI,Utilities & Bills
2025-11-28,UPI-PHONEPE UPI-370364@oksbi,117.84,UPI,Transfers & Payments
2025-10-04,UPI-RELIANCEFRESH-226636@upi,379.57,UPI,Groceries
2025-12-11,UPI-HALDIRAM PVT LTD-225156@oksbi,228.81,UPI,Dining
2026-01-14,UPI-IRCTC LTD-553874@ybl,323.3,UPI,Transport
2026-06-09,NEFT-SPENCERSRETAIL INDIA-N716267,943.39,NEFT,Groceries
2025-07-26,UPI-BLUSMART INDIA-50064@okaxis,229.85,UPI,Transport
2026-04-29,UPI-DOMINOSPIZZA-23301@okaxis,250.17,UPI,Dining
2025-11-23,NEFT-APOLLOPHARMACY INDIA-N39805,1223.51,NEFT,Health & Fitness
2026-05-01,IMPS-871161-ASPECTRATIOSALARY,75761.1,IMPS,Income
2025-12-25,UPI-INOX LEISU PVT LTD-518806@ibl,301.99,UPI,Entertainment
2026-05-25,UPI-INDIAN OIL PETROL-885028@okaxis,2698.22,UPI,Transport
2025-07-06,UPI-MCDONALDS PVT LTD-904231@upi,386.04,UPI,Dining
2026-01-05,UPI-BLINKIT-6181@upi,778.1,UPI,Groceries
2025-12-03,UPI-SWIGGYINSTAMART PVT LTD-722338@ibl,808.01,UPI,Groceries
2026-04-25,NEFT-RAPIDO  PVT LTD-N904762,43.5,NEFT,Transport
2026-06-08,UPI-ACTFIBERNET-253207@ibl,882.73,UPI,Utilities & Bills
2026-03-05,UPI-MEESHO PVT LTD-804421@okaxis,681.37,UPI,Shopping
2025-10-14,POS 519631 IRCTC DEL,399.32,POS,Transport
2025-10-05,POS 854536 SONY LI LTD GZB,705.03,POS,Subscriptions
2025-12-07,POS 889990 UDEMY ONLINE COURSE LTD GZB,429.03,POS,Shopping
2026-02-17,UPI-HALDIRAM-213882@apl,164.07,UPI,Dining
2025-12-05,UPI-BARBEQUE NATION-680878@paytm,847.73,UPI,Dining
2025-11-01,NEFT-CRED RENT PAYMENT LTD-N280714,10016.34,NEFT,Rent
2025-08-30,UPI-SONY LIV-372643@oksbi,330.48,UPI,Subscriptions
2025-07-28,UPI-REDBUS-52521@upi,604.85,UPI,Transport
2026-01-23,UPI-SBIPERSONALLOANEMI PVT LTD-556286@ibl,7436.57,UPI,Transfers & Payments
2025-08-26,UPI-FKRT*FLIPKART-939536@paytm,1788.27,UPI,Shopping
2025-10-24,UPI-JIOMART INDIA-411945@oksbi,317.45,UPI,Groceries
2025-10-14,UPI-XBOXSTORE LTD-365519@upi,790.29,UPI,Entertainment
2026-03-15,UPI-JIO RECHARGE-500917@upi,228.24,UPI,Utilities & Bills
2025-12-06,NEFT-NEFTINWARDREMITTANCE LTD-N349290,16385.53,NEFT,Income
2026-02-05,POS 277648 ZOMATO LTD DEL,142.73,POS,Dining
2026-02-28,UPI-APOLLO PHARMACY INDIA-916636@ybl,412.65,UPI,Health & Fitness
2025-11-26,UPI-ZOMATO-528587@ybl,564.61,UPI,Dining
2025-12-19,UPI-PHARMEA-270840@upi,469.51,UPI,Health & Fitness
2025-12-02,POS 813149 UBER INDIA GZB,178.53,POS,Transport
2025-07-11,POS 898859 JIOMART INDIA BLR,1039.1,POS,Groceries
2026-04-22,UPI-CAFE COFFEE DAY INDIA-377879@ybl,266.22,UPI,Dining
2025-11-18,UPI-MORE SUPERMARKET-943901@oksbi,1467.27,UPI,Groceries
2026-06-03,UPI-RENT TRANSFER LANDLORD INDIA-618766@oksbi,27870.58,UPI,Rent
2026-03-24,UPI-BIGBASKET-129934@oksbi,1728.36,UPI,Groceries
2025-07-05,UPI-INDRAPRA INDIA-714999@ybl,701.1,UPI,Utilities & Bills
2025-12-03,POS 17349 JIOMAR PVT LTD NOIDA,302.85,POS,Groceries
2026-03-08,UPI-SPENCERSRETAIL INDIA-370366@upi,1104.46,UPI,Groceries
2025-11-23,UPI-DOMINOS PIZZA-698644@apl,422.94,UPI,Dining
2025-10-09,UPI-PHONEP PVT LTD-230489@paytm,4555.55,UPI,Transfers & Payments
2025-08-20,UPI-REDBUS PVT LTD-627040@okaxis,442.05,UPI,Transport
2025-09-10,POS 263165 UDEMY ONLINE COURSE LTD BLR,850.62,POS,Shopping
2026-04-17,UPI-DMART INDIA-573344@ybl,853.38,UPI,Groceries
2025-09-05,NEFT-NOBROKER RE-N981292,19388.97,NEFT,Rent
2026-02-01,UPI-BLUSMART INDIA-30017@ibl,150.31,UPI,Transport
2026-05-11,POS 609512 PHARMEASY LTD GZB,337.94,POS,Health & Fitness
2025-07-28,POS 133053 YOUTUBE PREMIUM INDIA NOIDA,155.94,POS,Subscriptions
2025-08-13,POS 350682 SCALERACADEMY GZB,5237.16,POS,Shopping
2025-08-01,POS 708173 NATURESBASKET GZB,1229.32,POS,Groceries
2026-04-14,UPI-MCDONALDS INDIA-144028@ybl,510.5,UPI,Dining
2025-12-07,UPI-SPOTIFY INDIA-845750@oksbi,150.12,UPI,Subscriptions
2026-05-06,UPI-BLINKIT-102568@ybl,137.56,UPI,Groceries
2025-09-01,UPI-SCALERACADEMY INDIA-193984@apl,6379.78,UPI,Shopping
2026-06-05,IMPS-668101-NOBROKERRENTPAY LTD,10009.38,IMPS,Rent
2025-09-26,POS 504805 BURGER  INDIA MUM,183.51,POS,Dining
2026-06-07,UPI-EATCLUB INDIA-732541@apl,154.03,UPI,Dining
2025-11-23,UPI-INTERVIEWB INDIA-12554@ibl,1366.66,UPI,Shopping
2025-07-22,UPI-APPLE MUSIC PVT LTD-147070@oksbi,176.87,UPI,Subscriptions
2025-12-31,IMPS-366779-AMAZON PAY IND LTD,4110.07,IMPS,Shopping
2026-06-01,UPI-DELHIJALBOARD-356772@oksbi,506.89,UPI,Utilities & Bills
2026-06-03,POS 72523 DRLALPATHLABS INDIA NOIDA,768.6,POS,Health & Fitness
2026-03-17,UPI-DECATHLON-272818@ybl,2690.97,UPI,Shopping
2026-05-13,UPI-WATER BILL-48111@paytm,635.57,UPI,Utilities & Bills
2026-03-13,POS 340381 SWIGGY INDIA BLR,871.14,POS,Dining
2025-09-28,UPI-MAX HOSPITAL INDIA-793528@oksbi,8582.38,UPI,Health & Fitness
2025-08-07,UPI-KFC-662959@apl,200.43,UPI,Dining
2026-01-10,POS 584499 BLINKIT BLR,134.47,POS,Groceries
2025-09-21,UPI-SNITCH-611384@paytm,1291.57,UPI,Shopping
2025-09-10,UPI-SPOTIFY INDIA PVT LTD-813002@oksbi,144.84,UPI,Subscriptions
2026-06-06,ACH-NOBROKER RENT PAY-521277,10723.04,ACH,Rent
2025-12-30,UPI-NATURES BASKET-895877@ybl,1392.35,UPI,Groceries
2026-04-18,POS 313713 LEETCODEPREMIUM DEL,2646.02,POS,Shopping
2025-07-12,UPI-SPENCERSRETAIL PVT LTD-968073@apl,282.15,UPI,Groceries
2025-09-19,POS 561383 BOOKMYSHOW GZB,275.76,POS,Entertainment
2025-07-30,UPI-SNITCH-494856@okaxis,1353.42,UPI,Shopping
2025-12-19,UPI-BARBEQUE NATION-147054@ybl,1458.47,UPI,Dining
2025-08-01,NEFT-XBOXSTORE-N845797,3645.45,NEFT,Entertainment
2025-08-04,IMPS-975508-ASPECT RATIO SALARY,50259.81,IMPS,Income
2025-07-22,UPI-VODAFONEIDEA INDIA-533261@ybl,508.5,UPI,Utilities & Bills
2025-10-25,POS 28633 SNITCH BLR,1070.71,POS,Shopping
2026-04-04,NEFT-CREDRENTPAYMENT INDIA-N730222,10313.69,NEFT,Rent
2026-02-10,UPI-PLAYSTATIONSTORE-948442@okaxis,933.14,UPI,Entertainment
2025-08-17,UPI-UBER INDIA LTD-434130@upi,317.87,UPI,Transport
2025-07-08,UPI-PRACTO LTD-853095@paytm,302.93,UPI,Health & Fitness
2025-12-08,UPI-DOMINOSPIZZA LTD-307616@ybl,452.06,UPI,Dining
2025-08-09,POS 216860 AJIO NOIDA,1941.89,POS,Shopping
2025-12-02,UPI-MAX HOSPITAL-307900@apl,4558.88,UPI,Health & Fitness
2026-04-04,UPI-TATA P PVT LTD-945164@oksbi,2242.06,UPI,Utilities & Bills
2025-09-09,UPI-HOTSTAR-242734@okaxis,959.51,UPI,Subscriptions
2025-09-11,POS 733264 RELIANCEFRESH LTD NOIDA,749.09,POS,Groceries
2025-07-18,UPI-AJIO-403838@okaxis,2521.1,UPI,Shopping
2026-01-13,POS 466588 KFC INDIA DEL,225.19,POS,Dining
2026-06-04,UPI-REDBUS-801059@okaxis,1629.74,UPI,Transport
2026-04-02,IMPS-762042-INTEREST CREDIT SB AC PVT LTD,1406.51,IMPS,Income
2025-07-30,POS 407963 INTERVIEWBIT MUM,3948.19,POS,Shopping
2026-04-17,UPI-CRED PAYMENT PVT LTD-171444@oksbi,6942.79,UPI,Transfers & Payments
2025-07-08,UPI-SBIPERSONALLOANEMI PVT LTD-90691@ybl,10949.64,UPI,Transfers & Payments
2026-05-12,UPI-SPENCERSRETAIL PVT LTD-692252@okaxis,995.85,UPI,Groceries
2026-04-18,UPI-APOLLO PHARMACY PVT LTD-889765@ybl,375.75,UPI,Health & Fitness
2025-12-31,UPI-ZOMATO INDIA-62430@ibl,807.5,UPI,Dining
2025-08-02,UPI-SPENCERS R PVT LTD-273148@apl,518.44,UPI,Groceries
2026-05-13,UPI-ZEPTO LTD-121005@upi,101.19,UPI,Groceries
2025-12-10,UPI-AMAZONPRIME LTD-64766@upi,1479.81,UPI,Subscriptions
2025-12-28,POS 247097 HDFC H MUM,15238.33,POS,Transfers & Payments
2025-10-30,UPI-AJIO-390398@apl,2498.15,UPI,Shopping
2025-09-12,POS 827450 INTERVIEWBIT MUM,1448.86,POS,Shopping
2025-11-28,UPI-COURSERA LTD-387192@paytm,2253.82,UPI,Shopping
2026-05-08,UPI-EATCLUB PVT LTD-536608@upi,363.42,UPI,Dining
2026-01-10,NEFT-COURSERA-N689976,3582.36,NEFT,Shopping
2025-10-23,IMPS-661943-OLA CABS,206.23,IMPS,Transport
2026-03-28,POS 496273 AJIO GZB,1239.32,POS,Shopping
2025-11-28,POS 255880 IRCTC PVT LTD MUM,417.28,POS,Transport
2026-02-13,POS 380459 OLA CABS INDIA DEL,132.04,POS,Transport
2026-05-06,POS 241924 COURSERA INDIA GZB,4055.86,POS,Shopping
2026-01-25,UPI-NEFT TRANSFER LTD-635960@okaxis,32035.95,UPI,Transfers & Payments
2026-02-01,UPI-OLA CA-519206@upi,406.31,UPI,Transport
2025-07-08,POS 277169 ZEPTO INDIA GZB,504.85,POS,Groceries
2025-07-18,UPI-AJIO-724566@ybl,3437.9,UPI,Shopping
2026-02-02,NEFT-WOWMOMO INDIA-N731782,177.55,NEFT,Dining
2025-12-20,UPI-BOOKMYSHOW-114006@upi,202.66,UPI,Entertainment
2026-01-26,NEFT-INOX LEISURE INDIA-N304343,816.64,NEFT,Entertainment
2026-04-28,UPI-XBOX STORE-88859@ybl,3307.34,UPI,Entertainment
2026-02-18,POS 186306 INDRAPRASTHAGAS INDIA GZB,974.26,POS,Utilities & Bills
2026-03-10,UPI-BLINKIT-543824@ibl,402.58,UPI,Groceries
2025-12-04,UPI-NOBROKERRENTPAY LTD-151152@paytm,23251.5,UPI,Rent
2026-03-23,UPI-XBOXSTORE-330638@paytm,922.27,UPI,Entertainment
2026-02-10,UPI-KFC LTD-303491@okaxis,688.87,UPI,Dining
2025-09-11,POS 880535 PVRCINEMAS GZB,812.84,POS,Entertainment
2026-04-03,IMPS-513088-ZOMATO,660.59,IMPS,Dining
2026-04-19,UPI-MCDONAL-133307@apl,242.69,UPI,Dining
2026-02-04,IMPS-292979-ASPECTRATIOSALARY LTD,71411.52,IMPS,Income
2025-10-22,POS 165340 HALDIRAM PVT LTD GZB,144.98,POS,Dining
2025-12-09,POS 455429 MYNTRA DEL,3529.52,POS,Shopping
2026-04-12,UPI-CULTFIT-996290@upi,1483.72,UPI,Health & Fitness
2025-10-21,UPI-SPENCERS RETAIL PVT LTD-493951@ybl,505.17,UPI,Groceries
2025-10-10,UPI-NATURES BASKET-998020@ibl,1549.02,UPI,Groceries
2026-03-09,UPI-BOOKMYSHOW LTD-745479@ybl,201.96,UPI,Entertainment
2026-04-25,UPI-PLAYSTATIONSTORE PVT LTD-508755@ibl,2010.5,UPI,Entertainment
2025-11-27,POS 836448 DMART INDIA NOIDA,1393.54,POS,Groceries
2025-08-27,UPI-TATA POWER DDL PVT LTD-440976@oksbi,870.59,UPI,Utilities & Bills
2025-12-11,UPI-NETFLIX PVT LTD-731824@oksbi,422.55,UPI,Subscriptions
2026-03-08,POS 31369 NETMEDS LTD MUM,225.37,POS,Health & Fitness
2025-12-13,UPI-MORESUPERMARKET PVT LTD-432204@oksbi,1050.89,UPI,Groceries
2025-11-15,NEFT-MEESHO PVT LTD-N668173,853.48,NEFT,Shopping
2025-09-24,UPI-REDBUS-641419@okaxis,423.38,UPI,Transport
2025-08-16,POS 957540 JIO RECHARGE PVT LTD MUM,648.84,POS,Utilities & Bills
2026-01-02,UPI-JIO REC-415739@apl,586.98,UPI,Utilities & Bills
2025-12-17,NEFT-ZEPTO-N38827,671.87,NEFT,Groceries
2026-01-20,UPI-PLAYSTATION STORE-165569@okaxis,818.09,UPI,Entertainment
2025-09-02,UPI-BIGBASKET INDIA-688106@oksbi,436.14,UPI,Groceries
2025-08-09,POS 22133 INOXLEISURE INDIA DEL,796.38,POS,Entertainment
2026-04-28,UPI-VODAFONE IDEA LTD-872861@ibl,776.64,UPI,Utilities & Bills
2025-07-12,UPI-CULTFIT INDIA-213511@paytm,674.6,UPI,Health & Fitness
2026-02-05,UPI-SONYLIV INDIA-589247@okaxis,462.54,UPI,Subscriptions
2025-11-04,ACH-FDMATURITYPROCEEDS INDIA-763899,23946.09,ACH,Income
2026-02-17,POS 417650 HPPETROLPUMP BLR,999.71,POS,Transport
2025-12-18,UPI-AJIO-101022@ibl,488.81,UPI,Shopping
2025-08-02,ACH-NOBROKER RENT-759154,24100.24,ACH,Rent
2025-11-07,POS 39283 APOLLO PHAR LTD MUM,764.6,POS,Health & Fitness
2025-10-16,UPI-JIO RECHARGE INDIA-573091@oksbi,232.28,UPI,Utilities & Bills
2026-03-05,UPI-HOTSTA-447380@upi,306.21,UPI,Subscriptions
2025-09-01,UPI-ZMT*ZOMATO INDIA-912998@paytm,121.19,UPI,Dining
2026-03-26,UPI-DECATHL INDIA-10708@okaxis,562.22,UPI,Shopping
2026-05-11,UPI-PHONEPE UPI-682805@ybl,498.54,UPI,Transfers & Payments
2026-01-07,POS 486365 BSES RAJDH INDIA BLR,3567.66,POS,Utilities & Bills
2026-02-28,UPI-HDFCCREDITCARDAUTOPAY INDIA-188931@ybl,7870.01,UPI,Transfers & Payments
2025-10-05,UPI-HDFCHOMELOANEMI-564852@oksbi,17191.69,UPI,Transfers & Payments
2025-08-04,UPI-CAFECOFFEEDAY-927252@ybl,135.7,UPI,Dining
2026-02-04,UPI-MCDONALDS PVT LTD-386115@ibl,414.72,UPI,Dining
2026-06-03,UPI-NEFTTRANSFER-160825@paytm,27159.2,UPI,Transfers & Payments
2025-09-03,UPI-DMART-677153@apl,866.62,UPI,Groceries
2026-05-12,UPI-WATER BILL INDIA-220473@ybl,200.0,UPI,Utilities & Bills
2026-05-11,UPI-BIGBASKET LTD-499560@apl,400.0,UPI,Groceries
2026-02-11,UPI-ZOMATO PVT LTD-318255@ibl,570.54,UPI,Dining
2026-01-14,UPI-MORE SUPERMARKET PVT LTD-327905@apl,554.21,UPI,Groceries
2025-09-24,POS 746902 WATER BILL PVT LTD BLR,623.24,POS,Utilities & Bills
2025-11-06,POS 944468 TATA PLAY DTH NOIDA,512.61,POS,Utilities & Bills
2026-06-09,POS 225164 RELIANCEFRESH INDIA GZB,607.38,POS,Groceries
2025-09-30,UPI-SBI PERSONAL LOAN EMI-206349@oksbi,6303.15,UPI,Transfers & Payments
2025-08-18,UPI-SPENCERS RETAIL PVT LTD-528217@paytm,678.63,UPI,Groceries
2026-01-20,UPI-KFC PVT LTD-288492@upi,201.64,UPI,Dining
2026-02-27,POS 515117 JIO RECHARGE INDIA BLR,339.53,POS,Utilities & Bills
2025-07-03,NEFT-CREDRENTPAYMENT LTD-N740916,20839.7,NEFT,Rent
2026-01-07,NEFT-RENT TRANSFER LANDLORD-N465915,18127.57,NEFT,Rent
2025-11-20,POS 687927 SWIGGY LTD GZB,544.19,POS,Dining
2025-09-25,POS 758213 BLUSMART MUM,269.97,POS,Transport
2026-06-07,UPI-PAYTM UPI-203312@apl,11633.39,UPI,Transfers & Payments
2026-02-13,UPI-KFC-209334@upi,327.75,UPI,Dining
2026-04-14,UPI-SWIGGYINSTAMART PVT LTD-489900@ibl,884.03,UPI,Groceries
2025-08-16,UPI-CAFECOFFEEDAY-195677@okaxis,204.84,UPI,Dining
2025-10-20,POS 86222 HDFC CREDIT CARD AUTOPAY INDIA BLR,5084.06,POS,Transfers & Payments
2025-09-06,UPI-AMAZONPRIME INDIA-741204@okaxis,337.02,UPI,Subscriptions
2025-10-05,UPI-HALDIRAM LTD-186715@okaxis,126.91,UPI,Dining
2026-04-23,UPI-MYNTRA-472516@apl,1833.5,UPI,Shopping
2025-09-05,IMPS-364773-RENT TRANSFER LANDLORD INDIA,18346.53,IMPS,Rent
2026-06-24,UPI-HOTSTAR-871168@upi,1056.09,UPI,Subscriptions
2025-10-20,UPI-PIZZA -543145@upi,538.98,UPI,Dining
2026-01-07,UPI-SCALER ACADEMY-946055@paytm,7598.09,UPI,Shopping
2025-07-05,POS 351971 HALDIRAM INDIA MUM,267.9,POS,Dining
2026-02-25,UPI-HALDIR INDIA-849530@ibl,183.34,UPI,Dining
2026-02-28,POS 759510 ACT FIBERNET PVT LTD MUM,988.9,POS,Utilities & Bills
2025-10-28,UPI-LEETCODE PREMIUM-114094@oksbi,4404.55,UPI,Shopping
2025-07-15,UPI-SPENCERSRETAIL LTD-968157@okaxis,1221.87,UPI,Groceries
2026-04-17,UPI-NEFT TRANSFER LTD-696632@okaxis,31470.24,UPI,Transfers & Payments
2025-09-11,UPI-SWIGGY INDIA-416229@ybl,285.47,UPI,Dining
2025-12-02,POS 248656 SPOTIFYINDIA LTD BLR,134.25,POS,Subscriptions
2026-01-08,POS 362456 PVRCINEMAS LTD DEL,499.49,POS,Entertainment
2026-02-27,UPI-XBOX STORE INDIA-741529@ybl,2537.89,UPI,Entertainment
2025-09-07,UPI-DOMINOSPIZZA PVT LTD-942643@okaxis,619.63,UPI,Dining
2026-03-31,UPI-STEAMPURCHASE INDIA-703416@upi,2841.61,UPI,Entertainment
2025-10-29,UPI-EATCLUB PVT LTD-526814@apl,150.0,UPI,Dining
2026-05-27,NEFT-ACTFIBERNET INDIA-N198101,701.57,NEFT,Utilities & Bills
2026-05-31,UPI-OLACABS LTD-299806@okaxis,142.84,UPI,Transport
2026-02-01,UPI-APOLLOPHARMACY INDIA-716485@ibl,1074.32,UPI,Health & Fitness
2025-08-21,UPI-MYNTRA INDIA-843583@apl,400.54,UPI,Shopping
2026-06-17,UPI-FASTAG RECHAR INDIA-443978@apl,202.38,UPI,Transport
2026-02-16,UPI-AJIO PVT LTD-886174@ibl,3327.45,UPI,Shopping
2026-03-30,IMPS-158692-DOMINOS PIZZA,250.03,IMPS,Dining
2026-03-21,UPI-IMPS TRANSFER INDIA-457013@paytm,6872.14,UPI,Transfers & Payments
2025-07-26,UPI-CAFE COFFEE DAY PVT LTD-265583@oksbi,134.16,UPI,Dining
2025-09-30,UPI-SWIGGYINSTAMART INDIA-19369@oksbi,260.66,UPI,Groceries
2025-07-19,UPI-YOUTUBE PREM LTD-184745@paytm,146.17,UPI,Subscriptions
2026-02-06,UPI-DOMINOS PIZZA PVT LTD-481280@upi,459.54,UPI,Dining
2026-02-01,ACH-FDMATURITYPROCEEDS PVT LTD-41147,11938.21,ACH,Income
2025-08-10,UPI-BAJAJFINSERVEMI PVT LTD-444054@oksbi,2003.01,UPI,Transfers & Payments
2025-08-10,POS 123080 PHONEPE UPI INDIA BLR,6585.83,POS,Transfers & Payments
2025-11-02,UPI-IMPS TRANSFER-393415@ibl,7097.73,UPI,Transfers & Payments
2026-06-18,UPI-CULT FIT PVT LTD-526927@upi,505.23,UPI,Health & Fitness
2025-11-17,POS 20628 RAPIDOBIKE LTD NOIDA,109.11,POS,Transport
2026-05-22,UPI-NATURESBASKET LTD-236745@paytm,1154.58,UPI,Groceries
2026-06-30,UPI-SPENCERS RETAIL INDIA-617472@oksbi,723.82,UPI,Groceries
2026-04-12,UPI-REDBUS PVT LTD-336169@okaxis,1347.41,UPI,Transport
2026-03-30,UPI-BURGER KING INDIA-269113@oksbi,150.42,UPI,Dining
2026-04-03,IMPS-388125-RENTTRANSFERLANDLORD,11848.72,IMPS,Rent
2025-07-16,POS 175833 STEAMPURCHASE GZB,633.83,POS,Entertainment
2025-11-23,POS 247120 AMAZON PAY INDIA INDIA NOIDA,4273.12,POS,Shopping
2025-09-02,NEFT-EATCLUB LTD-N222569,494.51,NEFT,Dining
2026-01-22,POS 788775 VODAFONE IDEA PVT LTD BLR,297.64,POS,Utilities & Bills
2026-05-19,POS 527704 INDRAPRASTHAGAS PVT LTD GZB,711.92,POS,Utilities & Bills
2026-02-23,UPI-MORESUPERMARKET INDIA-165592@apl,241.02,UPI,Groceries
2026-02-23,POS 402975 JIOMART GZB,1025.13,POS,Groceries
2025-07-15,UPI-PAYTM UPI LTD-640323@ibl,5142.11,UPI,Transfers & Payments
2025-07-12,POS 175544 EATCLUB LTD GZB,286.94,POS,Dining
2026-05-04,UPI-HOTSTAR INDIA-579874@ibl,1193.63,UPI,Subscriptions
2026-01-06,IMPS-496104-RENT TRANSFER LANDLORD LTD,27564.66,IMPS,Rent
2025-11-01,NEFT-INTEREST CREDIT SB AC LTD-N606659,504.1,NEFT,Income
2025-11-01,UPI-SPENCERS RETAIL INDIA-525513@upi,216.06,UPI,Groceries
2025-09-20,POS 8217 INDRAPRASTHAGAS DEL,911.67,POS,Utilities & Bills
2026-01-14,IMPS-273660-HPPETROLPUMP INDIA,2450.8,IMPS,Transport
2026-03-31,UPI-WATER BILL INDIA-505163@apl,516.27,UPI,Utilities & Bills
2025-07-21,POS 660835 MORESUPERMARKET NOIDA,438.79,POS,Groceries
2026-04-23,POS 758065 DOMINOS PIZZA BLR,323.86,POS,Dining
2026-03-05,NEFT-SPOTIFYINDIA-N347057,151.98,NEFT,Subscriptions
2025-11-03,UPI-BURGER KING PVT LTD-310636@upi,229.09,UPI,Dining
2026-05-01,UPI-DRLALPATHLABS LTD-156214@ibl,616.3,UPI,Health & Fitness
2025-11-27,UPI-RELIANCEFRESH LTD-596213@upi,320.73,UPI,Groceries
2026-06-21,UPI-XBOXSTORE-307533@apl,1016.71,UPI,Entertainment
2026-04-25,POS 13652 NETFLIX MUM,258.68,POS,Subscriptions
2025-09-26,UPI-LEETCODE PREMIUM LTD-616656@apl,5136.51,UPI,Shopping
2026-03-06,POS 506468 ACT FIBERNET BLR,887.4,POS,Utilities & Bills
2025-12-06,UPI-OLACABS LTD-292835@ibl,334.23,UPI,Transport
2026-02-21,UPI-MAX HOSPITAL-881779@upi,7295.22,UPI,Health & Fitness
2025-10-12,POS 418848 PRACTO DEL,753.18,POS,Health & Fitness
2026-03-31,UPI-MEESHO-916003@paytm,1138.84,UPI,Shopping
2025-11-03,UPI-EATCLUB LTD-724201@upi,407.37,UPI,Dining
2026-05-08,UPI-NATURESBASKET PVT LTD-96797@upi,361.38,UPI,Groceries
2026-03-03,ACH-RENTTRANSFERLANDLORD LTD-256790,16860.36,ACH,Rent
2025-07-27,UPI-TATAPLAYDTH-206967@oksbi,306.78,UPI,Utilities & Bills
2026-04-28,UPI-MCDONALDS INDIA-315531@ibl,150.04,UPI,Dining
2026-02-12,POS 618545 AJIO LTD GZB,2169.62,POS,Shopping
2026-05-04,POS 345603 PHONEPEUPI LTD GZB,4747.83,POS,Transfers & Payments
2026-03-30,UPI-DMART PVT LTD-711769@ibl,1132.68,UPI,Groceries
2025-10-02,IMPS-494361-NETFLIX,309.61,IMPS,Subscriptions
2025-08-18,POS 360065 MORE SUPERMARKET INDIA GZB,1079.58,POS,Groceries
2025-10-18,POS 336560 BLINKIT PVT LTD GZB,300.4,POS,Groceries
2026-06-10,UPI-YOUTUBEPREMIUM LTD-202225@apl,138.42,UPI,Subscriptions
2025-09-19,UPI-ZEPTO-497789@upi,383.44,UPI,Groceries
2025-11-12,UPI-MEESHO PVT LTD-153029@okaxis,266.94,UPI,Shopping
2026-02-03,UPI-BLUSMART INDIA-6948@apl,547.61,UPI,Transport
2025-09-10,UPI-BARBEQUE NATION PVT LTD-21425@apl,1891.41,UPI,Dining
2026-01-08,UPI-DMART INDIA-830339@oksbi,765.18,UPI,Groceries
2026-05-13,POS 79042 BSES RAJDH BLR,590.07,POS,Utilities & Bills
2025-07-24,UPI-XBOX STORE INDIA-722211@upi,1330.23,UPI,Entertainment
2025-07-31,UPI-SPENCERSRETAIL PVT LTD-290455@ibl,377.44,UPI,Groceries
2025-09-06,IMPS-865352-ASPECTRATIOSALARY INDIA,50921.4,IMPS,Income
2026-04-14,UPI-KFC LTD-344767@ibl,349.38,UPI,Dining
2025-11-27,UPI-YOUTUBE PREMIUM LTD-810606@apl,129.28,UPI,Subscriptions
2026-01-01,IMPS-784572-CULTFIT INDIA,2456.23,IMPS,Health & Fitness
2026-01-02,UPI-NATURESBASKET PVT LTD-268762@ibl,1250.27,UPI,Groceries
2026-02-04,UPI-SWIGGY INDIA-837865@paytm,659.51,UPI,Dining
2026-04-16,UPI-WOW MO-916491@apl,126.74,UPI,Dining
2026-05-21,UPI-TATAPOWERDDL-593767@paytm,3821.92,UPI,Utilities & Bills
2026-03-20,UPI-PRACTO-602804@oksbi,486.07,UPI,Health & Fitness
2026-02-06,POS 474210 BAJAJ FINSERV EMI INDIA BLR,4538.46,POS,Transfers & Payments
2026-02-18,UPI-FAASOS-421967@ibl,148.49,UPI,Dining
2025-10-24,UPI-SONYLIV LTD-272426@apl,333.78,UPI,Subscriptions
2026-05-31,UPI-HOTSTAR-971306@okaxis,1256.46,UPI,Subscriptions
2025-09-14,UPI-PLAYSTATIONSTORE LTD-106797@paytm,1495.89,UPI,Entertainment
2026-04-03,POS 344367 HDFCHOMELOANEMI MUM,32240.96,POS,Transfers & Payments
2026-02-03,UPI-SPOTIFY INDIA LTD-982784@ybl,166.72,UPI,Subscriptions
2026-01-09,UPI-CAFECOFFEEDAY LTD-399895@paytm,159.89,UPI,Dining
2026-04-29,POS 184602 IRCTC GZB,2134.99,POS,Transport
2025-10-16,UPI-BOOKMYSHOW INDIA-777619@ibl,366.98,UPI,Entertainment
2025-08-16,UPI-PAYTM UPI PVT LTD-502197@okaxis,5250.35,UPI,Transfers & Payments
2026-02-01,UPI-HDFC HO PVT LTD-378898@okaxis,28995.8,UPI,Transfers & Payments
2026-06-25,UPI-SNITCH INDIA-919491@oksbi,500.5,UPI,Shopping
2025-11-05,UPI-GPAYUPI-135163@ibl,582.79,UPI,Transfers & Payments
2025-10-16,UPI-BOOKMYSHOW PVT LTD-390759@ibl,423.76,UPI,Entertainment
2026-03-23,UPI-DOMINOS PIZZA LTD-383801@paytm,590.27,UPI,Dining
2026-05-17,UPI-MCDONALDS PVT LTD-653123@okaxis,150.36,UPI,Dining
2025-07-18,POS 958954 ZOMATO LTD NOIDA,121.69,POS,Dining
2025-09-25,POS 366603 FASTAGRECHARGE BLR,206.79,POS,Transport
2026-02-23,IMPS-462809-BAJAJ FINSERV EMI,2108.39,IMPS,Transfers & Payments
2026-02-26,UPI-JIO RECHARGE PVT LTD-135425@okaxis,515.2,UPI,Utilities & Bills
2025-08-19,POS 230964 FASTAG RE LTD GZB,213.48,POS,Transport
2025-08-18,POS 931000 SBI PERSONAL LOAN EMI PVT LTD GZB,5110.73,POS,Transfers & Payments
2025-12-02,POS 701822 ZEPTO INDIA GZB,316.25,POS,Groceries
2025-09-06,POS 694320 TATAPOWERDDL PVT LTD BLR,1674.84,POS,Utilities & Bills
2026-01-14,POS 192021 HDFC HOME LOAN EMI LTD DEL,15408.72,POS,Transfers & Payments
2026-01-20,UPI-PIZZAHUT-505130@oksbi,741.37,UPI,Dining
2025-10-18,UPI-SPENCERS R-462229@paytm,921.46,UPI,Groceries
2025-12-20,NEFT-YOUTUBE PREMIUM LTD-N268685,135.98,NEFT,Subscriptions
2026-06-01,IMPS-801345-CRED RENT PAYMENT PVT LTD,15388.73,IMPS,Rent
2025-07-14,UPI-HALDIRAM LTD-100178@ybl,480.32,UPI,Dining
2025-09-07,UPI-RENTTRANSFERLANDLORD INDIA-458351@ibl,29377.39,UPI,Rent
2026-03-19,UPI-WOWMOMO LTD-814602@paytm,109.87,UPI,Dining
2025-09-16,UPI-PLAYSTATION STORE-551549@paytm,2741.46,UPI,Entertainment
2026-03-29,POS 106002 IRCTC LTD BLR,1186.84,POS,Transport
2026-04-05,ACH-RENT TRAN PVT LTD-52288,28395.8,ACH,Rent
2026-03-25,UPI-PHONEPE UPI INDIA-491737@okaxis,468.72,UPI,Transfers & Payments
2026-06-28,UPI-HDFC HOME LOAN EMI PVT LTD-219895@upi,22518.26,UPI,Transfers & Payments
2025-09-10,POS 802733 HDFCHOMELOANEMI LTD BLR,18061.35,POS,Transfers & Payments
2025-10-08,UPI-BARBEQUENATION PVT LTD-74957@ybl,2841.73,UPI,Dining
2026-04-26,UPI-MORE SUPERMARKET LTD-216829@oksbi,226.36,UPI,Groceries
2025-08-30,UPI-RELIANCE F-810142@upi,665.58,UPI,Groceries
2025-09-02,UPI-NATURES BA INDIA-162141@paytm,1617.16,UPI,Groceries
2025-11-17,UPI-XBOX STORE-401033@apl,3279.31,UPI,Entertainment
2025-09-25,UPI-CAFE COFFEE DAY INDIA-796302@okaxis,115.14,UPI,Dining
2026-05-03,UPI-BURGER KING LTD-912591@apl,326.84,UPI,Dining
2025-07-06,IMPS-884241-NOBROKERRENTPAY PVT LTD,20485.04,IMPS,Rent
2025-12-16,UPI-DMART PVT LTD-88129@paytm,525.57,UPI,Groceries
2025-10-22,UPI-MAX HOSPITAL PVT LTD-110015@apl,6985.72,UPI,Health & Fitness
2026-06-07,UPI-LEETCODEPREMIUM-114034@ibl,9877.18,UPI,Shopping
2025-08-30,UPI-NETFLIX LTD-379222@ibl,402.58,UPI,Subscriptions
2025-07-03,IMPS-894631-IMPS INWARD P2P INDIA,2516.7,IMPS,Income
2026-05-06,IMPS-227533-RENT TRANSFER LANDLORD,16428.19,IMPS,Rent
2026-01-28,UPI-HALDIRAM INDIA-891691@okaxis,151.43,UPI,Dining
2025-11-05,IMPS-341275-HOTSTAR,550.94,IMPS,Subscriptions
2025-09-21,POS 680778 PHONEPEUPI MUM,11018.01,POS,Transfers & Payments
2025-08-15,POS 565380 PVRCINEMAS BLR,390.17,POS,Entertainment
2025-12-08,UPI-OLA CABS LTD-794315@oksbi,97.16,UPI,Transport
2025-12-07,UPI-NOBROKER RE LTD-177730@okaxis,10005.07,UPI,Rent
2026-06-24,NEFT-DMART PVT LTD-N794531,1283.78,NEFT,Groceries
2025-10-10,POS 960129 SPENCERSRETAIL NOIDA,1144.14,POS,Groceries
2026-01-20,UPI-HALDIRAM INDIA-109659@apl,465.63,UPI,Dining
2025-08-12,UPI-DRLALPATHLABS LTD-465032@apl,404.32,UPI,Health & Fitness
2025-10-23,UPI-TATA POWER DDL LTD-258269@ybl,1178.7,UPI,Utilities & Bills
2025-11-02,UPI-TATA 1MG-507748@apl,410.11,UPI,Health & Fitness
2025-10-04,UPI-WATER BILL-420028@upi,398.69,UPI,Utilities & Bills
2025-11-06,ACH-IMPS INWARD P2P PVT LTD-843453,6606.25,ACH,Income
2025-10-29,NEFT-COURSERA PVT LTD-N81782,4753.82,NEFT,Shopping
2026-04-02,UPI-BURGER KING-963046@apl,538.49,UPI,Dining
2026-05-06,UPI-PLAYSTATIONSTORE PVT LTD-753420@upi,1955.93,UPI,Entertainment
2026-04-21,UPI-BSES RAJDHANI POWER INDIA-649865@oksbi,1364.99,UPI,Utilities & Bills
2026-02-15,UPI-DECATHLON-940358@okaxis,1522.28,UPI,Shopping
2025-08-03,POS 598429 BOOKMYSHOW PVT LTD MUM,1366.72,POS,Entertainment
2026-02-06,UPI-XBOX STORE LTD-416494@ybl,2032.93,UPI,Entertainment
2026-04-18,UPI-DELHI METRO RAIL-993233@oksbi,22.7,UPI,Transport
2025-07-04,UPI-WATER BILL-747705@apl,277.05,UPI,Utilities & Bills
2026-03-29,UPI-SWIGGY LTD-261885@ibl,586.96,UPI,Dining
2026-03-11,UPI-HDFC CREDIT CARD AUTOPAY PVT LTD-94434@paytm,22694.28,UPI,Transfers & Payments
2026-01-12,POS 889422 ACT FIBERNET LTD MUM,726.79,POS,Utilities & Bills
2025-11-07,POS 421927 RAPIDO  PVT LTD BLR,48.22,POS,Transport
2025-08-18,UPI-BAJAJ -64859@ibl,2020.99,UPI,Transfers & Payments
2026-03-28,UPI-RAPIDOBIKE PVT LTD-404443@okaxis,40.12,UPI,Transport
2025-08-02,IMPS-523401-FDMATURITYPROCEEDS,12974.18,IMPS,Income
2026-06-15,UPI-RELIANCE FRESH-393343@ibl,240.69,UPI,Groceries
2026-02-13,UPI-DECATHLON-981725@ibl,4050.31,UPI,Shopping
2025-12-07,POS 367009 PHARMEASY BLR,620.1,POS,Health & Fitness
2026-05-05,UPI-BLINKIT-965689@okaxis,891.55,UPI,Groceries
2026-02-15,POS 69643 NEFT TRANSFER MUM,3970.64,POS,Transfers & Payments
2026-01-23,UPI-CAFECOFFEEDAY-962135@oksbi,297.27,UPI,Dining
2026-03-01,NEFT-FD MATURITY PROCEEDS PVT LTD-N957161,35027.63,NEFT,Income
2026-04-06,UPI-DELHI JAL BOARD PVT LTD-336876@ybl,320.37,UPI,Utilities & Bills
2026-01-10,UPI-MORESUPERMARKET-516101@paytm,334.38,UPI,Groceries
2025-11-25,UPI-LEETCODE PREMIUM-554176@apl,2518.2,UPI,Shopping
2026-04-19,POS 561245 PHONEPE  DEL,144.35,POS,Transfers & Payments
2026-04-02,UPI-IRCTC INDIA-775415@ibl,904.03,UPI,Transport
2025-07-23,POS 480444 RELIANCE FRESH BLR,1235.19,POS,Groceries
2026-03-11,POS 17350 BOOKMYSHOW DEL,1305.32,POS,Entertainment
2025-07-03,NEFT-BLINKIT PVT LTD-N186658,976.9,NEFT,Groceries
2025-07-02,IMPS-652966-NOBROKERRENTPAY LTD,18938.72,IMPS,Rent
2026-04-06,ACH-IMPS INWARD P2P PVT LTD-215828,8899.07,ACH,Income
2025-07-06,UPI-HOTSTAR INDIA-292595@apl,1273.33,UPI,Subscriptions
2025-07-06,UPI-NETMEDS INDIA-44829@upi,767.91,UPI,Health & Fitness
2026-05-23,UPI-BURGERKING LTD-947043@apl,245.47,UPI,Dining
2025-11-09,UPI-RELIANCE FRESH INDIA-299641@ibl,306.66,UPI,Groceries
2025-08-04,NEFT-NOBROKER RENT PAY LTD-N997366,10149.66,NEFT,Rent
2026-03-01,ACH-RENT TR-240751,10028.93,ACH,Rent
2025-08-04,POS 389918 OLACABS NOIDA,308.97,POS,Transport
2026-03-15,POS 806882 FLIPKART LTD BLR,2722.37,POS,Shopping
2025-12-22,NEFT-ZOMATO PVT LTD-N967619,144.03,NEFT,Dining
2025-09-17,UPI-FLIPKART-67741@ybl,362.44,UPI,Shopping
2026-02-11,UPI-NATURESBASKET LTD-631886@ibl,440.82,UPI,Groceries
2025-07-30,IMPS-430836-WOWMOMO,167.09,IMPS,Dining
2025-12-12,UPI-BURGERKING LTD-946311@paytm,337.32,UPI,Dining
2026-01-15,UPI-ZOMATO-899632@ybl,573.11,UPI,Dining
2026-05-29,UPI-WOW MOMO INDIA-983736@ibl,203.94,UPI,Dining
2025-10-30,UPI-SPENCERS RETAIL-263188@okaxis,1448.85,UPI,Groceries
2025-09-17,NEFT-SONY LI LTD-N152422,356.6,NEFT,Subscriptions
2025-09-21,IMPS-453708-STEAMPURCHASE,2051.63,IMPS,Entertainment
2026-04-04,UPI-CAFE COFFEE DAY INDIA-132097@apl,217.75,UPI,Dining
2026-01-30,UPI-MORE SUPERMAR INDIA-999636@oksbi,479.3,UPI,Groceries
2026-03-29,UPI-REDBUS LTD-748204@ybl,852.29,UPI,Transport
2026-02-23,UPI-IMPS TRAN PVT LTD-676282@okaxis,1844.85,UPI,Transfers & Payments
2026-02-17,UPI-SWIGGY-433136@paytm,151.02,UPI,Dining
2026-03-22,POS 728679 RAPIDO BI BLR,63.84,POS,Transport
2026-06-14,IMPS-673386-HOTSTAR LTD,492.81,IMPS,Subscriptions
2025-12-10,UPI-MAX HOS INDIA-332575@ibl,8770.0,UPI,Health & Fitness
2025-07-19,UPI-APPLE MUSIC-90915@paytm,99.01,UPI,Subscriptions
2025-08-03,UPI-RENT TRANSFER LANDLORD PVT LTD-213868@upi,10453.62,UPI,Rent
2025-12-09,UPI-BLINKIT INDIA-499165@okaxis,545.55,UPI,Groceries
2025-09-20,POS 172187 BLINKIT LTD NOIDA,112.63,POS,Groceries
2026-04-05,NEFT-IMPS INWARD P2P PVT LTD-N724479,7331.4,NEFT,Income
2025-09-14,POS 793381 BLINKIT DEL,116.55,POS,Groceries
2025-07-11,UPI-REDBUS PVT LTD-977163@oksbi,878.94,UPI,Transport
2026-06-09,IMPS-90139-SWIGGY INSTAMART PVT LTD,975.16,IMPS,Groceries
2026-06-12,UPI-DOMINOSPIZZA LTD-117362@apl,757.32,UPI,Dining
2025-08-12,UPI-RELIANCEFRESH INDIA-17730@ibl,1232.16,UPI,Groceries
2025-11-07,UPI-DECATHLON PVT LTD-546712@paytm,1578.73,UPI,Shopping
2025-10-06,ACH-ASPECTRATIOSALARY INDIA-454980,54556.73,ACH,Income
2025-12-18,POS 915400 NATURES BASKET LTD GZB,300.19,POS,Groceries
2026-02-26,UPI-TATAPOWERDDL-730062@upi,755.69,UPI,Utilities & Bills
2026-02-03,POS 989708 BLUSMAR LTD MUM,382.71,POS,Transport
2025-08-12,UPI-TATA PLAY DTH-845601@upi,717.1,UPI,Utilities & Bills
2025-09-07,NEFT-RENT TRANSFER LANDLORD LTD-N79029,10627.34,NEFT,Rent
2025-08-14,POS 759232 EATCLUB DEL,339.85,POS,Dining
2026-04-25,UPI-FASTAG RECHARGE INDIA-662654@apl,287.6,UPI,Transport
2026-06-26,UPI-YOUTUBEPREMIUM-195589@paytm,159.95,UPI,Subscriptions
2025-10-28,POS 406695 BARBEQUENATION MUM,1660.62,POS,Dining
2026-03-11,POS 493002 BIGBASKET LTD MUM,1523.89,POS,Groceries
2026-03-17,UPI-JIORECHARGE LTD-208324@okaxis,166.6,UPI,Utilities & Bills
2026-06-25,POS 197134 BSES RAJDHANI POWER LTD MUM,2501.89,POS,Utilities & Bills
2026-04-30,UPI-MORESUPERMARKET INDIA-532265@upi,305.89,UPI,Groceries
2026-03-29,POS 296120 COURSERA PVT LTD BLR,2012.54,POS,Shopping
2025-07-31,NEFT-HALDIRAM INDIA-N84835,281.73,NEFT,Dining
2026-06-01,NEFT-IMPSINWARDP2P PVT LTD-N732985,4906.78,NEFT,Income
2025-12-11,UPI-NETFLIX PVT LTD-524968@okaxis,461.26,UPI,Subscriptions
2025-09-26,UPI-IRCTC PVT LTD-430635@oksbi,2003.58,UPI,Transport
2026-02-23,UPI-REDBUS INDIA-440979@paytm,1467.87,UPI,Transport
2026-05-20,IMPS-15627-CULTFIT PVT LTD,971.72,IMPS,Health & Fitness
2025-10-03,UPI-TATA1MG-411299@oksbi,180.33,UPI,Health & Fitness
2025-09-20,UPI-UBERINDIA-292157@ybl,95.15,UPI,Transport
2025-09-20,UPI-TATA PLAY D-371534@paytm,302.24,UPI,Utilities & Bills
2025-09-11,UPI-INDIANOILPETROL INDIA-843658@ybl,933.36,UPI,Transport
2025-12-21,UPI-KFC-450836@ibl,207.42,UPI,Dining
2026-01-08,UPI-KFC LTD-388519@ibl,670.87,UPI,Dining
2025-11-04,UPI-CAFECOFFEEDAY PVT LTD-722715@ybl,348.51,UPI,Dining
2026-04-03,IMPS-733251-IMPS INWARD P2P PVT LTD,858.94,IMPS,Income
2026-04-20,POS 743501 HALDIRAM LTD GZB,248.54,POS,Dining
2026-02-26,UPI-MAX HOSPITAL PVT LTD-536780@paytm,1901.88,UPI,Health & Fitness
2026-03-09,UPI-HALDIRA-472319@oksbi,341.76,UPI,Dining
2026-01-03,POS 497759 DR LAL PATHLABS BLR,529.68,POS,Health & Fitness
2026-03-05,POS 336581 HALDIRAM PVT LTD NOIDA,488.31,POS,Dining
2026-05-27,UPI-DELHIJALBOARD-635473@paytm,252.43,UPI,Utilities & Bills
2026-03-16,UPI-MCDONALDS INDIA-444538@upi,451.54,UPI,Dining
2025-11-29,UPI-KFC INDIA-83533@okaxis,308.08,UPI,Dining
2026-05-04,IMPS-466713-NEFT INWARD REMITTANCE,11930.02,IMPS,Income
2025-10-10,UPI-KFC INDIA-299595@ybl,371.98,UPI,Dining
2025-12-15,UPI-UBER INDIA PVT LTD-149638@okaxis,370.6,UPI,Transport
2026-05-27,UPI-UBERINDIA LTD-343475@ibl,373.59,UPI,Transport
2026-04-18,UPI-KFC-59572@upi,457.24,UPI,Dining
2025-09-10,NEFT-SWG*SWIGGY-N172318,809.39,NEFT,Dining
2025-12-21,IMPS-788324-RELIANCEFRESH PVT LTD,206.29,IMPS,Groceries
2026-05-25,UPI-UBER INDIA LTD-575721@apl,83.36,UPI,Transport
2025-11-11,UPI-ZEPTO-677078@upi,348.81,UPI,Groceries
2025-07-22,UPI-BURGERKING LTD-997111@ybl,514.37,UPI,Dining
2026-05-21,UPI-HALDIRAM-536032@apl,133.56,UPI,Dining
2026-04-08,POS 619312 BURGERKING LTD DEL,167.45,POS,Dining
2025-08-11,UPI-JIO RECHARGE PVT LTD-534881@apl,171.91,UPI,Utilities & Bills
2026-05-18,UPI-JIOMART PVT LTD-279550@ibl,538.17,UPI,Groceries
2025-11-09,POS 942545 IRCTC PVT LTD MUM,639.15,POS,Transport
2026-05-05,UPI-SONY LIV-808420@oksbi,328.3,UPI,Subscriptions
2025-10-14,POS 772440 BARBEQUENATION MUM,2326.3,POS,Dining
2026-01-01,POS 934449 YOUTUBE P MUM,131.82,POS,Subscriptions
2025-10-01,UPI-ZOMATO LTD-524860@upi,237.77,UPI,Dining
2025-09-23,UPI-REDBUS INDIA-589072@ibl,513.99,UPI,Transport
2025-08-24,UPI-SBI PERSONAL LOAN EMI-650358@paytm,12347.34,UPI,Transfers & Payments
2026-01-12,UPI-HDFC HOME LOAN EMI LTD-102955@paytm,17709.21,UPI,Transfers & Payments
2026-01-07,POS 686376 SONYLIV INDIA DEL,360.94,POS,Subscriptions
2025-11-12,UPI-SWIGGY-965067@upi,552.06,UPI,Dining
2026-03-01,POS 91277 NFLX*NETFLIX BLR,292.26,POS,Subscriptions
2025-11-01,IMPS-67357-FD MATURITY PROCEEDS INDIA,58149.62,IMPS,Income
2026-01-10,UPI-SWG*SWIGGY INDIA-454496@apl,289.16,UPI,Dining
2025-07-23,UPI-SWIGGY INSTAMART PVT LTD-745385@okaxis,692.61,UPI,Groceries
2025-11-17,UPI-DMART LTD-247225@upi,1001.74,UPI,Groceries
2026-04-15,UPI-FAASOS INDIA-587095@upi,198.76,UPI,Dining
2025-08-15,UPI-SWIGGY INSTAMART INDIA-861581@oksbi,461.41,UPI,Groceries
2026-04-03,POS 427772 BLUSMART PVT LTD BLR,301.49,POS,Transport
2025-09-14,POS 709534 BLUSMART INDIA GZB,224.84,POS,Transport
2025-09-09,UPI-BAJAJFINSERVEMI PVT LTD-677818@oksbi,3219.15,UPI,Transfers & Payments
2025-12-23,POS 628879 VODAFONE ID LTD MUM,397.05,POS,Utilities & Bills
2025-10-07,ACH-RENT TRANSFER LANDLORD-864442,13510.82,ACH,Rent
2026-03-24,UPI-WOWMOMO-268090@ibl,210.44,UPI,Dining
2025-12-19,POS 576092 MCDONAL PVT LTD NOIDA,273.15,POS,Dining
2026-01-25,UPI-MAX HOSPITAL-237783@upi,4438.8,UPI,Health & Fitness
2025-10-05,POS 839792 BURGER KING DEL,248.09,POS,Dining
2026-01-03,NEFT-INTEREST CREDIT SB AC-N670252,117.73,NEFT,Income
2025-11-29,UPI-APOLLOPHARMACY LTD-868860@apl,748.28,UPI,Health & Fitness
2026-02-02,IMPS-12081-CAFE COFFEE DAY INDIA,246.09,IMPS,Dining
2025-12-03,UPI-REDBUS-623158@paytm,1045.68,UPI,Transport
2025-07-16,UPI-CREDPAYMENT INDIA-904007@apl,4844.41,UPI,Transfers & Payments
2026-04-27,UPI-AIRTEL PAYMENTS PVT LTD-996226@upi,353.34,UPI,Utilities & Bills
2025-08-14,IMPS-258309-ZOMATO,529.17,IMPS,Dining
2025-12-20,UPI-BOOKMYSHOW INDIA-37010@okaxis,324.78,UPI,Entertainment
2026-01-27,UPI-NETMEDS LTD-623255@apl,628.75,UPI,Health & Fitness
2026-03-15,UPI-WOWMOMO PVT LTD-731994@ibl,137.67,UPI,Dining
2026-04-01,IMPS-183366-ASPECT RATIO SALARY INDIA,82563.05,IMPS,Income
2026-05-04,UPI-ZEPTO-721169@ybl,850.49,UPI,Groceries
2025-07-03,UPI-CAFECOFFEEDAY LTD-810985@oksbi,100.58,UPI,Dining
2026-04-25,POS 749502 RELIANCE FRESH LTD NOIDA,1049.6,POS,Groceries
2025-09-10,UPI-BAJAJFINSERVEMI-591107@paytm,3151.58,UPI,Transfers & Payments
2026-03-26,UPI-REDBUS PVT LTD-666669@ibl,415.83,UPI,Transport
2026-06-25,UPI-MEESHO-276540@upi,284.3,UPI,Shopping
2025-09-09,NEFT-IRCTC LTD-N91573,1015.84,NEFT,Transport
2026-04-06,POS 502093 SONYLIV PVT LTD DEL,958.81,POS,Subscriptions
2026-04-13,UPI-YOUTUBEPREMIUM LTD-155546@okaxis,130.06,UPI,Subscriptions
2026-03-19,UPI-BOOKMYSHOW-551044@upi,291.91,UPI,Entertainment
2025-09-09,POS 903389 TATAPOWERDDL LTD NOIDA,2746.87,POS,Utilities & Bills
2025-10-18,UPI-NATURESBASKET INDIA-580896@upi,968.38,UPI,Groceries
2026-06-02,ACH-RENT TRANSFER LANDLORD LTD-904018,21567.75,ACH,Rent
2025-11-04,UPI-MYNTRA INDIA-881563@upi,871.04,UPI,Shopping
2026-02-07,UPI-DMART PVT LTD-819551@oksbi,501.91,UPI,Groceries
2026-05-07,UPI-HOTSTAR LTD-785972@ybl,574.75,UPI,Subscriptions
2026-05-27,POS 254063 NEFT TRANSFER LTD GZB,14313.81,POS,Transfers & Payments
2025-07-16,UPI-MYNTRA LTD-811463@upi,405.75,UPI,Shopping
2025-12-22,UPI-DMART-635698@okaxis,2612.9,UPI,Groceries
2026-01-07,IMPS-730022-NOBROKER RENT PAY,16276.2,IMPS,Rent
2026-04-20,POS 96407 YOUTUBEPREMIUM PVT LTD NOIDA,186.06,POS,Subscriptions
2025-11-06,UPI-WATER BILL PVT LTD-918243@okaxis,412.01,UPI,Utilities & Bills
2026-04-16,NEFT-RELIANCEFRESH PVT LTD-N202165,1086.39,NEFT,Groceries
2026-05-03,UPI-INTERVI-934809@apl,1077.59,UPI,Shopping
2026-06-17,UPI-DRLALPATHLABS-580761@okaxis,508.69,UPI,Health & Fitness
2025-11-27,UPI-DECATHLON LTD-628186@apl,2305.63,UPI,Shopping
2026-01-17,UPI-INDIAN OIL-482379@ibl,791.38,UPI,Transport
2026-01-09,UPI-BLINKIT INDIA-4425@paytm,132.12,UPI,Groceries
2026-04-08,UPI-CRED PAYMENT PVT LTD-536946@ibl,5716.03,UPI,Transfers & Payments
2026-03-08,UPI-MORE SUPERMARKET INDIA-459408@oksbi,327.48,UPI,Groceries
2025-07-28,UPI-SWG*SWIGGY-291828@paytm,354.66,UPI,Dining
2026-06-17,NEFT-BLINKI-N63788,100.09,NEFT,Groceries
2025-11-23,POS 649347 FASTAG RE LTD GZB,460.48,POS,Transport
2025-10-30,UPI-JIOMART-613494@okaxis,1288.0,UPI,Groceries
2026-05-12,UPI-MORESUPERMARKET LTD-96606@ibl,912.76,UPI,Groceries
2025-09-02,POS 232707 PHONEPEUPI INDIA BLR,4301.81,POS,Transfers & Payments
2025-11-21,NEFT-DOMINOSPIZZA LTD-N704763,302.34,NEFT,Dining
2026-02-14,POS 889439 WATERBILL DEL,300.14,POS,Utilities & Bills
2026-01-13,POS 25145 NYKAA INDIA GZB,1587.68,POS,Shopping
2026-03-26,UPI-NATURESBASKET-524273@ibl,944.32,UPI,Groceries
2026-01-02,ACH-CRED RENT PAYMENT-878594,19770.03,ACH,Rent
2025-12-08,UPI-REDBUS PVT LTD-261849@upi,518.29,UPI,Transport
2025-07-13,POS 256928 SPENCERS RETAIL DEL,465.88,POS,Groceries
2026-01-01,UPI-CULTFIT INDIA-458485@upi,995.79,UPI,Health & Fitness
2025-10-26,UPI-INTERVIEWBIT PVT LTD-502775@ybl,1113.63,UPI,Shopping
2025-07-04,ACH-CREDRENTPAYMENT LTD-95343,19999.94,ACH,Rent
2025-07-26,POS 978283 EATCLUB MUM,221.86,POS,Dining
2025-10-04,UPI-MORESUPERMARKET PVT LTD-175722@ibl,205.8,UPI,Groceries
2026-04-06,NEFT-CRED RENT PAYMENT LTD-N303244,16004.73,NEFT,Rent
2025-10-09,UPI-HDFC CREDIT CARD AUTOPAY-71655@apl,3226.7,UPI,Transfers & Payments
2026-02-22,UPI-TATA 1MG PVT LTD-759339@ybl,181.49,UPI,Health & Fitness
2025-12-14,POS 539177 SBI PERSONAL LOAN EMI PVT LTD DEL,7509.14,POS,Transfers & Payments
2025-09-01,NEFT-IMPS INW LTD-N904545,4023.01,NEFT,Income
2026-02-18,UPI-DELHIMETRORAIL-749085@ybl,23.42,UPI,Transport
2026-01-10,UPI-JIORECHARGE PVT LTD-484155@ibl,691.42,UPI,Utilities & Bills
2026-01-23,UPI-SONY LIV INDIA-679799@ibl,386.69,UPI,Subscriptions
2026-03-26,POS 528593 ACT FIBERNET LTD NOIDA,712.75,POS,Utilities & Bills
2026-01-05,UPI-SWIGGY-634754@oksbi,234.16,UPI,Dining
2025-10-10,UPI-UBER INDIA LTD-457694@apl,251.2,UPI,Transport
2025-09-10,POS 416614 EATCLUB PVT LTD BLR,157.09,POS,Dining
2026-03-04,IMPS-926246-IMPS INWARD P PVT LTD,898.04,IMPS,Income
2025-09-13,UPI-ZOMATO-310768@okaxis,122.2,UPI,Dining
2026-02-07,POS 373007 LEETCODEPREMIUM PVT LTD GZB,5694.83,POS,Shopping
2025-12-17,UPI-CAFECOFFEEDAY-175006@paytm,395.28,UPI,Dining
2025-07-31,UPI-BURGERKING LTD-662310@ibl,205.14,UPI,Dining
2026-02-21,POS 299767 UDEMYONLINECOURSE PVT LTD MUM,406.74,POS,Shopping
2026-03-07,POS 765060 AJIO GZB,1193.55,POS,Shopping
2026-01-10,NEFT-HDFCCREDITCARDAUTOPAY INDIA-N767980,14485.52,NEFT,Transfers & Payments
2025-10-09,POS 290155 ZEPTO INDIA NOIDA,138.8,POS,Groceries
2025-10-08,IMPS-839306-ZOMATO INDIA,652.07,IMPS,Dining
2025-10-16,UPI-WOWMOMO-172328@apl,100.35,UPI,Dining
2025-09-23,UPI-BOOKMYSHOW INDIA-120786@paytm,782.56,UPI,Entertainment
2026-01-07,UPI-CULTFIT PVT LTD-606073@ibl,1250.56,UPI,Health & Fitness
2026-06-03,ACH-INTEREST CREDIT -546310,985.29,ACH,Income
2025-07-12,UPI-MAX HOSP PVT LTD-986598@ibl,1358.25,UPI,Health & Fitness
2026-04-29,UPI-PAYTMUPI PVT LTD-112669@apl,535.72,UPI,Transfers & Payments
2025-11-05,POS 732257 BIGBAS GZB,937.34,POS,Groceries
2025-12-17,UPI-LEETCODEPREMIUM LTD-171336@ibl,4931.05,UPI,Shopping
2025-07-30,POS 435344 BAJAJ FINSER LTD NOIDA,7743.11,POS,Transfers & Payments
2025-10-29,UPI-BLUSMAR INDIA-618006@ybl,223.93,UPI,Transport
2026-05-07,ACH-NOBROKERRENTPAY LTD-628029,12140.45,ACH,Rent
2025-08-12,UPI-OLA CABS-158334@ibl,157.13,UPI,Transport
2025-07-04,NEFT-NEFTINWARDREMITTANCE LTD-N306579,19385.69,NEFT,Income
2025-08-14,POS 347178 BLUSMART PVT LTD DEL,150.68,POS,Transport
2025-10-07,UPI-JIO RECHARGE INDIA-865226@oksbi,158.83,UPI,Utilities & Bills
2025-08-06,POS 146349 WATER BILL PVT LTD DEL,328.25,POS,Utilities & Bills
2026-03-05,NEFT-RENTTRANSFERLANDLORD PVT LTD-N34589,13095.17,NEFT,Rent
2026-02-17,POS 322282 RAPIDOBIKE MUM,108.33,POS,Transport
2025-10-29,POS 699619 CULT FIT PVT LTD MUM,610.83,POS,Health & Fitness
2025-07-31,UPI-NYKAA-155853@paytm,2492.2,UPI,Shopping
2025-12-18,UPI-BURGER KING-251876@upi,242.77,UPI,Dining
2025-10-16,NEFT-SNITCH-N382901,549.0,NEFT,Shopping
2025-11-07,UPI-BLINKIT INDIA-487019@upi,940.8,UPI,Groceries
2025-12-15,UPI-CULTFIT INDIA-691387@okaxis,2794.72,UPI,Health & Fitness
2025-09-23,UPI-XBOX STORE INDIA-98744@oksbi,3182.88,UPI,Entertainment
2025-10-31,POS 952380 UBER IN PVT LTD BLR,298.2,POS,Transport
2026-06-30,UPI-AMAZONPAYINDIA-392143@okaxis,200.04,UPI,Shopping
2025-12-18,UPI-CROMA RETAIL-287728@ibl,6952.91,UPI,Shopping
2026-05-10,UPI-WATERBILL-478052@upi,409.55,UPI,Utilities & Bills
2025-12-18,UPI-NATURESBASKET-658501@apl,306.7,UPI,Groceries
2026-05-05,IMPS-876353-NOBROKERRENTPAY PVT LTD,16983.11,IMPS,Rent
2025-07-20,POS 267487 SNITCH NOIDA,640.84,POS,Shopping
2026-02-16,UPI-JIORECHARGE-451898@paytm,930.14,UPI,Utilities & Bills
2026-04-06,UPI-DR LAL PATHLABS-527124@apl,2759.35,UPI,Health & Fitness
2026-06-05,POS 224781 DRLALPATHLABS GZB,1536.99,POS,Health & Fitness
2026-01-16,POS 186846 BLINKIT PVT LTD GZB,487.42,POS,Groceries
2026-05-28,UPI-BARBEQUENATION INDIA-22695@paytm,837.11,UPI,Dining
2025-11-27,UPI-INOX LEISURE INDIA-170724@oksbi,337.49,UPI,Entertainment
2025-11-25,POS 726150 SWIGGY GZB,438.51,POS,Dining
2025-07-02,POS 817489 DOMINOS PIZZA MUM,762.33,POS,Dining
2026-03-14,UPI-CAFE COFFEE DAY-488899@ibl,104.47,UPI,Dining
2025-12-30,POS 185967 HOTSTAR PVT LTD NOIDA,1079.73,POS,Subscriptions
2026-05-14,POS 67514 TATA POWER DDL BLR,574.41,POS,Utilities & Bills
2026-03-03,UPI-BURGER KING PVT LTD-32236@okaxis,441.39,UPI,Dining
2026-03-20,UPI-CULT FIT INDIA-223675@ybl,590.39,UPI,Health & Fitness
2026-06-23,UPI-AMAZONPRIME LTD-876048@upi,1345.37,UPI,Subscriptions
2026-01-15,POS 209785 PRACTO PVT LTD DEL,300.66,POS,Health & Fitness
2026-06-06,UPI-SPENCERS RETAIL PVT LTD-436718@upi,1111.87,UPI,Groceries
2025-08-19,UPI-CRED PAYMENT-804340@paytm,10869.64,UPI,Transfers & Payments
2025-07-17,UPI-UDEMY ONLINE COURSE PVT LTD-258989@okaxis,1149.99,UPI,Shopping
2025-07-29,POS 730711 FLIPKART LTD MUM,3393.71,POS,Shopping
2026-01-27,UPI-PHONEPE UPI-382456@paytm,5040.97,UPI,Transfers & Payments
2025-11-23,UPI-STEAMPURCHASE-912741@ybl,2642.32,UPI,Entertainment
2025-08-18,UPI-AIRTEL PAYMENTS PVT LTD-334774@paytm,177.35,UPI,Utilities & Bills
2025-11-19,UPI-BLINKIT-792507@ibl,850.17,UPI,Groceries
2026-04-22,UPI-BURGER KING-312643@ibl,323.13,UPI,Dining
2025-07-21,POS 98483 BARBEQUENATION INDIA MUM,959.25,POS,Dining
2026-04-28,UPI-SWG*SWIGGY INDIA-45590@oksbi,631.13,UPI,Dining
2026-04-29,UPI-OLA CABS LTD-86992@okaxis,91.91,UPI,Transport
2025-08-23,POS 494161 YOUTUBE PREMIUM BLR,160.86,POS,Subscriptions
2026-06-15,IMPS-715511-BURGER KI,259.4,IMPS,Dining
2025-10-30,UPI-BIGBASKET LTD-644047@upi,716.86,UPI,Groceries
2025-09-04,UPI-NOBROKER RENT PAY INDIA-955986@ibl,11655.0,UPI,Rent
2025-11-08,POS 2523 BLINKIT INDIA DEL,248.02,POS,Groceries
2026-04-22,POS 126805 DMART BLR,543.86,POS,Groceries
2025-08-06,POS 229731 MCDONALDS LTD MUM,564.2,POS,Dining
2026-06-22,POS 358938 BSESRAJDHANIPOWER BLR,1199.56,POS,Utilities & Bills
2026-01-05,POS 398121 FAASOS INDIA GZB,272.73,POS,Dining
2025-09-13,POS 198133 CROMARETAIL PVT LTD BLR,10360.59,POS,Shopping
2025-07-02,UPI-PAYTM -820350@apl,170.67,UPI,Transfers & Payments
2025-08-26,UPI-SNITCH LTD-298214@okaxis,562.7,UPI,Shopping
2026-03-29,POS 365739 NETMEDS INDIA MUM,585.81,POS,Health & Fitness
2026-01-16,POS 232279 MEESHO INDIA NOIDA,1009.61,POS,Shopping
2026-01-13,UPI-MCDONALDS-535456@upi,542.54,UPI,Dining
2025-11-08,UPI-BURGER KING PVT LTD-904875@upi,256.7,UPI,Dining
2026-04-17,UPI-REDBUS-253943@okaxis,488.98,UPI,Transport
2026-04-21,POS 967606 JIOMART BLR,969.43,POS,Groceries
2025-07-11,UPI-HDFCHOMELOANEMI-441114@ibl,17329.66,UPI,Transfers & Payments
2025-12-04,UPI-DECATHLON INDIA-264368@upi,3413.17,UPI,Shopping
2026-05-05,POS 101757 ACT FIBERNET PVT LTD NOIDA,878.12,POS,Utilities & Bills
2025-12-20,UPI-BIGBASKET LTD-559352@okaxis,910.71,UPI,Groceries
2025-08-22,POS 243540 AMAZON PAY INDIA LTD NOIDA,3804.38,POS,Shopping
2025-08-07,UPI-MORESUPERMARKET-463716@upi,223.95,UPI,Groceries
2025-07-19,UPI-PVRCINEMAS-430012@paytm,1184.44,UPI,Entertainment
2025-08-17,POS 642491 SONYLIV LTD DEL,305.12,POS,Subscriptions
2026-05-19,UPI-SPENCERS RETAIL LTD-47316@oksbi,817.13,UPI,Groceries
2026-03-08,NEFT-JIO RECHARGE LTD-N835375,293.15,NEFT,Utilities & Bills
2025-10-26,UPI-OLA CABS PVT LTD-1097@oksbi,283.68,UPI,Transport
2025-09-23,UPI-CREDPAYMENT-658673@ibl,513.46,UPI,Transfers & Payments
2025-10-28,POS 206369 ZEPTO LTD BLR,131.25,POS,Groceries
2025-10-24,POS 124602 SWIGGY INSTAMART BLR,291.15,POS,Groceries
2026-02-07,POS 875113 INOXLEISURE BLR,501.98,POS,Entertainment
2025-09-28,UPI-HALDIRAM INDIA-114796@paytm,333.73,UPI,Dining
2026-02-08,UPI-ZEPTO LTD-280068@upi,316.54,UPI,Groceries
2026-04-29,NEFT-DELHI JAL BOARD-N347081,671.41,NEFT,Utilities & Bills
2026-04-17,UPI-EATCLUB INDIA-446525@ybl,280.64,UPI,Dining
2026-05-07,UPI-DRLALPATHLABS-206803@oksbi,627.09,UPI,Health & Fitness
2026-04-24,NEFT-NETMEDS LTD-N945589,153.04,NEFT,Health & Fitness
2025-08-27,NEFT-PLAYSTATION STORE INDIA-N954504,1977.18,NEFT,Entertainment
2025-10-01,UPI-PVR CIN LTD-253164@paytm,532.64,UPI,Entertainment
2026-04-09,UPI-AIRTELPAYMENTS-564679@paytm,206.31,UPI,Utilities & Bills
2025-07-23,POS 842870 RAPIDO  LTD BLR,118.13,POS,Transport
2025-08-06,UPI-DOMINOS PIZ-85050@upi,567.8,UPI,Dining
2025-12-20,IMPS-818939-MEESHO,150.78,IMPS,Shopping
2025-07-16,POS 795357 NFLX*NETFLIX LTD GZB,201.96,POS,Subscriptions
2025-08-20,IMPS-61028-STEAM PURC PVT LTD,1974.28,IMPS,Entertainment
2025-09-15,UPI-PLAYSTATION STORE PVT LTD-398457@upi,546.41,UPI,Entertainment
2025-11-02,IMPS-630510-INTERESTCREDITSBAC LTD,948.19,IMPS,Income
2025-08-09,UPI-TATAPOWERDDL PVT LTD-526772@ibl,2675.01,UPI,Utilities & Bills
2026-02-08,UPI-INDIAN-52226@paytm,1595.73,UPI,Transport
2026-05-03,IMPS-289441-IMPSINWARDP2P,3168.9,IMPS,Income
2026-01-28,UPI-FASTAGRECHARGE PVT LTD-537538@ybl,985.14,UPI,Transport
2025-09-26,UPI-UBER INDIA INDIA-766040@paytm,208.23,UPI,Transport
2025-10-15,UPI-CAFECOFFEEDAY-898607@ibl,193.5,UPI,Dining
2026-05-16,IMPS-194741-AMAZON PRIME,317.98,IMPS,Subscriptions
2025-09-01,UPI-PIZZA HUT PVT LTD-876454@ibl,309.26,UPI,Dining
2025-11-11,POS 899572 DELHI JAL BOARD PVT LTD BLR,379.84,POS,Utilities & Bills
2026-01-10,UPI-RELIANCE DIGITAL LTD-554985@upi,1160.57,UPI,Shopping
2025-09-11,POS 711832 ZEPTO MUM,521.65,POS,Groceries
2025-09-20,UPI-TATAPOWERDDL INDIA-794226@upi,559.62,UPI,Utilities & Bills
2025-08-23,UPI-PLAYSTATIONSTORE PVT LTD-87159@oksbi,3170.17,UPI,Entertainment
2026-05-20,NEFT-DRLALPATHLABS PVT LTD-N993101,1863.64,NEFT,Health & Fitness
2025-10-26,UPI-BOOKMYSHOW PVT LTD-357443@ibl,806.76,UPI,Entertainment
2026-02-26,POS 831570 SWIGGYINSTAMART INDIA MUM,932.16,POS,Groceries
2025-08-25,POS 732283 AMAZONPAYINDIA GZB,1491.67,POS,Shopping
2025-09-04,UPI-NOBROKER RENT PAY-707402@upi,12311.03,UPI,Rent
2025-11-27,IMPS-220086-SWIGGYINSTAMART LTD,1137.4,IMPS,Groceries
2025-11-09,POS 414893 MAX HOSPITAL BLR,6682.34,POS,Health & Fitness
2026-05-04,UPI-PHARMEA-571821@paytm,646.52,UPI,Health & Fitness
2026-06-13,UPI-SPENCERSRETAIL LTD-142250@oksbi,739.2,UPI,Groceries
2025-07-18,POS 963729 HDFC HOME LOAN EMI GZB,26593.19,POS,Transfers & Payments
2025-08-18,IMPS-817749-UDEMY ONLINE C INDIA,1193.81,IMPS,Shopping
2025-10-02,NEFT-RENT TRANSFER LANDLORD-N615560,10227.89,NEFT,Rent
2026-05-02,UPI-PHARME LTD-722836@oksbi,300.47,UPI,Health & Fitness
2025-11-23,UPI-SONY LIV-126515@upi,876.04,UPI,Subscriptions
2025-10-04,ACH-FDMATURITYPROCEEDS PVT LTD-141431,80631.13,ACH,Income
2025-09-02,UPI-EATCLUB-301769@paytm,251.77,UPI,Dining
2025-12-23,UPI-MORE SUPERMARKET-147059@apl,1492.04,UPI,Groceries
2026-05-07,NEFT-ZEPTO LTD-N78071,146.13,NEFT,Groceries
2025-08-17,UPI-RELIANCEFRESH-730197@upi,1155.4,UPI,Groceries
2025-07-22,UPI-JIOMART-816811@apl,493.63,UPI,Groceries
2025-07-24,UPI-LEETCOD-783597@ybl,4410.12,UPI,Shopping
2025-07-05,ACH-RENT TRANSFER LANDLORD PVT LTD-410563,13165.38,ACH,Rent
2026-06-16,UPI-JIO RECH LTD-105800@ybl,649.82,UPI,Utilities & Bills
2026-02-06,UPI-RELIANC INDIA-600828@paytm,506.28,UPI,Groceries
2026-05-02,ACH-NOBROKER RENT PAY PVT LTD-305507,21239.9,ACH,Rent
2026-04-10,UPI-MCDONALDS-470164@apl,166.95,UPI,Dining
2026-04-08,POS 144125 INDIAN OIL PETROL NOIDA,505.32,POS,Transport
2025-09-02,UPI-RELIANCEFRESH PVT LTD-474467@upi,826.07,UPI,Groceries
2026-04-16,UPI-JIO RECHARGE-843306@okaxis,218.41,UPI,Utilities & Bills
2026-02-17,POS 847541 SWIGGY INSTAMART BLR,320.41,POS,Groceries
2026-05-17,UPI-WATER BI-848322@oksbi,653.7,UPI,Utilities & Bills
2026-05-06,UPI-AMAZON PRIME INDIA-95009@ibl,403.82,UPI,Subscriptions
2026-05-23,UPI-INDRAPRASTHA GAS LTD-155069@okaxis,751.57,UPI,Utilities & Bills
2026-04-18,POS 184630 JIOMART LTD BLR,319.96,POS,Groceries
2025-09-07,UPI-RENT TRANSFER LANDLORD INDIA-592307@ibl,28456.12,UPI,Rent
2026-04-12,POS 480389 EATCLUB NOIDA,480.91,POS,Dining
2025-10-19,UPI-CAFECOFFEEDAY LTD-546252@ibl,114.57,UPI,Dining
2026-05-29,NEFT-YOUTUBEPREMIUM-N146251,154.92,NEFT,Subscriptions
2025-11-23,POS 428265 JIO RECHARGE PVT LTD DEL,968.0,POS,Utilities & Bills
2026-02-03,ACH-FDMATURITYPROCEEDS LTD-426964,41383.41,ACH,Income
2025-11-14,UPI-RAPIDOBIKE-402010@ibl,62.9,UPI,Transport
2025-10-19,NEFT-OLACABS INDIA-N849027,156.2,NEFT,Transport
2025-10-06,POS 600268 APPLE MUSIC PVT LTD MUM,195.13,POS,Subscriptions
2025-11-14,POS 253288 INOXLEISURE LTD GZB,870.66,POS,Entertainment
2025-07-21,UPI-HP PETROL PUMP LTD-502656@apl,625.14,UPI,Transport
2026-01-17,UPI-WOW MOMO INDIA-66646@paytm,103.41,UPI,Dining
2025-08-08,UPI-PAYTMUPI LTD-854869@ibl,2331.16,UPI,Transfers & Payments
2025-08-03,UPI-HDFCHOMELOANEMI-642799@upi,16559.58,UPI,Transfers & Payments
2025-12-12,UPI-SPENCERSRETAIL INDIA-812235@ybl,1167.97,UPI,Groceries
2026-05-25,NEFT-WATER -N766435,281.41,NEFT,Utilities & Bills
2026-03-11,UPI-HOTSTAR INDIA-171196@paytm,911.3,UPI,Subscriptions
2026-01-27,POS 144857 NYKAA MUM,300.83,POS,Shopping
2026-02-28,POS 169791 NETMEDS GZB,663.44,POS,Health & Fitness
2026-03-26,UPI-TATA POWER DDL PVT LTD-71420@ybl,637.82,UPI,Utilities & Bills
2025-12-08,NEFT-MYNTRA LTD-N213460,827.85,NEFT,Shopping
2025-08-10,UPI-BAJAJ FIN LTD-711968@paytm,2037.06,UPI,Transfers & Payments
2026-02-02,UPI-BARBEQUENATION-703160@okaxis,838.54,UPI,Dining
2025-10-06,UPI-COURSERA-935701@upi,2891.69,UPI,Shopping
2025-09-25,UPI-FASTAG RECHARGE PVT LTD-51106@ybl,797.37,UPI,Transport
2025-08-18,IMPS-248996-SWIGGY INS,364.27,IMPS,Groceries
2026-02-26,UPI-AMAZON  INDIA-777907@apl,598.59,UPI,Subscriptions
2025-09-21,UPI-DECATHLON INDIA-938706@apl,2061.11,UPI,Shopping
2025-11-05,ACH-RENT TRANSFER LANDLORD INDIA-180956,16555.58,ACH,Rent
2026-06-17,POS 795693 INDIAN OIL PETROL LTD NOIDA,2377.42,POS,Transport
2025-08-28,UPI-JIOMART LTD-570913@upi,1986.14,UPI,Groceries
2026-02-16,UPI-UDEMY ONLINE COURSE-517765@apl,1684.28,UPI,Shopping
2025-08-30,UPI-ACT FI INDIA-903723@oksbi,744.54,UPI,Utilities & Bills
2025-07-08,POS 395387 RAPIDOBIKE GZB,43.3,POS,Transport
2026-05-19,UPI-SPOTIFYINDIA LTD-91375@oksbi,155.86,UPI,Subscriptions
2026-04-03,POS 721106 NETFLIX MUM,272.79,POS,Subscriptions
2025-09-28,UPI-SWG*SWIGGY-146483@okaxis,371.53,UPI,Dining
2026-04-12,IMPS-247645-IMPS TRANSFER PVT LTD,5953.56,IMPS,Transfers & Payments
2025-07-09,POS 936514 TATA POWER DDL LTD DEL,3033.94,POS,Utilities & Bills
2026-04-04,POS 533006 MAX HOSPIT PVT LTD MUM,4493.65,POS,Health & Fitness
2026-05-09,UPI-FASTAG -298340@okaxis,363.34,UPI,Transport
2025-07-19,IMPS-97118-TATA PLAY DTH INDIA,363.7,IMPS,Utilities & Bills
2026-01-16,UPI-JIOMAR-980269@ibl,647.33,UPI,Groceries
2025-08-02,IMPS-519938-OLA CABS INDIA,236.5,IMPS,Transport
2026-04-21,POS 522379 NYKAA BLR,1841.42,POS,Shopping
2026-03-10,UPI-WOW MOMO-829928@upi,170.79,UPI,Dining
2025-10-04,UPI-NETFLIX LTD-387589@paytm,416.68,UPI,Subscriptions
2026-01-06,IMPS-597842-INTEREST CREDIT SB AC INDIA,102.79,IMPS,Income
2026-04-04,UPI-SPOTIFYINDIA PVT LTD-894891@okaxis,124.76,UPI,Subscriptions
2026-04-30,UPI-JIOMART LTD-371168@apl,1429.81,UPI,Groceries
2025-09-07,UPI-BIGBASKET-888874@okaxis,1709.07,UPI,Groceries
2026-04-05,ACH-RENT TRANSFER LANDLORD PVT LTD-425569,10540.69,ACH,Rent
2025-10-04,NEFT-FAASOS INDIA-N187540,395.65,NEFT,Dining
2025-09-26,IMPS-361002-RAPIDO  LTD,84.9,IMPS,Transport
2026-03-16,UPI-CULTFIT INDIA-388167@okaxis,501.65,UPI,Health & Fitness
2026-01-14,UPI-YOUTUBE PREMIUM-341133@paytm,151.32,UPI,Subscriptions
2025-11-11,UPI-XBOXSTORE LTD-322513@upi,1859.24,UPI,Entertainment
2025-08-04,NEFT-CRED RENT PAYMENT LTD-N50167,10793.2,NEFT,Rent
2025-11-07,ACH-NOBROKERRENTPAY PVT LTD-221395,13113.09,ACH,Rent
2025-12-15,UPI-KFC LTD-113430@ybl,465.67,UPI,Dining
2026-03-01,POS 103108 IRCTC BLR,1703.79,POS,Transport
2026-05-14,UPI-UDEMYONLINECOURSE LTD-731989@apl,1476.01,UPI,Shopping
2025-07-19,POS 479814 PIZZA HUT LTD NOIDA,527.47,POS,Dining
2026-03-26,POS 769083 BAJAJ  BLR,5445.24,POS,Transfers & Payments
2026-03-21,UPI-HALDIRA INDIA-171697@ybl,449.82,UPI,Dining
2025-12-14,UPI-ACT FIBERNET-532040@oksbi,1202.19,UPI,Utilities & Bills
2025-09-24,UPI-SCALERACADEMY PVT LTD-535992@okaxis,29164.79,UPI,Shopping
2026-05-03,ACH-INTEREST CREDIT SB AC INDIA-382377,1305.69,ACH,Income
2026-03-15,UPI-FASTAGRECHARGE-955714@paytm,949.05,UPI,Transport
2025-07-14,IMPS-926357-CULTFIT,503.88,IMPS,Health & Fitness
2025-10-26,UPI-KFC LTD-77281@ybl,208.6,UPI,Dining
2025-12-01,UPI-RENTTRANSFERLANDLORD PVT LTD-357442@oksbi,10022.83,UPI,Rent
2025-10-02,UPI-MORE SUPERMARKET PVT LTD-318993@okaxis,1141.73,UPI,Groceries
2026-05-14,UPI-ACT FIBERNET INDIA-152070@oksbi,1442.04,UPI,Utilities & Bills
2026-05-23,UPI-PVR CINEMAS PVT LTD-675387@oksbi,320.17,UPI,Entertainment
2026-06-26,POS 302898 HALDIRAM PVT LTD BLR,460.77,POS,Dining
2025-09-27,POS 773848 MCDONALDS BLR,166.32,POS,Dining
2026-05-27,UPI-MCDONALDS PVT LTD-655382@paytm,151.57,UPI,Dining
2026-01-29,UPI-BOOKMYSHOW LTD-214864@upi,597.19,UPI,Entertainment
2026-02-27,UPI-HP PETROL P-698467@oksbi,578.27,UPI,Transport
2025-12-12,UPI-RELIANCEFRESH PVT LTD-590343@upi,291.73,UPI,Groceries
2025-07-17,POS 95617 DOMINOSPIZZA GZB,616.82,POS,Dining
2026-01-06,IMPS-412561-CRED RENT PAYMENT,10056.38,IMPS,Rent
2025-08-06,IMPS-721878-CRED RE INDIA,10925.09,IMPS,Rent
2026-06-01,NEFT-CROMA RETAIL LTD-N879560,34447.86,NEFT,Shopping
2026-04-17,UPI-RAPIDO BIKE LTD-777989@oksbi,164.34,UPI,Transport
2026-06-02,POS 672463 PAYTM UPI MUM,1210.91,POS,Transfers & Payments
2025-12-14,POS 828695 BSES RAJDHANI POWER LTD GZB,3062.77,POS,Utilities & Bills
2025-12-05,UPI-INDRAPRASTHAGAS-513861@upi,857.07,UPI,Utilities & Bills
2026-01-18,UPI-STEAMPURCHASE-599782@okaxis,483.98,UPI,Entertainment
2025-08-29,UPI-NATURESBASKET INDIA-633928@apl,1522.31,UPI,Groceries
2025-09-28,UPI-JIO REC-348193@ybl,526.84,UPI,Utilities & Bills
2025-08-27,NEFT-DELHIJALBOARD PVT LTD-N145992,401.55,NEFT,Utilities & Bills
2025-09-15,UPI-DELHIJALBOARD-142260@apl,279.63,UPI,Utilities & Bills
2026-04-07,POS 927282 XBOXSTORE DEL,746.37,POS,Entertainment
2026-06-17,POS 528916 WATER BILL GZB,647.51,POS,Utilities & Bills
2026-06-26,POS 375723 CROMA RETAIL BLR,3186.82,POS,Shopping
2025-07-21,POS 317778 JIORECHARGE PVT LTD BLR,872.43,POS,Utilities & Bills
2026-04-20,UPI-AMAZONPRIME INDIA-70634@okaxis,1136.04,UPI,Subscriptions
2026-04-19,POS 24950 MCDONALDS BLR,336.0,POS,Dining
2026-06-05,POS 209498 SPENCERSRETAIL PVT LTD NOIDA,299.88,POS,Groceries
2025-07-05,ACH-CRED RENT PAYMENT-605555,13454.21,ACH,Rent
2026-03-13,POS 153236 CROMARETAIL NOIDA,1091.42,POS,Shopping
2025-09-19,UPI-DOMINOSPIZZA INDIA-431033@oksbi,561.57,UPI,Dining
2026-06-10,UPI-SWG*SWIGGY-402166@oksbi,128.52,UPI,Dining
2026-05-06,NEFT-ASPECTRATIOSALARY LTD-N759119,54704.28,NEFT,Income
2025-11-05,POS 784048 PLAYSTATIONSTORE BLR,504.8,POS,Entertainment
2025-10-15,UPI-ACT FIB INDIA-683231@upi,1226.51,UPI,Utilities & Bills
2025-11-22,UPI-PHARMEASY-299267@paytm,992.19,UPI,Health & Fitness
2025-12-20,UPI-APPLE MUSIC-698222@okaxis,195.43,UPI,Subscriptions
2025-07-09,UPI-KFC-204060@upi,558.6,UPI,Dining
2025-08-03,POS 845483 GPAY UPI BLR,10292.55,POS,Transfers & Payments
2026-06-21,UPI-INDRAPRASTHA GAS-815075@paytm,457.62,UPI,Utilities & Bills
2026-02-03,UPI-NYKAA-343505@ibl,595.82,UPI,Shopping
2025-07-14,UPI-RAPIDOBIKE-932242@upi,136.98,UPI,Transport
2026-02-02,NEFT-CAFECOFFEEDAY-N170820,168.92,NEFT,Dining
2026-05-03,UPI-TATA POWER DDL INDIA-754759@upi,3752.5,UPI,Utilities & Bills
2025-09-05,UPI-AMZN*AMAZONPAYINDIA PVT LTD-557843@upi,4487.9,UPI,Shopping
2025-09-20,UPI-HALDIRAM-233612@upi,301.83,UPI,Dining
2025-07-09,UPI-BIGBASKET INDIA-521499@ibl,2155.12,UPI,Groceries
2025-12-05,UPI-HOTSTAR PVT LTD-465322@ibl,849.11,UPI,Subscriptions
2025-09-27,UPI-GPAY UPI PVT LTD-503867@apl,325.39,UPI,Transfers & Payments
2026-02-01,IMPS-63283-NOBROKERRENTPAY,21832.05,IMPS,Rent
2025-10-15,UPI-PRACTO INDIA-581746@ybl,305.04,UPI,Health & Fitness
2026-02-02,UPI-OLA CA-103161@apl,301.84,UPI,Transport
2025-07-16,UPI-OLA CABS-360366@upi,81.55,UPI,Transport
2026-02-17,UPI-WOWMOMO-485385@upi,113.13,UPI,Dining
2025-11-25,POS 289932 ZOMATO NOIDA,190.31,POS,Dining
2025-10-09,UPI-TATA1MG-457231@ybl,314.37,UPI,Health & Fitness
2026-02-04,UPI-CRED RENT PAYMENT-267087@oksbi,10017.62,UPI,Rent
2026-06-09,UPI-ZOMATO LTD-637446@oksbi,139.12,UPI,Dining
2026-02-09,NEFT-NETMEDS INDIA-N864180,173.28,NEFT,Health & Fitness
2025-09-09,UPI-OLA CABS INDIA-20902@paytm,81.39,UPI,Transport
2025-12-07,UPI-MORE SUPERMARKET-27144@apl,205.98,UPI,Groceries
2026-06-07,UPI-CAFE COFFE-21602@upi,228.75,UPI,Dining
2026-04-09,POS 795073 DELHIJALBOARD MUM,397.8,POS,Utilities & Bills
2025-09-27,UPI-OLACABS-639424@ibl,80.6,UPI,Transport
2026-01-19,POS 517763 WATER BILL BLR,451.96,POS,Utilities & Bills
2025-08-31,UPI-SPENCERS RETAIL INDIA-633277@ibl,931.07,UPI,Groceries
2025-09-15,IMPS-999817-BARBEQUENATION PVT LTD,805.3,IMPS,Dining
2025-09-28,UPI-MEESHO INDIA-192905@ybl,720.28,UPI,Shopping
2026-04-25,UPI-IMPS TRANSFER-641204@oksbi,19712.48,UPI,Transfers & Payments
2026-02-06,UPI-KFC LTD-28584@ybl,309.17,UPI,Dining
2026-01-27,UPI-DECATHLON LTD-693852@upi,2455.83,UPI,Shopping
2025-08-18,UPI-APPLE MUSIC-990556@apl,99.7,UPI,Subscriptions
2026-05-01,UPI-FASTAG RECHAR LTD-942041@paytm,205.58,UPI,Transport
2026-04-02,POS 33019 AMAZON PAY DEL,4721.05,POS,Shopping
2025-09-09,UPI-PHONEPEUPI-474213@okaxis,5521.32,UPI,Transfers & Payments
2026-02-11,UPI-PVR CINEMAS PVT LTD-459927@paytm,561.57,UPI,Entertainment
2025-07-24,UPI-ZOMATO INDIA-699964@paytm,655.8,UPI,Dining
2025-08-13,UPI-BIGBASKET INDIA-96948@apl,1281.67,UPI,Groceries
2026-03-13,UPI-DOMINOS PIZZA-284551@apl,265.04,UPI,Dining
2025-09-16,NEFT-YOUTUBE PREM-N990090,188.89,NEFT,Subscriptions
2025-07-26,POS 372868 CREDPAYMENT BLR,15512.96,POS,Transfers & Payments
2026-02-02,POS 47159 BLINKIT INDIA NOIDA,828.33,POS,Groceries
2026-06-11,UPI-SPOTIFY INDIA-586302@ybl,127.89,UPI,Subscriptions
2026-02-21,POS 191552 OLA CABS INDIA MUM,252.03,POS,Transport
2026-05-03,ACH-IMPS INWARD P2P INDIA-403370,3340.39,ACH,Income
2025-11-14,UPI-PLAYSTATIO LTD-68905@oksbi,500.47,UPI,Entertainment
2025-09-20,UPI-AIRTEL PAYMENTS PVT LTD-609171@apl,199.26,UPI,Utilities & Bills
2025-09-03,UPI-HOTSTAR-828687@apl,358.14,UPI,Subscriptions
2025-10-25,POS 145136 DELHI JAL BOARD INDIA MUM,293.7,POS,Utilities & Bills
2026-05-05,UPI-PIZZA HUT INDIA-24126@ibl,716.35,UPI,Dining
2025-08-27,UPI-SWIGGY LTD-376125@upi,565.2,UPI,Dining
2025-10-13,IMPS-244950-VODAFONE IDEA,187.69,IMPS,Utilities & Bills
2025-11-05,UPI-BOOKMYSHOW PVT LTD-337821@ibl,539.52,UPI,Entertainment
2026-01-01,NEFT-UBER INDIA PVT LTD-N787931,118.33,NEFT,Transport
2026-02-05,UPI-SWIGGY-916450@ybl,498.95,UPI,Dining
2025-08-02,UPI-SPENCERS RETA-810919@ibl,220.89,UPI,Groceries
2026-04-06,UPI-JIOMART-568323@upi,300.01,UPI,Groceries
2025-11-17,UPI-HPPETROLPUMP PVT LTD-434795@ibl,2296.87,UPI,Transport
2026-05-15,POS 658027 MCDONALDS INDIA NOIDA,553.72,POS,Dining
2026-05-13,POS 733829 WATER BILL LTD GZB,294.01,POS,Utilities & Bills
2026-03-17,UPI-SONYLIV PVT LTD-723142@apl,304.71,UPI,Subscriptions
2026-06-03,IMPS-644508-DELHIMETRORAIL,22.36,IMPS,Transport
2026-06-17,UPI-VODAFONE IDEA PVT LTD-259365@upi,882.19,UPI,Utilities & Bills
2025-08-01,IMPS-239099-ASPECT RATIO,77723.85,IMPS,Income
2025-10-15,POS 744814 DELHI JAL INDIA BLR,206.0,POS,Utilities & Bills
2025-07-29,UPI-INDRAPRASTHAGAS-52539@paytm,788.27,UPI,Utilities & Bills
2025-11-30,POS 50239 HOTSTAR LTD MUM,1315.8,POS,Subscriptions
2026-04-12,POS 522670 PHONEPE UPI INDIA NOIDA,149.75,POS,Transfers & Payments
2025-12-07,UPI-DRLALPATHLABS PVT LTD-514832@apl,910.47,UPI,Health & Fitness
2025-12-05,UPI-JIO RECHARGE LTD-202628@apl,366.99,UPI,Utilities & Bills
2026-01-06,UPI-ACTFIBERNET INDIA-919432@oksbi,1190.82,UPI,Utilities & Bills
2025-12-06,IMPS-416750-RENTTRANSFERLANDLORD,18004.26,IMPS,Rent
2025-07-28,UPI-INDRAPRASTHAGAS INDIA-169049@apl,438.36,UPI,Utilities & Bills
2026-02-17,UPI-DMART INDIA-326704@oksbi,545.12,UPI,Groceries
2025-08-23,UPI-OLACABS PVT LTD-744588@paytm,83.58,UPI,Transport
2026-03-07,IMPS-7416-FD MATURITY ,62051.46,IMPS,Income
2026-04-28,UPI-HDFC HOME LO INDIA-746502@oksbi,34666.88,UPI,Transfers & Payments
2026-05-01,UPI-SWIGGY PVT LTD-466660@apl,747.97,UPI,Dining
2026-01-26,UPI-PHONEPE UPI LTD-670614@apl,3694.24,UPI,Transfers & Payments
2025-07-28,NEFT-SWG*SWIGGY PVT LTD-N240922,541.85,NEFT,Dining
2026-02-03,NEFT-INTEREST CREDIT SB AC INDIA-N909484,1176.06,NEFT,Income
2026-05-22,UPI-WOWMOMO PVT LTD-995037@ibl,107.64,UPI,Dining
2025-10-28,UPI-FAASOS PVT LTD-836626@apl,436.9,UPI,Dining
2026-02-05,POS 300061 SWIGGYINSTAMART PVT LTD NOIDA,270.34,POS,Groceries
2025-08-09,POS 162652 MCDONALDS LTD NOIDA,186.67,POS,Dining
2026-05-14,POS 473645 TATA PLAY DTH NOIDA,706.05,POS,Utilities & Bills
2025-11-28,UPI-IRCTC LTD-514052@ybl,302.07,UPI,Transport
2026-06-02,IMPS-371808-CRED RENT PAYMENT INDIA,20202.11,IMPS,Rent
2025-08-04,POS 259933 NETFLIX INDIA DEL,228.25,POS,Subscriptions
2026-05-08,UPI-PVR CINEMAS LTD-341786@upi,567.64,UPI,Entertainment
2025-12-07,ACH-NOBROKERRENTPAY PVT LTD-13389,10025.58,ACH,Rent
2025-08-06,ACH-ASPECT RATIO SALARY INDIA-498203,60207.32,ACH,Income
2025-12-24,POS 267445 MYNTRA PVT LTD MUM,3425.81,POS,Shopping
2025-07-28,UPI-PHONEPE UPI LTD-860254@ibl,15475.84,UPI,Transfers & Payments
2025-10-20,UPI-STEAM PURCHA-113358@paytm,1412.1,UPI,Entertainment
2025-12-12,POS 130323 AMAZONPRIME BLR,644.57,POS,Subscriptions
2026-04-02,POS 596484 NEFT TRANSFER GZB,9875.01,POS,Transfers & Payments
2026-06-19,POS 330779 DELHI JAL BOARD PVT LTD NOIDA,400.99,POS,Utilities & Bills
2026-02-16,UPI-CAFE COFFEE DAY PVT LTD-396147@ybl,100.4,UPI,Dining
2026-04-03,IMPS-745984-BURGER KING INDIA,175.53,IMPS,Dining
2026-05-29,POS 171639 BIGBASKET INDIA GZB,516.43,POS,Groceries
2025-08-27,UPI-AIRTEL PAYMENTS-525255@paytm,279.55,UPI,Utilities & Bills
2026-03-22,IMPS-747261-MAX HOSPITAL,3674.61,IMPS,Health & Fitness
2025-09-01,NEFT-NEFT INWARD REMITTANCE-N195106,2005.27,NEFT,Income
2026-06-05,NEFT-ASPECTRATIOSALARY INDIA-N398832,50525.46,NEFT,Income
2026-05-06,ACH-FD MATURITY PROCEEDS INDIA-750591,23425.89,ACH,Income
2025-10-05,POS 303790 SWIGGY DEL,776.28,POS,Dining
2025-12-11,UPI-JIOMART-619274@ibl,1269.34,UPI,Groceries
2026-04-08,UPI-DR LAL PATHLABS LTD-331156@okaxis,834.22,UPI,Health & Fitness
2025-08-20,POS 769957 GPAYUPI LTD DEL,4256.9,POS,Transfers & Payments
2025-11-20,UPI-PVR CINEMAS-398608@oksbi,926.14,UPI,Entertainment
2026-06-08,UPI-UBERINDIA PVT LTD-97497@paytm,80.07,UPI,Transport
2025-08-14,UPI-HOTSTAR LTD-296900@paytm,1081.98,UPI,Subscriptions
2026-04-29,UPI-AIRTELPAYMENTS-493236@paytm,381.32,UPI,Utilities & Bills
2025-10-08,UPI-PIZZA  PVT LTD-581870@ybl,385.69,UPI,Dining
2025-09-20,UPI-PLAYSTATIONSTORE INDIA-824039@paytm,1475.58,UPI,Entertainment
2026-05-22,UPI-DELHI JAL BOARD INDIA-555842@upi,461.69,UPI,Utilities & Bills
2026-01-06,UPI-MYNTRA INDIA-190383@okaxis,1140.5,UPI,Shopping
2025-07-12,POS 133649 CAFE COFFEE DAY LTD DEL,366.93,POS,Dining
2025-12-31,POS 16406 BURGER  INDIA MUM,532.42,POS,Dining
2026-04-19,POS 987442 JIORECHARGE LTD DEL,671.41,POS,Utilities & Bills
2025-08-30,UPI-HP PETROL PVT LTD-741364@paytm,1625.48,UPI,Transport
2025-10-03,UPI-KFC-569129@upi,517.79,UPI,Dining
2026-05-08,UPI-SPOTIFY INDIA INDIA-986625@ybl,134.19,UPI,Subscriptions
2026-03-02,UPI-ZEPTO-79064@oksbi,102.28,UPI,Groceries
2026-01-04,POS 111347 INOXLEISURE LTD GZB,408.13,POS,Entertainment
2025-07-24,POS 133559 NATURESBASKET DEL,1513.62,POS,Groceries
2025-07-01,UPI-HALDIRAM-984665@upi,100.99,UPI,Dining
2025-12-23,NEFT-SPOTIF INDIA-N181016,122.57,NEFT,Subscriptions
2026-03-15,IMPS-641707-CAFECOFFEEDAY,132.29,IMPS,Dining
2025-08-15,UPI-INOX LEISU LTD-169734@upi,361.69,UPI,Entertainment
2026-01-31,UPI-MYNTRA-970089@apl,2547.93,UPI,Shopping
2025-12-27,UPI-SWIGGY-96909@paytm,377.31,UPI,Dining
2026-02-23,UPI-IMPS TRANSFER-856933@upi,719.06,UPI,Transfers & Payments
2025-07-23,POS 994005 BLINKIT LTD NOIDA,102.55,POS,Groceries
2026-02-22,UPI-BSESRAJDHANIPOWER INDIA-623485@okaxis,2120.71,UPI,Utilities & Bills
2026-06-24,UPI-CAFE COFFEE DAY-920870@ibl,198.84,UPI,Dining
2025-10-25,POS 837185 BLUSMART LTD GZB,272.57,POS,Transport
2026-01-28,POS 270579 CROMARETAIL MUM,36684.52,POS,Shopping
2025-08-15,POS 971662 CULT FIT BLR,2888.3,POS,Health & Fitness
2025-08-12,POS 38247 DMART MUM,776.04,POS,Groceries
2026-05-09,UPI-PIZZA -492018@okaxis,327.31,UPI,Dining
2025-11-05,IMPS-354784-INTEREST CREDIT SB AC LTD,1542.6,IMPS,Income
2025-11-17,UPI-WOW MOMO INDIA-41808@upi,146.07,UPI,Dining
2025-11-06,UPI-JIOMART-528832@ybl,808.96,UPI,Groceries
2026-01-12,POS 426608 GPAY UPI PVT LTD BLR,5906.97,POS,Transfers & Payments
2026-02-13,UPI-UBER INDIA-413586@okaxis,164.67,UPI,Transport
2026-01-20,UPI-OLACABS-192650@upi,365.62,UPI,Transport
2025-12-14,NEFT-DELHIJALBOARD INDIA-N660495,493.86,NEFT,Utilities & Bills
2025-08-22,IMPS-998239-XBOX STORE,524.31,IMPS,Entertainment
2026-01-15,UPI-PIZZAHUT-150237@okaxis,689.24,UPI,Dining
2025-07-28,POS 177360 STEAM PURCHASE LTD DEL,745.33,POS,Entertainment
2025-11-15,UPI-SPOTIFY INDIA-716745@ybl,198.71,UPI,Subscriptions
2026-02-03,NEFT-NEFT INWARD REMITTANCE-N375702,15444.74,NEFT,Income
2026-06-24,POS 336027 DOMINOS PIZZA DEL,312.56,POS,Dining
2026-06-06,UPI-RENT TRANSFER LANDLORD PVT LTD-462535@upi,25863.25,UPI,Rent
2026-03-10,UPI-INDIANOILPETROL INDIA-739390@ybl,2283.06,UPI,Transport
2026-06-28,NEFT-FLIPKART PVT LTD-N676192,203.78,NEFT,Shopping
2026-01-18,UPI-BLINKIT-227735@okaxis,637.58,UPI,Groceries
2025-08-30,POS 133179 BURGERKING PVT LTD DEL,458.56,POS,Dining
2026-04-04,UPI-SNITCH-955054@paytm,2325.62,UPI,Shopping
2026-05-12,POS 377621 GPAY UPI MUM,11593.19,POS,Transfers & Payments
2025-12-22,POS 407766 RELIANCEFRESH PVT LTD DEL,201.44,POS,Groceries
2026-04-22,UPI-BOOKSKHARIDOSTORE-418106@ibl,520.31,UPI,Shopping
2025-08-05,NEFT-FDMATURITYPROCEEDS INDIA-N501695,16214.23,NEFT,Income
2026-03-14,IMPS-752468-MAXHOSPITAL LTD,8020.95,IMPS,Health & Fitness
2025-11-25,UPI-BIGBASKET PVT LTD-904755@ybl,400.88,UPI,Groceries
2025-09-19,UPI-INDIANOILPETROL-229554@ybl,1501.35,UPI,Transport
2025-10-04,IMPS-943506-RENTTRANSFERLANDLORD LTD,13060.17,IMPS,Rent
2025-10-03,UPI-NATURES BASKET LTD-694624@ibl,1138.86,UPI,Groceries
2025-12-17,UPI-PIZZA HUT-16973@upi,672.05,UPI,Dining
2025-07-24,POS 669159 ACTFIBERNET GZB,947.12,POS,Utilities & Bills
2025-09-16,UPI-MEESHO-93679@oksbi,311.83,UPI,Shopping
2025-07-04,UPI-ZEPTO PVT LTD-969390@oksbi,189.29,UPI,Groceries
2025-12-07,IMPS-92988-CRED RENT PAYMENT LTD,10584.76,IMPS,Rent
2026-01-19,UPI-STEAMPURCHASE LTD-440437@upi,2045.79,UPI,Entertainment
2025-09-11,POS 196599 SWIGGY INST DEL,218.72,POS,Groceries
2025-09-03,POS 121098 HDFCHOMELOANEMI INDIA DEL,27836.93,POS,Transfers & Payments
2025-10-02,NEFT-RENT TRA-N679465,22648.82,NEFT,Rent
2026-03-26,UPI-PVR CINEMAS-601677@oksbi,770.18,UPI,Entertainment
2025-08-24,UPI-PLAYSTATION STORE-458735@ybl,1503.78,UPI,Entertainment
2026-04-28,UPI-HP PETROL PUMP-787038@oksbi,1691.17,UPI,Transport
2026-03-22,UPI-AJIO-787864@apl,757.66,UPI,Shopping
2026-06-24,POS 71431 JIOMART LTD GZB,1929.65,POS,Groceries
2026-04-24,UPI-VODAFON-290523@okaxis,934.72,UPI,Utilities & Bills
2026-03-21,POS 171407 UBERINDIA INDIA DEL,81.22,POS,Transport
2025-09-04,UPI-WATER BILL LTD-142841@upi,736.4,UPI,Utilities & Bills
2026-03-07,UPI-SWIGGY LTD-767658@ybl,786.75,UPI,Dining
2025-08-04,NEFT-CRED RENT PAYMENT PVT LTD-N606316,17258.76,NEFT,Rent
2026-05-18,POS 38870 SWIGGY INSTAMART LTD BLR,1155.7,POS,Groceries
2025-09-06,UPI-ZEPTO INDIA-523219@okaxis,678.66,UPI,Groceries
2025-10-08,UPI-SWG*SWIGGY LTD-528788@paytm,256.24,UPI,Dining
2026-01-02,IMPS-362165-IMPSINWARDP2P,5360.0,IMPS,Income
2025-12-30,UPI-TATAPLAYDTH-101614@ibl,444.33,UPI,Utilities & Bills
2026-05-30,POS 95014 SWG*SWIGGY NOIDA,483.47,POS,Dining
2026-01-10,UPI-PHARMEASY-903405@ybl,607.34,UPI,Health & Fitness
2025-07-15,UPI-SBIPERSONALLOANEMI-862067@okaxis,5044.73,UPI,Transfers & Payments
2025-08-11,UPI-RAPIDO BIKE LTD-985493@paytm,68.2,UPI,Transport
2026-04-12,UPI-ZOMATO INDIA-883308@oksbi,285.41,UPI,Dining
2026-06-24,UPI-BOOKMYSHOW LTD-89198@ibl,540.98,UPI,Entertainment
2026-04-24,UPI-BLUSMART PVT LTD-316100@upi,150.59,UPI,Transport
2026-06-16,IMPS-753122-PAYTMUPI LTD,1104.93,IMPS,Transfers & Payments
2026-05-06,UPI-AMAZONPAYINDIA INDIA-199991@ybl,3639.57,UPI,Shopping
2025-08-30,POS 269148 REDBUS LTD BLR,1264.54,POS,Transport
2026-06-01,POS 280503 AMAZON PRIME PVT LTD BLR,311.34,POS,Subscriptions
2026-03-10,UPI-FLIPKART-997536@upi,2031.45,UPI,Shopping
2025-10-31,UPI-STEAM PURCHASE-690978@ibl,1179.98,UPI,Entertainment
2025-12-21,UPI-IRCTC LTD-756148@okaxis,2273.96,UPI,Transport
2026-06-07,POS 248306 HDFCCREDITCARDAUTOPAY BLR,4326.19,POS,Transfers & Payments
2025-11-01,POS 890548 HDFCHOMELOANEMI PVT LTD GZB,19990.17,POS,Transfers & Payments
2026-02-25,UPI-BURGER KING INDIA-961639@upi,277.11,UPI,Dining
2026-01-22,POS 757805 RELIANCE FRESH PVT LTD MUM,1365.83,POS,Groceries
2026-04-15,UPI-IRCTC INDIA-406441@upi,1077.93,UPI,Transport
2025-11-21,UPI-MYNTRA LTD-360931@okaxis,892.68,UPI,Shopping
2026-05-13,UPI-JIO RECHARGE PVT LTD-533724@paytm,713.27,UPI,Utilities & Bills
2025-12-13,UPI-MORE SUPERMARKET PVT LTD-604682@oksbi,404.97,UPI,Groceries
2025-10-01,NEFT-RENT TRANS LTD-N252236,12707.64,NEFT,Rent
2026-01-14,UPI-BOOKMYSHOW PVT LTD-56196@upi,1382.3,UPI,Entertainment
2025-09-19,UPI-YOUTUBE PREMIUM-316618@apl,135.02,UPI,Subscriptions
2026-01-28,UPI-UBERINDIA INDIA-237983@paytm,467.92,UPI,Transport
2026-05-27,UPI-NETFLIX-520760@ibl,503.02,UPI,Subscriptions
2025-08-03,NEFT-NEFT INWARD REMITTANCE INDIA-N97865,16947.29,NEFT,Income
2026-01-02,UPI-INDRAPRASTHA GAS PVT LTD-776028@ybl,606.19,UPI,Utilities & Bills
2025-11-07,IMPS-51970-IMPS INWARD P2P INDIA,620.08,IMPS,Income
2026-06-12,POS 431883 ZEPTO MUM,712.94,POS,Groceries
2026-02-22,NEFT-MAX HOSPIT INDIA-N420750,4918.27,NEFT,Health & Fitness
2025-08-27,UPI-IRCTC-678071@apl,304.79,UPI,Transport
2026-02-10,POS 26780 CULTFIT MUM,764.85,POS,Health & Fitness
2025-09-16,UPI-JIO REC LTD-69904@okaxis,178.5,UPI,Utilities & Bills
2025-07-14,UPI-CROMA RETAIL LTD-602530@upi,25448.51,UPI,Shopping
2026-03-28,POS 519391 MAX HOSPITAL BLR,8339.88,POS,Health & Fitness
2025-12-25,UPI-BIGBASKET LTD-544264@apl,720.66,UPI,Groceries
2026-05-02,ACH-ASPECT RATIO SALARY INDIA-823181,52423.22,ACH,Income
2025-12-28,IMPS-954726-HALDIRAM LTD,122.02,IMPS,Dining
2026-05-12,UPI-NATURESBASKET-633700@ibl,351.65,UPI,Groceries
2025-10-22,POS 136478 NATURES BASKET LTD BLR,604.51,POS,Groceries
2026-02-26,IMPS-579003-HALDIRAM,481.13,IMPS,Dining
2026-03-12,UPI-DOMINOS PIZZA-802627@ibl,608.12,UPI,Dining
2025-07-01,IMPS-164547-RENTTRANSFERLANDLORD,13143.07,IMPS,Rent
2026-04-12,UPI-HP PETROL PUMP LTD-741385@paytm,2821.59,UPI,Transport
2025-11-12,NEFT-INTERVIE INDIA-N502718,1160.49,NEFT,Shopping
2025-10-16,UPI-MEESHO LTD-725410@ybl,171.06,UPI,Shopping
2026-05-21,UPI-BURGERKING-307222@okaxis,547.71,UPI,Dining
2026-06-06,UPI-FASTAG RECHARGE LTD-188315@upi,934.75,UPI,Transport
2026-05-13,UPI-REDBUS PVT LTD-222316@okaxis,1002.64,UPI,Transport
2026-03-07,ACH-NEFT INWARD REMITTANCE-897620,8972.13,ACH,Income
2026-03-09,UPI-TATAPOWERDDL LTD-7619@oksbi,2066.47,UPI,Utilities & Bills
2025-09-01,NEFT-JIOMART PVT LTD-N156710,300.31,NEFT,Groceries
2025-09-28,POS 823655 SPOTIF MUM,154.27,POS,Subscriptions
2026-01-14,POS 830165 NATURESBASKET PVT LTD NOIDA,303.45,POS,Groceries
2025-09-28,UPI-FASTAG RECHARGE-387177@paytm,346.63,UPI,Transport
2026-06-10,UPI-BOOKMYSHOW INDIA-285813@paytm,621.74,UPI,Entertainment
2026-04-30,POS 337635 YOUTUBE PREMIUM NOIDA,146.96,POS,Subscriptions
2025-07-01,UPI-RAPIDO BIKE-266940@ybl,70.22,UPI,Transport
2026-05-30,UPI-ZOMATO-157941@okaxis,124.19,UPI,Dining
2026-02-06,POS 424135 BIGBASKET NOIDA,994.31,POS,Groceries
2026-03-25,UPI-SONY L LTD-448073@oksbi,857.46,UPI,Subscriptions
2025-10-03,IMPS-708736-SPENCERSRETAIL INDIA,960.08,IMPS,Groceries
2026-03-29,POS 441775 UDEMY ONLINE  MUM,546.32,POS,Shopping
2026-06-16,NEFT-SPOTIFY INDIA PVT LTD-N213876,120.06,NEFT,Subscriptions
2025-12-06,UPI-PIZZAHUT-705762@upi,670.34,UPI,Dining
2025-09-13,UPI-SPOTIFYINDIA-615563@paytm,128.91,UPI,Subscriptions
2026-01-10,UPI-HALDIRAM PVT LTD-591390@upi,183.21,UPI,Dining
2026-06-01,NEFT-IMPSINWARDP2P INDIA-N589526,2547.67,NEFT,Income
2026-02-08,POS 470579 HP PETRO GZB,1006.56,POS,Transport
2025-10-12,UPI-OLACABS PVT LTD-448354@upi,492.15,UPI,Transport
2026-01-25,UPI-RELIANCEFRESH PVT LTD-733987@ybl,487.49,UPI,Groceries
2025-11-17,UPI-BURGER KING-196529@oksbi,227.93,UPI,Dining
2025-12-31,UPI-FAASOS INDIA-234559@okaxis,133.99,UPI,Dining
2025-07-05,UPI-PLAYSTATIONSTORE PVT LTD-116471@ybl,1479.5,UPI,Entertainment
2025-10-29,UPI-CROMA RETAIL PVT LTD-644911@okaxis,33734.98,UPI,Shopping
2025-12-19,POS 968419 YOUTUBE PREMIUM PVT LTD MUM,139.28,POS,Subscriptions
2025-11-12,IMPS-782534-SNITCH PVT LTD,598.04,IMPS,Shopping
2025-12-04,POS 598043 BOOKMYSHOW INDIA GZB,651.13,POS,Entertainment
2025-11-10,POS 299937 PVRCINEMAS INDIA BLR,597.48,POS,Entertainment
2026-03-27,UPI-MORE SUPERMARKET-180660@ybl,265.54,UPI,Groceries
2026-05-06,UPI-DELHI JAL BOARD LTD-604580@upi,601.05,UPI,Utilities & Bills
2025-11-16,UPI-YOUTUBEPREMIUM LTD-109644@paytm,188.73,UPI,Subscriptions
2026-06-19,UPI-NETMEDS INDIA-799683@paytm,390.84,UPI,Health & Fitness
2025-11-24,UPI-HP PETROL PUMP INDIA-389543@okaxis,1058.42,UPI,Transport
2025-07-06,UPI-VODAFONEIDEA PVT LTD-595212@oksbi,760.61,UPI,Utilities & Bills
2026-05-09,UPI-OLACABS-863936@paytm,88.4,UPI,Transport
2025-08-28,UPI-INOXLEISURE INDIA-350509@apl,439.35,UPI,Entertainment
2025-12-17,UPI-FASTAG RECHARGE INDIA-3429@ibl,906.76,UPI,Transport
2026-05-09,NEFT-BAJAJFINSERVEMI-N274774,4989.06,NEFT,Transfers & Payments
2025-12-15,UPI-BSESRAJDHANIPOWER LTD-89753@paytm,673.77,UPI,Utilities & Bills
2025-10-13,UPI-INDRAPRASTHAGAS LTD-200747@apl,582.57,UPI,Utilities & Bills
2025-11-05,UPI-HDFCCREDITCARDAUTOPAY INDIA-307975@ybl,4546.39,UPI,Transfers & Payments
2025-10-27,UPI-BLINKIT-436877@ibl,594.78,UPI,Groceries
2026-04-03,UPI-APPLE MUSIC-579991@apl,180.29,UPI,Subscriptions
2025-09-11,POS 400957 GPAY UPI PVT LTD GZB,18411.7,POS,Transfers & Payments
2026-05-28,POS 460437 PIZZA HUT INDIA MUM,302.49,POS,Dining
2025-12-11,UPI-SWIGGYINSTAMART LTD-563625@apl,807.59,UPI,Groceries
2026-04-13,UPI-UBER INDIA PVT LTD-443629@oksbi,128.08,UPI,Transport
2025-09-20,POS 546588 UDEMYONLINECOURSE LTD BLR,1411.11,POS,Shopping
2025-12-17,UPI-ZEPTO LTD-215340@paytm,142.22,UPI,Groceries
2026-02-11,UPI-DMART-703889@oksbi,2033.95,UPI,Groceries
2026-02-04,UPI-UBERINDIA INDIA-640287@ibl,130.68,UPI,Transport
2025-07-30,POS 221839 MAXHOSPITAL PVT LTD DEL,558.16,POS,Health & Fitness
2026-04-05,ACH-NEFT INWARD REMITTANCE INDIA-179915,2049.17,ACH,Income
2026-04-03,UPI-ZEPTO-993527@apl,370.54,UPI,Groceries
2025-09-22,UPI-BOOKMYSHOW LTD-307891@paytm,1209.19,UPI,Entertainment
2025-11-10,UPI-BURGER KING-486039@upi,390.99,UPI,Dining
2026-06-19,UPI-CAFE COFFE INDIA-112013@ibl,285.65,UPI,Dining
2025-07-26,NEFT-VODAFONEIDEA-N239435,393.95,NEFT,Utilities & Bills
2026-02-06,ACH-NEFTINWARDREMITTANCE-915578,17473.2,ACH,Income
2026-04-26,UPI-RELIANCE FRESH PVT LTD-404992@oksbi,947.42,UPI,Groceries
2025-09-14,NEFT-DMART INDIA-N262204,1483.45,NEFT,Groceries
2025-08-21,POS 50436 MYNTRA DEL,1414.74,POS,Shopping
2025-12-25,UPI-HDFC HOME LOAN EMI-437132@apl,31862.31,UPI,Transfers & Payments
2025-08-07,NEFT-APPLE  INDIA-N306500,147.11,NEFT,Subscriptions
2025-12-28,UPI-MAXHOSPITAL-648234@okaxis,5081.41,UPI,Health & Fitness
2025-08-26,POS 150007 RELIANC LTD NOIDA,1361.78,POS,Groceries
2026-02-18,UPI-PVRCINEMAS-379238@apl,375.3,UPI,Entertainment
2026-06-13,UPI-BARBEQUENATION PVT LTD-620816@upi,1121.87,UPI,Dining
2025-07-01,POS 213186 SBI PERSONAL LOAN EMI LTD MUM,5866.88,POS,Transfers & Payments
2026-03-23,UPI-AMAZON PAY -285124@oksbi,202.08,UPI,Shopping
2026-01-10,UPI-HALDIRAM PVT LTD-75838@ibl,334.76,UPI,Dining
2026-05-16,UPI-INDIAN OIL PETROL LTD-417558@oksbi,1506.99,UPI,Transport
2026-01-29,POS 475323 SPENCERSRETAIL LTD NOIDA,492.28,POS,Groceries
2026-04-17,NEFT-TATA1MG INDIA-N85466,1209.32,NEFT,Health & Fitness
2026-05-06,UPI-OLACABS PVT LTD-601524@upi,441.27,UPI,Transport
2025-12-13,UPI-KFC INDIA-229973@paytm,211.5,UPI,Dining
2026-02-09,UPI-FASTAGRECHARGE LTD-678120@oksbi,223.77,UPI,Transport
2025-10-01,POS 80689 HOTSTAR INDIA MUM,826.87,POS,Subscriptions
2026-04-09,UPI-NETFLIX LTD-215709@upi,204.15,UPI,Subscriptions
2025-07-23,POS 894038 AMAZONPRIME BLR,894.37,POS,Subscriptions
2025-09-16,UPI-FAASOS LTD-821102@paytm,165.69,UPI,Dining
2026-04-02,POS 570838 BLINKIT INDIA NOIDA,358.36,POS,Groceries
2025-08-23,POS 557624 PHONEPE UPI MUM,1467.52,POS,Transfers & Payments
2025-12-04,UPI-ACT FIBERNET-45648@apl,820.6,UPI,Utilities & Bills
2026-03-12,NEFT-DELHI JAL BOA LTD-N873319,259.04,NEFT,Utilities & Bills
2025-11-22,UPI-REDBUS INDIA-786314@okaxis,1241.03,UPI,Transport
2025-10-20,POS 118223 BARBEQUENATION LTD GZB,843.68,POS,Dining
2025-10-07,UPI-HDFCCREDITCARDAUTOPAY PVT LTD-724703@paytm,3045.49,UPI,Transfers & Payments
2025-08-27,UPI-KFC INDIA-984208@ibl,620.48,UPI,Dining
2026-05-11,UPI-AIRTEL PAYME-640013@ibl,959.96,UPI,Utilities & Bills
2025-09-21,UPI-JIOMAR-772076@ibl,300.67,UPI,Groceries
2025-07-11,UPI-MORE SUPERMARKET LTD-741536@paytm,205.06,UPI,Groceries
2026-04-03,POS 416267 IRCTC BLR,1976.56,POS,Transport
2025-09-30,UPI-FAASOS-943821@ybl,219.76,UPI,Dining
2025-09-21,UPI-HALDIRAM-180218@upi,342.33,UPI,Dining
2026-01-20,UPI-APOLLO PHARM LTD-863595@oksbi,900.76,UPI,Health & Fitness
2026-04-11,UPI-SBI PERSONAL LOAN EMI LTD-925858@apl,7516.04,UPI,Transfers & Payments
2026-03-04,NEFT-NEFT INWARD REMITTANCE-N531221,3147.87,NEFT,Income
2026-01-23,IMPS-110843-FAASOS INDIA,140.27,IMPS,Dining
2025-08-08,UPI-AIRTELPAYMENTS-830530@ybl,183.38,UPI,Utilities & Bills
2026-06-10,UPI-SPENCERS  PVT LTD-942318@ybl,476.38,UPI,Groceries
2025-12-14,UPI-AIRTEL PAYMENTS-426785@oksbi,355.6,UPI,Utilities & Bills
2026-05-19,UPI-ZOMATO-176162@paytm,434.32,UPI,Dining
2026-05-31,UPI-NEFT TRANSFER LTD-808743@paytm,19906.75,UPI,Transfers & Payments
2025-08-29,IMPS-370458-SCALER ACA,28519.44,IMPS,Shopping
2025-12-01,UPI-RELIANCEDIGITAL INDIA-187851@upi,18798.71,UPI,Shopping
2026-01-09,POS 560799 HDFCCREDITCARDAUTOPAY INDIA NOIDA,15831.88,POS,Transfers & Payments
2025-08-18,UPI-HOTSTAR INDIA-215056@okaxis,755.45,UPI,Subscriptions
2025-10-23,UPI-VODAFONE IDEA INDIA-659793@upi,149.07,UPI,Utilities & Bills
2026-04-23,POS 467670 SNITCH MUM,1287.27,POS,Shopping
2026-04-29,UPI-EATCLUB PVT LTD-66985@apl,217.11,UPI,Dining
2025-07-02,UPI-SONY LIV-480497@okaxis,628.42,UPI,Subscriptions
2026-04-19,POS 79924 COURSERA PVT LTD GZB,2112.37,POS,Shopping
2025-08-27,POS 880645 DELHI JAL PVT LTD NOIDA,361.61,POS,Utilities & Bills
2026-04-24,UPI-SPOTIFY IN-400319@okaxis,167.22,UPI,Subscriptions
2025-07-06,UPI-TATA POWER DDL LTD-696081@upi,1427.46,UPI,Utilities & Bills
2025-09-26,UPI-UBERINDIA-172994@oksbi,88.18,UPI,Transport
2026-04-10,UPI-LEETCODE PREMIUM-19956@apl,5611.49,UPI,Shopping
2025-08-23,UPI-DMART-584303@ibl,1321.21,UPI,Groceries
2025-12-04,UPI-SWIGGY INSTAMART-578833@ybl,552.13,UPI,Groceries
2025-08-24,POS 908535 INOX LEISURE INDIA BLR,300.19,POS,Entertainment
2025-07-01,IMPS-713672-IMPSINWARDP2P,1630.17,IMPS,Income
2026-05-02,UPI-REDBUS LTD-19127@okaxis,610.11,UPI,Transport
2025-10-07,POS 698267 KFC MUM,293.31,POS,Dining
2025-07-10,POS 496037 DELHI JAL BOARD BLR,303.06,POS,Utilities & Bills
2026-05-20,UPI-NETFLIX INDIA-391449@upi,205.79,UPI,Subscriptions
2025-11-07,UPI-DMART-984713@paytm,886.9,UPI,Groceries
2026-04-13,IMPS-859259-RELIANCE FRESH INDIA,1292.07,IMPS,Groceries
2025-09-03,UPI-ZMT*ZOMATO PVT LTD-641975@ibl,268.4,UPI,Dining
2025-09-30,NEFT-UDEMYONLINECOURSE LTD-N131950,1364.25,NEFT,Shopping
2026-05-28,NEFT-IRCTC INDIA-N832655,301.9,NEFT,Transport
2025-12-03,NEFT-BOOKS KHARIDO ST PVT LTD-N391453,728.1,NEFT,Shopping
2025-10-27,UPI-INDRAPRASTH-513857@apl,407.37,UPI,Utilities & Bills
2025-10-20,POS 60094 HALDIRAM DEL,319.65,POS,Dining
2025-08-04,NEFT-RAPIDO BIKE INDIA-N249332,176.35,NEFT,Transport
2026-03-11,IMPS-563111-APPLEMUSIC PVT LTD,140.29,IMPS,Subscriptions
2025-12-12,UPI-PLAYSTATION STORE PVT LTD-582061@okaxis,602.31,UPI,Entertainment
2025-12-25,UPI-TATAPOWERDDL PVT LTD-107328@oksbi,546.82,UPI,Utilities & Bills
2025-08-13,UPI-BOOKS  PVT LTD-961744@paytm,635.93,UPI,Shopping
2025-08-17,UPI-HOTSTAR INDIA-323181@okaxis,565.91,UPI,Subscriptions
2025-09-11,UPI-MAXHOSPITAL-768348@upi,7415.12,UPI,Health & Fitness
2026-04-24,UPI-NATURESBASKET-482781@ybl,414.88,UPI,Groceries
2025-07-03,ACH-CREDRENTPAYMENT-561270,10018.34,ACH,Rent
2025-08-12,UPI-JIOMART-722819@ybl,397.63,UPI,Groceries
2026-02-04,IMPS-498480-YOUTUBE PREMIUM,144.36,IMPS,Subscriptions
2025-12-07,NEFT-FDMATURITYPROCEEDS-N499302,13468.01,NEFT,Income
2025-12-09,UPI-JIOMART PVT LTD-191357@paytm,636.9,UPI,Groceries
2025-10-17,POS 507075 BLUSMART LTD GZB,151.13,POS,Transport
2026-06-17,UPI-AJIO PVT LTD-912586@oksbi,1164.39,UPI,Shopping
2025-09-22,POS 618454 STEAM PURCHASE INDIA DEL,2929.92,POS,Entertainment
2026-05-06,UPI-MORE SUPERMARKET INDIA-660664@apl,440.38,UPI,Groceries
2026-04-27,UPI-GPAY UPI-723986@paytm,350.36,UPI,Transfers & Payments
2025-10-25,UPI-DELHI JAL BOARD-950926@ybl,615.99,UPI,Utilities & Bills
2026-06-26,UPI-HOTSTAR-430495@upi,626.07,UPI,Subscriptions
2025-11-04,ACH-NEFTINWARDREMITTANCE-815197,6072.65,ACH,Income
2026-02-20,POS 179988 AMAZON PRIME INDIA GZB,1294.55,POS,Subscriptions
2026-06-29,UPI-INDIAN OIL PETROL-133559@ibl,1876.03,UPI,Transport
2025-09-01,ACH-RENT TRANSFER L INDIA-767643,15806.39,ACH,Rent
2025-08-07,POS 555504 APPLE MUSIC PVT LTD GZB,102.52,POS,Subscriptions
2026-02-22,POS 788074 TATAPLAYDTH PVT LTD GZB,439.98,POS,Utilities & Bills
2025-08-07,IMPS-447120-INTERESTCREDITSBAC LTD,568.07,IMPS,Income
2026-03-01,IMPS-670196-CREDRENTPAYMENT LTD,10017.62,IMPS,Rent
2026-04-01,POS 607205 INDRAPRASTHAGAS BLR,808.98,POS,Utilities & Bills
2025-12-20,UPI-NEFT TRANSFER-774732@apl,19665.56,UPI,Transfers & Payments
2025-09-07,ACH-FDMATURITYPROCEEDS INDIA-606125,10198.76,ACH,Income
2026-02-02,POS 864096 HP PETROL PUMP LTD MUM,519.99,POS,Transport
2026-02-06,NEFT-NOBROKERRENTPAY PVT LTD-N205638,10320.23,NEFT,Rent
2025-11-01,UPI-OLA CABS-11942@ybl,465.88,UPI,Transport
2025-12-05,IMPS-367542-WATERBILL PVT LTD,208.82,IMPS,Utilities & Bills
2026-06-19,UPI-BOOKMYSH-898146@ibl,868.65,UPI,Entertainment
2025-09-08,UPI-HALDIRAM INDIA-217619@oksbi,101.94,UPI,Dining
2026-01-11,UPI-HP PETROL PUMP LTD-960460@oksbi,515.55,UPI,Transport
2026-01-22,POS 371388 PLAYSTATION STORE LTD BLR,2731.49,POS,Entertainment
2026-04-05,UPI-ZOMATO INDIA-95736@okaxis,432.41,UPI,Dining
2025-12-19,UPI-BIGBASKET INDIA-252038@ibl,898.76,UPI,Groceries
2025-08-29,POS 259053 RELIANCEFRESH PVT LTD NOIDA,1389.41,POS,Groceries
2026-03-18,UPI-APPLE MUSIC INDIA-510774@ybl,119.88,UPI,Subscriptions
2026-05-04,IMPS-310314-CRED RENT P LTD,10627.21,IMPS,Rent
2025-08-05,UPI-PIZZA HUT INDIA-81261@paytm,778.79,UPI,Dining
2025-12-13,UPI-APPLE MUSIC LTD-352023@ibl,175.07,UPI,Subscriptions
2025-11-13,UPI-HOTSTAR PVT LTD-131484@paytm,341.82,UPI,Subscriptions
2025-10-18,UPI-JIORECHARGE LTD-511243@oksbi,185.96,UPI,Utilities & Bills
2025-11-12,POS 476306 WOW MOMO PVT LTD DEL,169.93,POS,Dining
2025-10-17,UPI-WATER BILL-432763@ibl,581.4,UPI,Utilities & Bills
2026-06-03,UPI-LEETCODE PREMIUM-598339@ybl,2814.74,UPI,Shopping
2026-03-18,NEFT-TATA POW PVT LTD-N792044,3731.76,NEFT,Utilities & Bills
2025-12-16,UPI-BURGER KI LTD-887946@oksbi,156.08,UPI,Dining
2026-02-03,UPI-BIGBASKET-126638@apl,423.44,UPI,Groceries
2025-07-18,POS 620338 DELHIMETRORAIL LTD GZB,95.09,POS,Transport
2025-10-05,IMPS-537838-FD MATURITY PROC PVT LTD,14453.35,IMPS,Income
2026-03-01,UPI-MORE SUPER-244844@upi,200.09,UPI,Groceries
2025-12-26,NEFT-SWG*SWIGGY INDIA-N25318,147.07,NEFT,Dining
2025-09-24,UPI-DOMINOS PIZZA PVT LTD-72114@upi,644.93,UPI,Dining
2026-05-01,NEFT-RENT TRANSFER LANDLORD PVT LTD-N473079,14265.65,NEFT,Rent
2025-07-11,UPI-PIZZAHUT INDIA-723958@ibl,722.22,UPI,Dining
2025-11-16,UPI-SPENCERSRETAIL LTD-882001@ibl,737.9,UPI,Groceries
2025-12-06,POS 152202 CAFECOFFEEDAY LTD MUM,188.78,POS,Dining
2026-01-16,UPI-BOOKS KHARIDO STORE-427638@ybl,340.33,UPI,Shopping
2025-09-12,POS 278888 INDIANOILPETROL BLR,574.3,POS,Transport
2025-07-27,POS 402155 WOWMOMO PVT LTD GZB,146.57,POS,Dining
2025-07-07,UPI-PVRCINEMAS INDIA-471444@upi,683.53,UPI,Entertainment
2025-07-17,POS 410913 DOMINOS PIZZA LTD NOIDA,536.26,POS,Dining
2026-04-05,UPI-HALDIRAM-356429@oksbi,190.55,UPI,Dining
2025-11-02,UPI-UBERINDIA-13922@paytm,347.81,UPI,Transport
2025-07-18,UPI-NATURES BASKET LTD-169031@paytm,320.26,UPI,Groceries
2026-03-18,UPI-ACT FI INDIA-520689@ybl,727.57,UPI,Utilities & Bills
2026-06-29,UPI-KFC INDIA-831836@paytm,698.79,UPI,Dining
2025-08-05,UPI-DOMINO INDIA-270311@okaxis,282.98,UPI,Dining
2025-12-02,POS 193588 DOMINOSPIZZA LTD MUM,261.44,POS,Dining
2025-10-01,UPI-NFLX*NETFLIX-283987@apl,202.05,UPI,Subscriptions
2025-12-04,UPI-HDFC HOME LOAN EMI INDIA-837591@apl,19502.25,UPI,Transfers & Payments
2026-06-11,UPI-SPENCERSRETAIL PVT LTD-332146@paytm,265.61,UPI,Groceries
2026-02-24,UPI-BARBEQUE NATION PVT LTD-756184@ibl,801.28,UPI,Dining
2025-12-24,UPI-HDFC CREDIT CARD AUTOPAY PVT LTD-613731@ibl,5706.65,UPI,Transfers & Payments
2026-04-21,UPI-RAPIDO BIKE PVT LTD-976323@ibl,94.09,UPI,Transport
2026-04-04,IMPS-769089-RENT TRANSFER LANDLORD PVT LTD,17360.49,IMPS,Rent
2026-04-11,UPI-ACT FIBERN INDIA-134066@ybl,871.95,UPI,Utilities & Bills
2025-11-15,UPI-HDFCHOMELOANEMI PVT LTD-25783@ibl,26226.06,UPI,Transfers & Payments
2025-08-26,IMPS-306739-MYNTRA INDIA,1782.55,IMPS,Shopping
2025-07-23,UPI-AIRTELPAYMENTS-773776@upi,645.26,UPI,Utilities & Bills
2026-05-17,UPI-SBIPERSONALLOANEMI LTD-824575@okaxis,14597.09,UPI,Transfers & Payments
2025-11-16,UPI-DMART-166381@paytm,625.44,UPI,Groceries
2026-02-07,UPI-PAYTMUPI-177341@paytm,19915.36,UPI,Transfers & Payments
2025-09-14,POS 947510 NATURES BASKET PVT LTD MUM,300.0,POS,Groceries
2025-07-11,UPI-BIGBASKET-396211@ybl,1721.51,UPI,Groceries
2026-04-30,UPI-STEAMPURCHASE-4521@ibl,1033.15,UPI,Entertainment
2025-08-30,UPI-PHARME-608801@apl,1126.28,UPI,Health & Fitness
2025-09-10,POS 980179 RAPIDO BIKE LTD NOIDA,128.13,POS,Transport
2026-04-22,NEFT-DELHI JAL BOARD-N47902,290.42,NEFT,Utilities & Bills
2025-08-12,UPI-INDRAPRASTHA GAS-446914@oksbi,1499.94,UPI,Utilities & Bills
2026-05-02,UPI-UBER INDIA-541069@okaxis,276.67,UPI,Transport
2025-11-03,POS 975723 BLINKIT DEL,346.54,POS,Groceries
2026-04-11,POS 346742 SWIGGY PVT LTD GZB,135.62,POS,Dining
2025-07-10,UPI-TATAPOWERDDL PVT LTD-845019@apl,2046.53,UPI,Utilities & Bills
2025-10-31,UPI-MCDONALDS INDIA-32427@oksbi,196.56,UPI,Dining
2025-11-23,UPI-IMPS TRANSFER PVT LTD-906162@oksbi,6003.94,UPI,Transfers & Payments
2026-04-08,UPI-ZMT*ZOMATO-850465@ybl,509.15,UPI,Dining
2025-09-16,POS 539274 AIRTEL PAYMENTS LTD NOIDA,451.4,POS,Utilities & Bills
2026-01-17,UPI-APOLLOPHARMACY-364489@ibl,1202.08,UPI,Health & Fitness
2026-02-25,NEFT-UDEMYONLINECOURSE PVT LTD-N669124,2851.08,NEFT,Shopping
2025-10-22,IMPS-19241-DECATHLON INDIA,500.32,IMPS,Shopping
2026-04-13,UPI-EATCLUB-736281@okaxis,154.02,UPI,Dining
2026-05-18,NEFT-BARBEQUENATION PVT LTD-N363756,1500.96,NEFT,Dining
2025-07-17,UPI-MORESUPERMARKET-182291@ybl,203.99,UPI,Groceries
2025-09-04,UPI-AMAZON PAY INDIA-151286@oksbi,236.05,UPI,Shopping
2025-10-11,NEFT-BURGER KING LTD-N596379,366.09,NEFT,Dining
2025-12-01,NEFT-IMPSINWARDP2P PVT LTD-N993481,3192.28,NEFT,Income
2026-02-08,POS 855481 INDIAN OIL PETROL LTD MUM,743.45,POS,Transport
2025-09-12,POS 230389 INOX LEISURE INDIA MUM,431.9,POS,Entertainment
2025-12-18,UPI-BAJAJFINSERVEMI PVT LTD-524470@upi,5316.95,UPI,Transfers & Payments
2025-12-06,IMPS-247287-SPOTIFY PVT LTD,128.78,IMPS,Subscriptions
2026-01-26,UPI-BAJAJ FI PVT LTD-794627@paytm,5370.08,UPI,Transfers & Payments
2025-10-02,POS 535131 CAFECOFFEEDAY NOIDA,315.38,POS,Dining
2026-06-23,NEFT-STEAM PURCHASE LTD-N898503,345.65,NEFT,Entertainment
2026-01-26,POS 536441 IMPS TRANSFER INDIA MUM,18915.93,POS,Transfers & Payments
2026-06-05,POS 671157 NATURESBASKET BLR,522.29,POS,Groceries
2025-12-03,POS 153645 SWIGGY PVT LTD BLR,163.18,POS,Dining
2025-07-03,UPI-RENT TRANSFER LANDLORD INDIA-575288@ybl,27954.15,UPI,Rent
2026-02-07,POS 775116 HALDIRAM MUM,110.71,POS,Dining
2026-01-21,UPI-ZEPTO PVT LTD-840940@okaxis,430.57,UPI,Groceries
2026-06-29,UPI-SWIGGY LTD-574258@ibl,125.03,UPI,Dining
2026-06-08,UPI-MCDONAL LTD-354750@upi,304.93,UPI,Dining
2025-08-03,POS 841298 JIOMART NOIDA,789.94,POS,Groceries
2025-07-10,UPI-PAYTMUPI-857223@paytm,19720.92,UPI,Transfers & Payments
2026-01-06,POS 87257 ZEPTO PVT LTD BLR,148.86,POS,Groceries
2025-12-07,UPI-BURGER KING-445474@paytm,421.46,UPI,Dining
2026-05-25,UPI-ZEPTO INDIA-56439@paytm,132.85,UPI,Groceries
2026-05-01,UPI-BURGER-94811@apl,180.48,UPI,Dining
2026-03-01,UPI-SBI PERSONAL LOAN EMI LTD-113132@apl,9759.05,UPI,Transfers & Payments
2026-05-30,POS 819596 PLAYSTATION STORE DEL,3238.97,POS,Entertainment
2025-12-29,POS 788748 PVR CINEMAS DEL,768.84,POS,Entertainment
2026-05-22,UPI-SPENCERS RE PVT LTD-967015@paytm,713.82,UPI,Groceries
2025-12-20,UPI-CAFE CO-496502@ybl,193.45,UPI,Dining
2025-07-02,UPI-AMAZON PR-798392@paytm,912.57,UPI,Subscriptions
2025-07-15,UPI-INTERVIEWBIT-117463@apl,2515.7,UPI,Shopping
2025-10-12,UPI-HDFC CREDIT CARD AUTOPAY-665527@oksbi,4389.49,UPI,Transfers & Payments
2026-03-06,UPI-AJIO LTD-43276@oksbi,2791.41,UPI,Shopping
2025-07-04,POS 574602 AIRTELPAYMENTS PVT LTD DEL,534.83,POS,Utilities & Bills
2026-02-24,POS 34006 INOX LEISURE DEL,325.92,POS,Entertainment
2025-09-08,UPI-DMART INDIA-196268@ybl,2853.6,UPI,Groceries
2026-01-13,UPI-EATCLUB INDIA-579275@okaxis,401.04,UPI,Dining
2026-02-12,UPI-NATURES BASKET PVT LTD-70513@oksbi,952.94,UPI,Groceries
2026-01-03,POS 94787 EATCLUB LTD MUM,151.06,POS,Dining
2025-09-13,POS 504675 BARBEQUENATION DEL,904.16,POS,Dining
2025-09-19,POS 737956 HPPETROLPUMP LTD DEL,1461.01,POS,Transport
2025-11-05,ACH-CRED RENT PAYMENT-70162,10971.44,ACH,Rent
2026-05-04,POS 854590 SWIGGY DEL,198.08,POS,Dining
2025-08-06,UPI-ZEPTO PVT LTD-801745@apl,508.19,UPI,Groceries
2025-11-03,UPI-PHONEPEUPI-905398@okaxis,1177.32,UPI,Transfers & Payments
2025-07-09,UPI-AIRTEL PAYMENTS PVT LTD-957389@oksbi,299.38,UPI,Utilities & Bills
2026-04-26,UPI-TATA 1MG-336604@oksbi,232.22,UPI,Health & Fitness
2025-08-09,UPI-OLA CABS INDIA-346522@apl,84.07,UPI,Transport
2026-03-12,POS 273207 RELIANCE PVT LTD BLR,384.16,POS,Groceries
2026-05-03,POS 20776 HDFC HOME INDIA BLR,16748.01,POS,Transfers & Payments
2026-02-02,POS 149212 RELIANCE FRESH INDIA DEL,366.71,POS,Groceries
2025-08-01,UPI-AMAZON PAY INDIA INDIA-129453@okaxis,908.8,UPI,Shopping
2026-05-25,UPI-NATURES BASKET INDIA-697862@upi,306.37,UPI,Groceries
2025-10-25,UPI-HALDIR INDIA-311909@apl,102.13,UPI,Dining
2026-06-09,POS 170866 BLUSMART GZB,163.43,POS,Transport
2026-01-23,POS 195968 MORE SUPERMARKET INDIA GZB,546.39,POS,Groceries
2026-02-05,UPI-UBERINDIA-467951@upi,414.45,UPI,Transport
2025-08-04,UPI-SPOTIFY INDIA LTD-989890@okaxis,122.47,UPI,Subscriptions
2026-06-20,UPI-ACTFIBERNET-132470@ybl,1338.13,UPI,Utilities & Bills
2026-01-25,UPI-BOOKS KHARIDO STORE-837062@okaxis,620.76,UPI,Shopping
2025-10-28,UPI-PAYTMUPI PVT LTD-819069@okaxis,12127.22,UPI,Transfers & Payments
2026-06-17,POS 810503 RELIANCE FRE BLR,492.41,POS,Groceries
2025-12-15,IMPS-450906-AIRTEL PAYMENTS INDIA,918.62,IMPS,Utilities & Bills
2026-06-01,UPI-CULTFIT INDIA-473102@paytm,1856.98,UPI,Health & Fitness
2025-12-21,UPI-SCALERACADEMY LTD-458529@apl,5148.13,UPI,Shopping
2026-03-27,UPI-BOOKMYSHOW LTD-501020@ybl,1162.18,UPI,Entertainment
2025-10-14,UPI-PVRCINEMAS LTD-184963@upi,319.51,UPI,Entertainment
2026-02-23,UPI-PIZZA HUT INDIA-447616@ibl,308.74,UPI,Dining
2025-11-28,UPI-INTERVIEWBIT-391016@paytm,1333.97,UPI,Shopping
2025-07-03,ACH-NOBROKERRENTPAY-877133,13609.63,ACH,Rent
2025-09-30,UPI-BSESRAJDHANIPOWER LTD-784157@oksbi,3964.4,UPI,Utilities & Bills
2025-11-14,UPI-NEFTTRANSFER INDIA-282686@oksbi,34660.61,UPI,Transfers & Payments
2025-08-06,UPI-WOW MO LTD-846386@paytm,140.01,UPI,Dining
2026-06-16,POS 306350 SWIGGYINSTAMART GZB,191.28,POS,Groceries
2025-11-21,UPI-NATURESBASKET LTD-895237@paytm,1566.18,UPI,Groceries
2026-02-07,POS 6588 MEESHO GZB,201.88,POS,Shopping
2025-12-14,POS 924770 ACTFIBERNET LTD MUM,1003.35,POS,Utilities & Bills
2026-06-23,UPI-YOUTUBE PREMIUM-236789@ybl,141.81,UPI,Subscriptions
2026-04-03,UPI-PIZZA HUT LTD-939273@ibl,308.34,UPI,Dining
2025-11-30,POS 857795 BLUSMART NOIDA,151.59,POS,Transport
2026-02-04,IMPS-476652-CRED RENT PAYMENT LTD,24895.82,IMPS,Rent
2025-10-14,UPI-TATA POWER DDL PVT LTD-654712@upi,1874.2,UPI,Utilities & Bills
2026-03-16,POS 316991 INDIAN OIL PETROL INDIA DEL,938.27,POS,Transport
2025-07-12,POS 11726 COURSERA DEL,2957.83,POS,Shopping
2025-09-02,NEFT-RENT TRANSFER LANDLORD PVT LTD-N815355,23621.73,NEFT,Rent
2025-11-21,UPI-IRCTC-959261@paytm,1052.33,UPI,Transport
2025-10-07,UPI-ZEPTO LTD-7879@ybl,147.89,UPI,Groceries
2026-05-30,POS 895966 DOMINOS PIZZA PVT LTD DEL,257.09,POS,Dining
2025-11-03,IMPS-238016-NEFT INWARD REMITTANCE,14899.75,IMPS,Income
2025-11-23,POS 655082 DELHI JAL BOARD LTD BLR,542.06,POS,Utilities & Bills
2025-11-04,UPI-ZEPTO LTD-621857@oksbi,113.99,UPI,Groceries
2026-04-02,UPI-APOLLO PHARMACY LTD-129396@ybl,1068.31,UPI,Health & Fitness
2026-04-23,UPI-DRLALPATHLABS PVT LTD-788854@ibl,801.2,UPI,Health & Fitness
2026-05-02,ACH-FD MATURITY PROCEEDS-150571,15302.47,ACH,Income
2026-02-21,UPI-CROMARETAIL PVT LTD-292352@ybl,1167.66,UPI,Shopping
2025-11-15,UPI-DOMINOS PIZZA-214017@oksbi,314.29,UPI,Dining
2025-10-01,UPI-BAJAJFINSERVEMI-738139@ybl,2059.85,UPI,Transfers & Payments
2026-02-02,UPI-REDBUS PVT LTD-497450@okaxis,431.98,UPI,Transport
2025-11-04,IMPS-736281-CREDRENTPAYMENT LTD,10012.91,IMPS,Rent
2025-10-26,UPI-NFLX*NETFLIX-622901@ybl,394.93,UPI,Subscriptions
2025-09-03,UPI-NOBROKERRENTPAY LTD-740403@paytm,10078.86,UPI,Rent
2025-12-10,UPI-INOXLEISURE LTD-755760@apl,317.53,UPI,Entertainment
2026-06-07,UPI-AIRTEL PAYMENTS-893707@oksbi,349.04,UPI,Utilities & Bills
2026-05-06,UPI-VODAFONE IDEA PVT LTD-727059@upi,202.69,UPI,Utilities & Bills
2025-10-29,UPI-SWIGGY PVT LTD-659802@apl,475.82,UPI,Dining
2026-04-29,POS 318205 PLAYSTATIONSTORE GZB,1316.86,POS,Entertainment
2026-04-21,UPI-CAFECOFFEEDAY LTD-924404@ybl,272.17,UPI,Dining
2025-08-18,UPI-DELHIJALBOARD-989551@paytm,216.52,UPI,Utilities & Bills
2025-11-18,IMPS-350745-SNITCH,1310.37,IMPS,Shopping
2026-03-29,POS 181141 CULTFIT MUM,1723.15,POS,Health & Fitness
2025-09-27,UPI-STEAMPURCHASE-280052@oksbi,927.94,UPI,Entertainment
2025-12-04,UPI-AMAZON PRIME PVT LTD-773919@okaxis,306.71,UPI,Subscriptions
2025-09-27,UPI-VODAFONEIDEA PVT LTD-10041@apl,158.6,UPI,Utilities & Bills
2025-12-01,UPI-MORE SUPERMARK INDIA-198869@ibl,951.83,UPI,Groceries
2025-09-07,NEFT-ASPECTRATIOSALARY PVT LTD-N92424,53305.64,NEFT,Income
2025-07-07,UPI-WATER BILL INDIA-414578@ybl,614.81,UPI,Utilities & Bills
2025-07-01,UPI-NYKAA PVT LTD-869253@apl,306.09,UPI,Shopping
2025-08-04,UPI-ACT FIBE-20674@upi,742.91,UPI,Utilities & Bills
2026-04-21,POS 801079 BURGERKING PVT LTD BLR,266.1,POS,Dining
2026-02-23,UPI-ZEPTO-233986@oksbi,680.97,UPI,Groceries
2026-03-28,IMPS-692091-STEAMPURCHASE INDIA,303.75,IMPS,Entertainment
2026-06-16,UPI-REDBUS-498026@oksbi,1460.41,UPI,Transport
2025-12-29,POS 342379 IRCTC BLR,771.67,POS,Transport
2026-02-03,UPI-MORE SUPERMARKET LTD-707002@paytm,254.95,UPI,Groceries
2025-08-01,IMPS-272555-RENT TRANSFER LANDLORD,11603.07,IMPS,Rent
2025-10-11,UPI-BARBEQUE NATION INDIA-366917@okaxis,2581.72,UPI,Dining
2026-02-23,UPI-BIGBASK-380597@oksbi,2299.33,UPI,Groceries
2026-06-02,IMPS-307517-ASPECT RATIO SALARY,51296.87,IMPS,Income
2025-08-05,POS 537448 PHONEPE  GZB,3976.85,POS,Transfers & Payments
2026-04-16,UPI-CREDPAYMENT PVT LTD-732206@ybl,550.02,UPI,Transfers & Payments
2025-12-05,UPI-JIOMART PVT LTD-82547@apl,718.58,UPI,Groceries
2025-12-19,UPI-RELIANCE FRESH-864937@oksbi,626.23,UPI,Groceries
2025-11-28,UPI-AMAZON PAY INDIA PVT LTD-782563@ybl,887.66,UPI,Shopping
2025-07-22,UPI-CULTFIT INDIA-182358@ybl,1164.91,UPI,Health & Fitness
2025-07-07,UPI-INOX LEISURE-625552@okaxis,346.43,UPI,Entertainment
2026-03-06,UPI-CRED RENT PAYMENT LTD-96808@oksbi,20544.8,UPI,Rent
2025-07-17,UPI-SPENCERS RETAIL LTD-501124@ibl,207.84,UPI,Groceries
2026-05-28,UPI-NETFLIX-308861@ybl,292.41,UPI,Subscriptions
2025-10-17,UPI-NEFT TRAN INDIA-87354@ibl,28742.27,UPI,Transfers & Payments
2025-11-04,IMPS-713440-NOBROKER RENT PAY LTD,25376.94,IMPS,Rent
2025-08-04,UPI-STEAMPURCHASE PVT LTD-926125@upi,320.5,UPI,Entertainment
2026-04-19,POS 157397 HPPETROLPUMP NOIDA,1064.96,POS,Transport
2025-07-06,POS 351771 PLAYSTATION STORE PVT LTD DEL,2202.79,POS,Entertainment
2025-07-11,UPI-AMAZONPRIME LTD-381990@oksbi,979.23,UPI,Subscriptions
2025-10-25,POS 280979 UDEMY ONLINE COURSE INDIA NOIDA,1311.64,POS,Shopping
2026-05-27,UPI-SWIGGY IN-858130@oksbi,382.94,UPI,Groceries
2025-09-08,UPI-PHARMEASY LTD-442062@oksbi,1214.18,UPI,Health & Fitness
2026-05-11,POS 475084 MEESHO GZB,589.6,POS,Shopping
2025-12-16,UPI-CROMA RETAIL-407019@oksbi,23021.23,UPI,Shopping
2025-09-25,UPI-BSES RAJDHANI POWER-911644@apl,1388.05,UPI,Utilities & Bills
2025-12-09,UPI-LEETCODE PREMIUM PVT LTD-890360@paytm,9976.74,UPI,Shopping
2025-08-30,UPI-YOUTUBE PREMIUM-276106@upi,173.01,UPI,Subscriptions
2026-01-22,UPI-MYNTRA INDIA-32184@oksbi,949.68,UPI,Shopping
2026-01-22,POS 977153 SWIGGY INSTAMART DEL,386.47,POS,Groceries
2026-03-18,UPI-IMPS TRANSFER-706590@ibl,20162.07,UPI,Transfers & Payments
2025-09-17,UPI-CRED PAY LTD-811145@apl,2106.76,UPI,Transfers & Payments
2025-07-04,NEFT-BURGER K-N276161,161.78,NEFT,Dining
2026-06-22,UPI-VODAFONE IDEA LTD-928231@paytm,535.79,UPI,Utilities & Bills
2026-05-24,UPI-RELIANCE FRESH-119441@okaxis,367.35,UPI,Groceries
2026-01-11,UPI-ACT FIBERNET-647898@okaxis,1237.3,UPI,Utilities & Bills
2026-05-07,UPI-AMAZON PAY LTD-589682@ibl,2846.26,UPI,Shopping
2026-06-23,POS 489540 BIGBASKET GZB,426.18,POS,Groceries
2026-01-09,UPI-AMAZON PAY INDIA PVT LTD-696545@ybl,2405.19,UPI,Shopping
2025-07-27,UPI-HPPETROLPUMP PVT LTD-926351@apl,1343.67,UPI,Transport
2026-05-31,NEFT-PVR CINE-N210414,1094.36,NEFT,Entertainment
2026-05-03,UPI-PHARMEASY INDIA-662453@okaxis,152.44,UPI,Health & Fitness
2026-03-06,NEFT-NEFT INWARD RE-N477327,1482.36,NEFT,Income
2026-01-29,UPI-DOMINOS PIZZA PVT LTD-874383@okaxis,640.34,UPI,Dining
2025-07-10,POS 692820 UBER IND GZB,471.88,POS,Transport
2026-02-25,UPI-HDFC CREDIT CARD AUTOPAY-79917@oksbi,9411.33,UPI,Transfers & Payments
2026-01-14,POS 839660 AJIO LTD NOIDA,911.36,POS,Shopping
2025-09-07,UPI-WOW MOMO LTD-656255@paytm,152.05,UPI,Dining
2026-02-01,UPI-AMAZONPRIME PVT LTD-295241@okaxis,356.21,UPI,Subscriptions
2025-10-03,UPI-CULT FIT PVT LTD-548273@upi,2186.42,UPI,Health & Fitness
2025-07-06,UPI-AMAZON PAY INDIA PVT LTD-850877@upi,4355.51,UPI,Shopping
2026-01-08,POS 20469 DOMINOSPIZZA GZB,254.46,POS,Dining
2025-11-05,UPI-SBIPERSONALLOANEMI-954651@okaxis,8247.59,UPI,Transfers & Payments
2026-01-09,UPI-UBER INDIA INDIA-1806@ybl,434.17,UPI,Transport
2026-06-19,UPI-MORESUPERMARKET PVT LTD-373097@ybl,834.09,UPI,Groceries
2026-02-11,POS 713685 MYNTRA PVT LTD DEL,3793.51,POS,Shopping
2026-03-05,UPI-CREDRENTPAYMENT PVT LTD-917747@upi,16496.99,UPI,Rent
2025-11-19,UPI-SBI PERSONAL LOAN EMI INDIA-432084@ybl,14981.26,UPI,Transfers & Payments
2026-01-12,UPI-SBI PERSONAL -814131@ibl,14412.03,UPI,Transfers & Payments
2026-04-24,UPI-MYNTRA INDIA-956641@apl,3235.34,UPI,Shopping
2025-07-03,ACH-NEFTINWARDREMITTANCE-406748,1646.9,ACH,Income
2025-07-06,UPI-IMPSTRANSFER INDIA-77201@oksbi,27046.89,UPI,Transfers & Payments
2025-12-24,UPI-ACTFIBERNET-953821@ibl,1045.64,UPI,Utilities & Bills
2026-04-07,UPI-BURGERKING PVT LTD-789000@ibl,365.97,UPI,Dining
2026-06-04,IMPS-961877-NOBROKER PVT LTD,22198.88,IMPS,Rent
2026-03-26,UPI-SWG*SWIGGY-994554@apl,628.58,UPI,Dining
2025-12-02,NEFT-NEFT INWARD REMITTANCE LTD-N802569,7828.39,NEFT,Income
2025-07-16,UPI-DOMINOSPIZZA-304660@okaxis,251.36,UPI,Dining
2025-09-14,NEFT-CRED PAYMENT-N831901,3243.51,NEFT,Transfers & Payments
2025-11-23,POS 75152 SPOTIFY INDIA BLR,126.22,POS,Subscriptions
2026-03-11,POS 493911 WOWMOMO BLR,100.28,POS,Dining
2026-06-09,UPI-SONYLIV LTD-779339@apl,610.54,UPI,Subscriptions
2025-12-16,NEFT-INOX LEISURE LTD-N59312,542.04,NEFT,Entertainment
2026-03-06,UPI-BIGBASKET INDIA-639196@apl,421.98,UPI,Groceries
2026-01-22,NEFT-NEFTTRANSFER-N986834,47749.42,NEFT,Transfers & Payments
2026-01-06,UPI-APOLLO P-90312@oksbi,707.78,UPI,Health & Fitness
2026-01-26,UPI-SWIGGY INSTAMA INDIA-600650@okaxis,1154.66,UPI,Groceries
2026-05-25,POS 891843 PIZZA HUT PVT LTD DEL,357.52,POS,Dining
2025-08-31,UPI-DR LAL PATHLABS PVT LTD-237494@paytm,1521.09,UPI,Health & Fitness
2025-08-19,POS 515003 UDEMYONLINECOURSE INDIA NOIDA,500.34,POS,Shopping
2025-12-27,IMPS-91346-NATURESBASKET INDIA,1275.65,IMPS,Groceries
2025-09-14,IMPS-781361-TATA 1MG,1093.11,IMPS,Health & Fitness
2026-03-22,UPI-AIRTEL PA INDIA-43273@ybl,224.62,UPI,Utilities & Bills
2025-12-06,POS 301533 DMART INDIA GZB,1427.0,POS,Groceries
2026-02-13,UPI-NETMEDS-437189@apl,167.38,UPI,Health & Fitness
2025-07-03,NEFT-BLINKIT INDIA-N434626,192.94,NEFT,Groceries
2026-05-19,POS 895783 PHARMEASY MUM,160.89,POS,Health & Fitness
2026-04-02,UPI-XBOX STORE-282002@okaxis,1014.82,UPI,Entertainment
2025-08-07,UPI-HDFC HOME LOAN EMI PVT LTD-534603@paytm,17371.03,UPI,Transfers & Payments
2025-08-18,POS 274229 AIRTELPAYMENTS INDIA MUM,587.58,POS,Utilities & Bills
2026-05-05,UPI-APPLE MUSIC INDIA-50168@upi,123.2,UPI,Subscriptions
2026-04-27,UPI-FKRT*FLIPKART-752644@okaxis,688.25,UPI,Shopping
2025-07-10,UPI-HP PETROL PUMP LTD-634556@apl,1766.8,UPI,Transport
2025-07-13,POS 402205 SWIGGY NOIDA,581.2,POS,Dining
2026-01-07,UPI-APOLLO PHARMACY-582627@oksbi,755.94,UPI,Health & Fitness
2026-03-31,POS 338322 SWIGGY I INDIA BLR,538.25,POS,Groceries
2026-02-09,UPI-REDBUS LTD-910064@ybl,1130.56,UPI,Transport
2025-07-29,UPI-REDBUS-492176@okaxis,497.31,UPI,Transport
2026-02-07,NEFT-WOW MOM-N626560,107.07,NEFT,Dining
2026-05-11,UPI-BAJAJFINSERVEMI PVT LTD-908702@ybl,2037.31,UPI,Transfers & Payments
2026-01-10,POS 564204 ZEPTO PVT LTD MUM,345.13,POS,Groceries
2026-01-21,UPI-INDRAPRASTHAGAS-117851@ibl,873.66,UPI,Utilities & Bills
2026-06-10,POS 19968 CAFE COFFEE DAY LTD MUM,115.31,POS,Dining
2026-03-03,IMPS-311657-ASPECTRATIOSALARY PVT LTD,59225.51,IMPS,Income
2026-06-13,POS 964152 BOOKMYSHOW LTD BLR,208.31,POS,Entertainment
2025-08-07,UPI-INOX LEISURE-356423@upi,353.53,UPI,Entertainment
2026-01-25,POS 189536 NATURESBASKET INDIA BLR,481.46,POS,Groceries
2026-01-03,NEFT-STEAMPURCHASE-N145564,1814.87,NEFT,Entertainment
2025-09-05,UPI-WOWMOMO-952284@oksbi,100.01,UPI,Dining
2025-07-03,IMPS-413479-FD MATURITY PROCEEDS,15034.07,IMPS,Income
2025-07-05,UPI-IRCTC LTD-767439@ibl,2031.28,UPI,Transport
2025-07-05,UPI-FAASOS-127545@paytm,363.83,UPI,Dining
2025-09-23,UPI-WATERBILL LTD-671139@paytm,212.3,UPI,Utilities & Bills
2025-09-19,UPI-EATCLUB INDIA-794747@okaxis,263.09,UPI,Dining
2025-08-27,UPI-INOX LEISURE LTD-412485@paytm,302.21,UPI,Entertainment
2026-02-23,UPI-STEAMPURCHASE INDIA-980836@okaxis,1481.78,UPI,Entertainment
2026-04-29,IMPS-335519-DMART,704.25,IMPS,Groceries
2025-11-24,UPI-WATER BILL LTD-539752@paytm,209.28,UPI,Utilities & Bills
2026-04-07,UPI-WOW MOMO PVT LTD-660816@okaxis,170.06,UPI,Dining
2026-01-20,POS 910069 DMART LTD BLR,1391.37,POS,Groceries
2026-05-12,UPI-PVR CINE INDIA-399339@paytm,349.59,UPI,Entertainment
2025-09-10,POS 32964 PHARMEASY INDIA NOIDA,150.15,POS,Health & Fitness
2026-01-24,POS 371482 NYKAA LTD DEL,594.66,POS,Shopping
2025-10-10,UPI-OLA CABS-463651@ybl,273.86,UPI,Transport
2025-08-18,UPI-NETFLIX-364710@ibl,286.13,UPI,Subscriptions
2025-12-02,UPI-DOMINOSPIZZA LTD-620425@okaxis,302.04,UPI,Dining
2025-11-13,POS 225179 JIO RECHARGE PVT LTD DEL,542.05,POS,Utilities & Bills
2025-12-11,UPI-INDIAN OIL PETROL-601487@upi,515.98,UPI,Transport
2026-03-30,UPI-YOUTUBEPREMIUM PVT LTD-889786@upi,138.82,UPI,Subscriptions
2025-09-02,UPI-RELIANCE FRESH LTD-924907@okaxis,861.78,UPI,Groceries
2025-07-04,UPI-SCALERACADEMY INDIA-52564@apl,5862.44,UPI,Shopping
2025-08-15,POS 845848 NATURES DEL,840.12,POS,Groceries
2026-03-08,UPI-EATCLUB LTD-892613@apl,157.22,UPI,Dining
2026-06-15,UPI-XBOXSTORE-903416@oksbi,792.52,UPI,Entertainment
2025-12-12,NEFT-WOWMOMO LTD-N856089,138.96,NEFT,Dining
2026-04-30,UPI-NETMEDS PVT LTD-174369@oksbi,385.31,UPI,Health & Fitness
2026-03-31,UPI-ZEPTO LTD-50004@ybl,145.43,UPI,Groceries
2026-06-18,UPI-SPENCERS RETAIL-444841@ibl,246.39,UPI,Groceries
2025-11-28,UPI-TATA1MG PVT LTD-519671@upi,156.73,UPI,Health & Fitness
2025-07-05,POS 348497 VODAFONE IDEA INDIA MUM,780.61,POS,Utilities & Bills
2025-09-03,POS 960277 DELHI METRO RAIL NOIDA,33.61,POS,Transport
2025-10-12,UPI-WATER BILL LTD-131355@paytm,200.01,UPI,Utilities & Bills
2025-10-06,ACH-NOBROKERRENTPAY INDIA-656797,20503.99,ACH,Rent
2026-02-25,UPI-DOMINOS-435286@upi,390.95,UPI,Dining
2025-11-30,UPI-PAYTM UPI-971470@apl,4004.47,UPI,Transfers & Payments
2026-01-10,UPI-RELIANCE FRESH PVT LTD-645205@okaxis,237.33,UPI,Groceries
2025-11-25,UPI-SNITCH-672417@oksbi,1751.63,UPI,Shopping
2026-03-11,UPI-UBERINDIA INDIA-497231@apl,321.71,UPI,Transport
2025-09-09,UPI-INTERVIEWBIT-883751@oksbi,3758.3,UPI,Shopping
2026-01-24,UPI-ZMT*ZOMATO-695534@okaxis,433.82,UPI,Dining
2025-11-12,POS 297458 CULT FIT GZB,1001.35,POS,Health & Fitness
2025-10-15,UPI-INDIANOILPETROL LTD-616592@upi,1982.54,UPI,Transport
2026-04-04,UPI-APPLE MUSIC-828948@paytm,105.64,UPI,Subscriptions
2025-07-05,IMPS-854402-FD MATURITY PROCEEDS PVT LTD,18850.07,IMPS,Income
2025-09-07,ACH-CRED RENT PA PVT LTD-227993,10325.43,ACH,Rent
2026-01-12,UPI-PLAYSTATIONSTORE-165572@upi,1551.27,UPI,Entertainment
2025-08-08,POS 346552 PLAYSTATION STORE GZB,790.94,POS,Entertainment
2025-07-03,UPI-SBI PERSONAL LOAN EMI LTD-719333@oksbi,6909.14,UPI,Transfers & Payments
2025-10-07,UPI-PVR CINEMAS-738357@okaxis,1093.63,UPI,Entertainment
2026-02-22,UPI-RAPIDO BIKE INDIA-68333@apl,82.17,UPI,Transport
2025-09-04,NEFT-NYKAA-N675192,955.94,NEFT,Shopping
2025-11-26,POS 52879 UDEMYONLINECOURSE NOIDA,1665.02,POS,Shopping
2025-11-08,POS 421283 SBI PERSONAL LOAN EMI PVT LTD MUM,7185.92,POS,Transfers & Payments
2025-11-16,UPI-IMPSTRANSFER PVT LTD-541345@oksbi,14410.87,UPI,Transfers & Payments
2026-01-15,POS 254170 YOUTUBEPREMIUM DEL,173.0,POS,Subscriptions
2025-10-04,ACH-NOBROKER RENT PAY-881185,15897.05,ACH,Rent
2026-01-13,UPI-VODAFO-440033@okaxis,256.92,UPI,Utilities & Bills
2026-01-25,POS 524514 INDIAN OIL PETROL PVT LTD GZB,2742.13,POS,Transport
2025-12-28,POS 268141 BLUSMART LTD NOIDA,233.57,POS,Transport
2026-02-14,UPI-ZOMATO INDIA-848623@ibl,691.32,UPI,Dining
2026-01-29,UPI-SWIGGYINSTAMART PVT LTD-341887@paytm,174.87,UPI,Groceries
2025-08-07,IMPS-979272-INTEREST CREDIT INDIA,266.59,IMPS,Income
2026-01-25,UPI-MCDONALDS INDIA-18813@ibl,420.65,UPI,Dining
2025-08-04,NEFT-NOBROKERRENTPAY LTD-N429038,10752.61,NEFT,Rent
2025-09-02,IMPS-182779-INTEREST CRE,103.89,IMPS,Income
2026-05-10,UPI-XBOX STORE LTD-32873@ibl,2612.29,UPI,Entertainment
2026-06-08,UPI-BLINKIT-808569@oksbi,466.31,UPI,Groceries
2026-04-21,UPI-NETMEDS LTD-882537@okaxis,268.99,UPI,Health & Fitness
2026-01-02,UPI-KFC PVT LTD-553208@paytm,244.65,UPI,Dining
2025-12-07,NEFT-IMPS INWARD P2P INDIA-N314686,9770.69,NEFT,Income
2026-03-13,UPI-HDFC HOME LOAN EMI LTD-601873@okaxis,24161.99,UPI,Transfers & Payments
2026-04-01,ACH-FDMATURITYPROCEEDS INDIA-2142,12557.9,ACH,Income
2025-07-23,UPI-HOTSTAR-371959@ibl,731.67,UPI,Subscriptions
2026-05-09,UPI-CULTFIT-492408@ybl,2282.46,UPI,Health & Fitness
2026-02-11,UPI-MCDONALDS INDIA-300581@ibl,235.85,UPI,Dining
2025-08-28,IMPS-539428-BLUSMART,513.98,IMPS,Transport
2025-09-20,UPI-XBOXSTORE-548338@apl,2334.15,UPI,Entertainment
2026-06-05,IMPS-112171-NOBROKER RENT PAY PVT LTD,16510.58,IMPS,Rent
2025-09-25,POS 33640 FAASOS INDIA MUM,292.3,POS,Dining
2025-09-23,POS 974174 FASTAG RECHAR PVT LTD GZB,235.21,POS,Transport
2026-06-01,ACH-NOBROKERRENTPAY LTD-885394,16970.39,ACH,Rent
2025-08-14,NEFT-APPLEMUSIC-N969174,178.84,NEFT,Subscriptions
2025-09-15,UPI-NETMEDS LTD-930409@oksbi,861.76,UPI,Health & Fitness
2026-04-07,UPI-DR LAL PATHLABS-979913@oksbi,2638.36,UPI,Health & Fitness
2025-10-21,POS 473184 NATURES BASKET GZB,729.41,POS,Groceries
2025-10-25,POS 38656 VODAFONE I NOIDA,234.07,POS,Utilities & Bills
2026-02-15,UPI-JIOMART-295196@apl,669.19,UPI,Groceries
2025-08-06,POS 442156 UDEMY ONLINE COURSE INDIA NOIDA,656.28,POS,Shopping
2026-04-05,UPI-JIOMAR INDIA-786327@ybl,664.06,UPI,Groceries
2026-03-10,UPI-EATCLUB-610255@okaxis,197.81,UPI,Dining
2026-04-08,UPI-PAYTMUPI PVT LTD-578234@ibl,4010.54,UPI,Transfers & Payments
2025-07-09,POS 84124 SWIGGY INSTAMART INDIA BLR,209.37,POS,Groceries
2026-05-20,UPI-OLA CABS-30210@upi,383.25,UPI,Transport
2026-04-06,POS 679471 PLAYSTATIONSTORE GZB,1457.33,POS,Entertainment
2025-09-07,UPI-OLA CABS-681374@apl,180.21,UPI,Transport
2026-05-01,ACH-IMPS INWARD P2P-477768,3763.78,ACH,Income
2025-09-12,UPI-ZEPTO-937866@ybl,140.11,UPI,Groceries
2026-02-06,ACH-FDMATURITYPROCEEDS INDIA-967074,10192.27,ACH,Income
2025-12-15,UPI-BOOKMYSH INDIA-905136@ibl,996.89,UPI,Entertainment
2025-12-06,UPI-RENT TRANSFER LAND INDIA-464742@ybl,20944.16,UPI,Rent
2025-12-16,UPI-MAXHOSPITAL-715442@apl,6097.96,UPI,Health & Fitness
2026-05-26,UPI-FKRT*FLIPKART INDIA-648880@ibl,2390.25,UPI,Shopping
2025-11-21,UPI-PLAYSTATIONSTORE PVT LTD-386503@ibl,1510.78,UPI,Entertainment
2025-12-05,UPI-SWIGGY-684043@upi,128.18,UPI,Dining
2025-12-13,IMPS-421055-MCDONALDS LTD,279.16,IMPS,Dining
2026-01-18,UPI-UDEMY ONLINE COURSE-631970@paytm,1837.86,UPI,Shopping
2026-02-16,POS 57032 TATA PLAY DTH BLR,326.94,POS,Utilities & Bills
2026-03-20,UPI-PHONEPEUPI INDIA-497006@ibl,13163.01,UPI,Transfers & Payments
2026-02-02,IMPS-313646-PIZZA HUT INDIA,697.95,IMPS,Dining
2026-05-10,NEFT-MCDONALDS LTD-N796221,261.87,NEFT,Dining
2026-04-25,UPI-AMAZON PRIME PVT LTD-476011@upi,1308.06,UPI,Subscriptions
2025-10-28,POS 587741 VODAFONEIDEA INDIA BLR,578.29,POS,Utilities & Bills
2026-01-05,UPI-SWIGGY PVT LTD-674744@ybl,893.66,UPI,Dining
2026-01-09,UPI-ZEPTO PVT LTD-73322@ibl,196.3,UPI,Groceries
2026-02-07,UPI-PLAYSTATION STORE-993722@oksbi,3400.78,UPI,Entertainment
2026-06-29,POS 763477 REDBUS LTD DEL,567.0,POS,Transport
2026-05-29,UPI-HOTSTAR INDIA-281740@upi,1341.11,UPI,Subscriptions
2026-02-12,UPI-BAJAJFINSERVEMI-995369@ybl,6833.68,UPI,Transfers & Payments
2026-04-16,UPI-FAASOS PVT LTD-935533@paytm,137.14,UPI,Dining
2026-01-14,POS 740490 DR LAL PATHLABS GZB,569.26,POS,Health & Fitness
2025-11-25,POS 621223 TATAPLAYDTH LTD BLR,443.66,POS,Utilities & Bills
2025-07-15,IMPS-895164-BIGBASKET INDIA,1245.21,IMPS,Groceries
2026-05-27,UPI-HDFC HOME LOAN EMI LTD-123237@ibl,30866.63,UPI,Transfers & Payments
2026-05-04,UPI-SCALER ACADEMY INDIA-434966@oksbi,27683.62,UPI,Shopping
2025-11-01,POS 141957 HALDIRAM BLR,107.14,POS,Dining
2026-04-28,UPI-PVR CI LTD-761425@oksbi,1150.22,UPI,Entertainment
2026-05-13,UPI-ACT FIBERNET-498395@apl,863.69,UPI,Utilities & Bills
2025-11-19,UPI-DOMINOS PIZZA-288674@okaxis,250.4,UPI,Dining
2025-12-27,POS 893827 MCDONALDS PVT LTD NOIDA,520.98,POS,Dining
2026-01-09,UPI-SNITCH-577282@oksbi,621.36,UPI,Shopping
2026-04-17,UPI-STEAM PURCHASE PVT LTD-771770@upi,692.74,UPI,Entertainment
2025-09-19,UPI-HOTSTAR INDIA-719598@oksbi,468.32,UPI,Subscriptions
2026-05-01,IMPS-340084-ASPECTRATIOSALARY,50000.25,IMPS,Income
2025-10-15,UPI-RELIANCE FRESH PVT LTD-818351@okaxis,1313.18,UPI,Groceries
2025-09-11,UPI-JIOMART-240802@ibl,300.0,UPI,Groceries
2025-08-03,IMPS-290399-RELIANCEDIGITAL PVT LTD,6571.61,IMPS,Shopping
2026-03-04,UPI-BOOKMYSHOW LTD-157045@okaxis,211.19,UPI,Entertainment
2026-03-22,UPI-SPENCERS RE LTD-67613@ybl,1194.97,UPI,Groceries
2025-11-24,UPI-ZMT*ZOMATO INDIA-683236@oksbi,260.84,UPI,Dining
2026-01-08,POS 759211 FLIPKA GZB,1307.87,POS,Shopping
2025-08-13,UPI-DMART-263322@ybl,969.01,UPI,Groceries
2025-07-08,UPI-VODAFONE I-576450@oksbi,157.05,UPI,Utilities & Bills
2025-12-11,UPI-SONY L PVT LTD-798951@oksbi,791.69,UPI,Subscriptions
2025-07-02,POS 862896 HPPETROLPUMP INDIA GZB,1577.63,POS,Transport
2025-11-12,UPI-BLINKIT LTD-13831@oksbi,100.99,UPI,Groceries
2026-03-15,UPI-SWIGGY INST PVT LTD-955155@upi,150.37,UPI,Groceries
2025-08-18,UPI-RAPIDOBIKE LTD-29635@oksbi,66.75,UPI,Transport
2025-12-11,UPI-HALDIRAM-149549@paytm,103.64,UPI,Dining
2025-10-07,ACH-NOBROKER RENT PAY LTD-135977,10368.2,ACH,Rent
2025-12-11,UPI-ZMT*ZOMATO-137830@ybl,464.77,UPI,Dining
2025-07-15,UPI-BARBEQUENATION-795305@paytm,2390.76,UPI,Dining
2025-12-05,UPI-MCDONALDS-106936@ybl,173.36,UPI,Dining
2025-08-29,UPI-ZEPTO LTD-256073@upi,385.8,UPI,Groceries
2025-12-18,POS 195689 REDBUS PVT LTD GZB,623.7,POS,Transport
2026-02-05,UPI-DR LAL PATHLABS LTD-277518@ibl,1081.57,UPI,Health & Fitness
2025-07-28,UPI-MEESHO-997939@okaxis,214.33,UPI,Shopping
2026-05-17,POS 291170 XBOX STORE LTD GZB,1559.31,POS,Entertainment
2025-10-27,UPI-SPOTIFYINDIA-351862@upi,121.52,UPI,Subscriptions
2025-12-18,UPI-REDBUS-281505@oksbi,1217.24,UPI,Transport
2025-11-04,UPI-RAPIDO BIKE-64521@ibl,174.28,UPI,Transport
2026-01-06,UPI-AJIO INDIA-891236@ibl,1910.2,UPI,Shopping
2025-11-16,POS 456398 CAFE COFFEE DAY INDIA MUM,233.44,POS,Dining
2026-06-18,UPI-HP PETROL PUMP INDIA-134464@apl,1504.23,UPI,Transport
2025-11-05,POS 921051 PRACTO LTD NOIDA,421.95,POS,Health & Fitness
2026-03-01,UPI-TATAPOWERDDL INDIA-906352@upi,2204.44,UPI,Utilities & Bills
2026-04-07,POS 285639 CROMA RETAIL PVT LTD BLR,35474.05,POS,Shopping
2026-02-05,UPI-JIOMART-28403@oksbi,1347.03,UPI,Groceries
2026-04-16,UPI-HP PETROL P LTD-646829@ibl,1913.95,UPI,Transport
2025-08-19,UPI-XBOXSTORE LTD-707541@ibl,524.29,UPI,Entertainment
2026-06-21,POS 25244 HP PET LTD NOIDA,2125.71,POS,Transport
2026-06-19,UPI-LEETCODEPREMIUM-989791@paytm,3287.55,UPI,Shopping
2026-04-10,UPI-AMAZON PRIME-583936@ybl,478.35,UPI,Subscriptions
2025-09-01,UPI-BIGBASKET INDIA-822825@ybl,1136.36,UPI,Groceries
2025-12-13,UPI-INDIAN OIL PETROL LTD-786032@ibl,2957.66,UPI,Transport
2025-11-29,POS 216078 SONYLIV INDIA BLR,549.2,POS,Subscriptions
2026-01-19,UPI-SNITCH PVT LTD-531188@apl,1384.3,UPI,Shopping
2026-01-28,UPI-BAJAJ FINSERV EMI INDIA-754512@okaxis,3930.0,UPI,Transfers & Payments
2026-06-10,UPI-BARBEQUENATION-236086@ybl,1037.6,UPI,Dining
2026-01-16,UPI-JIORECHARGE PVT LTD-824412@apl,426.35,UPI,Utilities & Bills
2026-04-17,POS 36533 PIZZA HUT DEL,322.74,POS,Dining
2026-06-06,UPI-DMART LTD-719957@okaxis,1211.5,UPI,Groceries
2026-04-06,POS 93915 ZOMATO PVT LTD DEL,831.4,POS,Dining
2025-07-01,ACH-NOBROKER RENT PAY-96568,10215.2,ACH,Rent
2026-06-29,UPI-KFC-810143@paytm,201.13,UPI,Dining
2025-07-20,POS 872150 RAPIDOBIKE NOIDA,156.48,POS,Transport
2025-07-06,ACH-IMPS INWARD P2P-632475,514.86,ACH,Income
2025-10-11,IMPS-318051-BLINKIT PVT LTD,375.74,IMPS,Groceries
2025-12-02,NEFT-ASPECTRATIOSALARY-N730136,59141.48,NEFT,Income
2026-04-29,UPI-BAJAJFINSERVEMI-401721@paytm,2038.24,UPI,Transfers & Payments
2025-08-14,POS 214152 PHARMEASY BLR,977.02,POS,Health & Fitness
2025-07-09,UPI-FAASOS PVT LTD-951232@oksbi,267.7,UPI,Dining
2026-06-01,UPI-WOWMOMO-126022@ybl,276.56,UPI,Dining
2026-03-06,UPI-SNITCH-811137@ibl,590.85,UPI,Shopping
2025-11-28,UPI-COURSERA LTD-635594@paytm,2171.14,UPI,Shopping
2026-05-23,UPI-PHARME INDIA-129046@apl,600.38,UPI,Health & Fitness
2025-08-30,UPI-BIGBASKET-80833@upi,518.42,UPI,Groceries
2025-07-04,IMPS-695041-NEFT INWARD REMITTANCE INDIA,1654.12,IMPS,Income
2025-12-24,UPI-WOWMOMO PVT LTD-185025@apl,207.58,UPI,Dining
2026-05-21,UPI-BOOKMYSHOW INDIA-756670@apl,205.49,UPI,Entertainment
2026-06-26,UPI-PLAYSTATION STORE-552248@okaxis,1134.92,UPI,Entertainment
2026-05-03,UPI-DELHIJALBOARD-33113@okaxis,206.74,UPI,Utilities & Bills
2025-12-26,UPI-GPAY UPI INDIA-219321@okaxis,2737.56,UPI,Transfers & Payments
2025-10-03,POS 164643 NYKAA INDIA NOIDA,659.44,POS,Shopping
2025-07-14,UPI-CULTFIT-500553@paytm,1600.04,UPI,Health & Fitness
2025-08-26,NEFT-FAASOS-N859166,167.17,NEFT,Dining
2025-11-11,POS 467699 SONYLIV DEL,837.33,POS,Subscriptions
2026-01-27,IMPS-844272-FAASOS PVT LTD,310.46,IMPS,Dining
2026-01-25,UPI-NYKAA-756095@paytm,332.59,UPI,Shopping
2025-09-02,ACH-CREDRENTPAYMENT LTD-190772,10612.42,ACH,Rent
2026-02-27,UPI-ZOMATO LTD-552560@ybl,219.92,UPI,Dining
2025-07-01,UPI-WATERBILL-762570@apl,384.31,UPI,Utilities & Bills
2025-08-22,UPI-AJIO LTD-364886@upi,402.73,UPI,Shopping
2025-12-07,ACH-NOBROKER RENT PAY LTD-173734,21739.52,ACH,Rent
2025-07-04,NEFT-VODAFONE IDEA INDIA-N304319,160.77,NEFT,Utilities & Bills
2026-03-08,UPI-XBOX STORE-628882@apl,1254.71,UPI,Entertainment
2025-07-09,NEFT-ZEPTO-N939428,172.05,NEFT,Groceries
2025-12-16,POS 644054 AMAZONPRIME MUM,1210.6,POS,Subscriptions
2025-08-18,UPI-PIZZA HUT PVT LTD-302896@oksbi,485.26,UPI,Dining
2026-05-18,POS 184800 DRLALPATHLABS DEL,1470.16,POS,Health & Fitness
2026-01-14,UPI-YOUTUBEPREMIUM PVT LTD-522899@ibl,153.77,UPI,Subscriptions
2026-04-26,UPI-SBI PERSONAL LOAN EMI LTD-103075@ybl,11788.23,UPI,Transfers & Payments
2025-10-31,UPI-APPLE MUSIC INDIA-626225@ibl,99.02,UPI,Subscriptions
2025-12-24,UPI-PRACTO PVT LTD-622130@ibl,346.84,UPI,Health & Fitness
2025-10-04,POS 875633 PRACTO NOIDA,481.65,POS,Health & Fitness
2025-12-31,POS 638258 FLIPKART GZB,1084.02,POS,Shopping
2026-02-01,UPI-UBER I INDIA-793876@okaxis,137.89,UPI,Transport
2025-12-02,IMPS-439571-ASPECT  LTD,67629.58,IMPS,Income
2025-07-30,POS 666864 EATCLUB LTD DEL,241.76,POS,Dining
2025-09-21,UPI-MORE SUPERMARKET INDIA-311127@okaxis,318.01,UPI,Groceries
2025-10-01,POS 558322 NETMEDS MUM,628.85,POS,Health & Fitness
2025-09-28,NEFT-ZEPTO-N5999,570.38,NEFT,Groceries
2025-12-05,POS 359621 NATURESBASKET PVT LTD BLR,1809.47,POS,Groceries
2025-12-21,UPI-OLACABS PVT LTD-887932@ibl,441.83,UPI,Transport
2026-01-10,UPI-INDIANOILPETROL PVT LTD-173535@okaxis,1011.16,UPI,Transport
2025-09-12,UPI-BIGBASKET PVT LTD-709477@ibl,577.97,UPI,Groceries
2025-12-12,POS 551880 BIGBASKET LTD NOIDA,507.6,POS,Groceries
2026-01-17,UPI-ZEPTO-630244@paytm,256.73,UPI,Groceries
2026-05-04,IMPS-28727-KFC LTD,245.61,IMPS,Dining
2025-09-29,NEFT-HP PETROL PUMP PVT LTD-N718747,644.89,NEFT,Transport
2025-10-16,UPI-MORE S INDIA-233040@ybl,1072.86,UPI,Groceries
2025-10-27,UPI-PVR CINEMAS-48351@okaxis,554.38,UPI,Entertainment
2025-09-16,UPI-GPAYUPI-705039@ibl,147.29,UPI,Transfers & Payments
2026-05-13,UPI-BSESRAJDHANIPOWER-511880@paytm,1775.6,UPI,Utilities & Bills
2026-06-28,UPI-FAASOS PVT LTD-452188@paytm,166.85,UPI,Dining
2026-06-12,UPI-RELIANCEFRESH INDIA-68098@ibl,911.81,UPI,Groceries
2026-02-16,UPI-FASTAG RECHARGE-852334@ybl,241.19,UPI,Transport
2025-10-20,POS 87868 RELIANCEFRESH LTD NOIDA,750.75,POS,Groceries
2026-01-09,UPI-MYNTRA PVT LTD-879567@ybl,1109.49,UPI,Shopping
2025-12-28,UPI-PHARMEASY-734268@paytm,1292.63,UPI,Health & Fitness
2026-02-01,UPI-SONY LIV PVT LTD-62250@okaxis,320.88,UPI,Subscriptions
2025-07-14,UPI-INTERVIEWBIT LTD-581674@paytm,3698.57,UPI,Shopping
2026-01-25,UPI-SONY LIV-63782@ybl,311.21,UPI,Subscriptions
2026-05-17,UPI-SWIGGY-406150@upi,652.05,UPI,Dining
2025-09-08,UPI-SPOTIFYINDIA INDIA-130084@ibl,129.12,UPI,Subscriptions
2026-05-22,UPI-DOMINOS -386492@oksbi,276.78,UPI,Dining
2025-09-16,UPI-MYNTRA LTD-23621@paytm,403.01,UPI,Shopping
2025-11-03,POS 593025 STEAM PURCHASE BLR,2361.06,POS,Entertainment
2025-11-10,UPI-BOOKMYSH-893817@oksbi,387.71,UPI,Entertainment
2026-04-01,POS 515734 NATURES BASKET GZB,369.16,POS,Groceries
2025-08-06,UPI-SONY LIV PVT LTD-940017@ybl,890.64,UPI,Subscriptions
2025-11-18,UPI-SWIGGY-855091@oksbi,623.99,UPI,Dining
2025-10-03,UPI-BARBEQUE  PVT LTD-67703@apl,845.94,UPI,Dining
2025-12-24,UPI-DMART LTD-513763@apl,833.85,UPI,Groceries
2026-01-27,UPI-REDBUS INDIA-537146@okaxis,885.16,UPI,Transport
2026-04-22,POS 871801 KFC PVT LTD DEL,200.24,POS,Dining
2026-01-28,UPI-RAPIDO BIKE-440150@okaxis,63.48,UPI,Transport
2026-06-10,UPI-BAJAJFINSERVEMI INDIA-804120@ybl,5381.25,UPI,Transfers & Payments
2025-09-05,IMPS-737261-CRED RENT PAYMENT PVT LTD,10009.49,IMPS,Rent
2025-11-15,UPI-CROMA RETAIL-138353@ibl,1474.02,UPI,Shopping
2025-10-04,NEFT-COURSERA LTD-N307925,4392.24,NEFT,Shopping
2025-12-24,UPI-AMAZON PAY INDIA-487162@apl,3893.68,UPI,Shopping
2026-06-01,UPI-HPPETROLPUMP-214502@ybl,1555.37,UPI,Transport
2026-04-11,UPI-AIRTEL PAYMENTS LTD-812777@ybl,180.68,UPI,Utilities & Bills
2026-04-17,POS 333038 SPOTIFY INDIA PVT LTD DEL,160.22,POS,Subscriptions
2026-02-13,POS 427766 REDBUS LTD BLR,1030.15,POS,Transport
2025-10-01,IMPS-927187-CREDRENTPAYMENT LTD,22601.59,IMPS,Rent
2026-06-12,POS 407531 ZOMATO LTD MUM,586.36,POS,Dining
2025-10-04,ACH-RENT TRANSFER LANDLORD-400534,10010.53,ACH,Rent
2026-06-19,NEFT-TATA 1M INDIA-N759940,889.39,NEFT,Health & Fitness
2025-12-19,UPI-MCDONALDS PVT LTD-637055@okaxis,506.97,UPI,Dining
2025-07-05,ACH-CRED RENT PAYMENT INDIA-294529,16458.37,ACH,Rent
2025-09-03,ACH-RENT TRANSFER LANDLORD-953208,16360.24,ACH,Rent
2025-07-01,POS 306946 SWIGGYINSTAMART PVT LTD NOIDA,162.64,POS,Groceries
2026-06-28,POS 921413 HP PETROL PUMP DEL,617.44,POS,Transport
2025-07-19,UPI-DELHIJALBOARD-65226@okaxis,202.26,UPI,Utilities & Bills
2026-03-18,UPI-RELIANCEFRESH LTD-875132@okaxis,247.39,UPI,Groceries
2026-05-27,UPI-NFLX*NETFLIX PVT LTD-481333@okaxis,254.84,UPI,Subscriptions
2025-07-07,UPI-ZMT*ZOMATO INDIA-542400@okaxis,233.48,UPI,Dining
2026-02-16,POS 973178 BOOKS  GZB,301.66,POS,Shopping
2026-05-05,IMPS-508230-ASPECT RATIO SALARY LTD,69696.82,IMPS,Income
2026-01-16,UPI-AJIO-90325@ibl,1411.74,UPI,Shopping
2025-12-05,IMPS-212775-NOBROKER RENT PAY,18817.8,IMPS,Rent
2025-07-22,UPI-SWIGGY-350007@ibl,153.54,UPI,Dining
2025-08-04,UPI-RELIANCE FRESH INDIA-344040@oksbi,847.21,UPI,Groceries
2025-10-31,UPI-BSES RAJDHANI POWER-689005@ibl,2577.65,UPI,Utilities & Bills
2026-01-21,UPI-SNITCH-491864@apl,1481.12,UPI,Shopping
2025-12-17,UPI-UBER IN INDIA-449535@ibl,178.74,UPI,Transport
2025-07-02,ACH-RENT TRANSFER LANDLORD PVT LTD-215442,10496.69,ACH,Rent
2026-01-04,IMPS-268435-RENT TRANSFER LANDLORD LTD,12005.42,IMPS,Rent
2025-08-01,POS 918281 AMAZONPRIME LTD GZB,463.83,POS,Subscriptions
2025-07-03,IMPS-858928-OLA CABS INDIA,95.23,IMPS,Transport
2026-02-02,ACH-FD MATURITY PROCEEDS-670944,28770.09,ACH,Income
2026-03-07,ACH-CRED RENT PAY-127741,25446.48,ACH,Rent
2026-06-20,UPI-NYKAA-967306@oksbi,386.61,UPI,Shopping
2025-08-12,UPI-APOLLOPHARMACY-868466@ybl,818.38,UPI,Health & Fitness
2025-11-26,UPI-BIGBAS PVT LTD-775750@upi,890.78,UPI,Groceries
2025-08-18,IMPS-981078-NETMEDS INDIA,165.2,IMPS,Health & Fitness
2026-01-03,UPI-TATA PLAY DTH INDIA-367862@apl,379.51,UPI,Utilities & Bills
2026-05-07,UPI-CULT FIT INDIA-550469@apl,637.51,UPI,Health & Fitness
2026-05-11,UPI-DMART LTD-170320@apl,2262.43,UPI,Groceries
2026-01-03,POS 655461 PAYTMUPI INDIA BLR,18332.56,POS,Transfers & Payments
2025-11-10,UPI-BLINKIT-738589@paytm,289.33,UPI,Groceries
2025-11-02,UPI-DELHI M PVT LTD-517782@apl,73.34,UPI,Transport
2026-06-25,UPI-HALDIRAM-417248@upi,374.77,UPI,Dining
2025-07-17,UPI-ZMT*ZOMATO PVT LTD-588753@ibl,521.85,UPI,Dining
2025-12-20,UPI-AMAZON PRIME-964131@apl,348.6,UPI,Subscriptions
2025-10-14,UPI-HPPETROLPUMP-630274@ybl,529.05,UPI,Transport
2025-11-07,UPI-TATAPLAYDTH-970017@oksbi,785.06,UPI,Utilities & Bills
2025-10-31,POS 920177 DELHI METRO RAIL BLR,21.09,POS,Transport
2026-06-02,POS 817505 CRED PAY LTD GZB,1094.73,POS,Transfers & Payments
2026-04-30,UPI-BLUSMART INDIA-703347@ybl,187.87,UPI,Transport
2026-06-11,POS 573631 ZOMATO NOIDA,463.97,POS,Dining
2025-07-09,POS 26257 FAASOS GZB,313.47,POS,Dining
2025-08-28,UPI-ZEPTO-922811@upi,487.62,UPI,Groceries
2026-02-01,UPI-BIGBASKET LTD-400915@ibl,1466.88,UPI,Groceries
2025-08-01,NEFT-RENTTRANSFERLANDLORD-N618960,10054.95,NEFT,Rent
2026-02-13,UPI-MAX HO PVT LTD-896072@apl,3185.64,UPI,Health & Fitness
2025-10-27,UPI-WOWMOMO PVT LTD-68600@okaxis,173.92,UPI,Dining
2025-07-26,UPI-HDFC CREDIT CARD AUTOPAY LTD-52767@okaxis,13974.2,UPI,Transfers & Payments
2025-11-02,UPI-SONY LIV INDIA-179670@ibl,886.58,UPI,Subscriptions
2025-09-10,POS 546168 PIZZA HUT INDIA DEL,372.99,POS,Dining
2026-02-20,UPI-IMPS TRANSFER PVT LTD-807463@oksbi,21653.78,UPI,Transfers & Payments
2025-08-07,ACH-CRED RENT PAYMENT-39100,29187.55,ACH,Rent
2025-11-03,POS 454666 SPOTIFYINDIA NOIDA,188.17,POS,Subscriptions
2025-09-10,UPI-WATERBILL-131853@upi,257.08,UPI,Utilities & Bills
2026-01-25,UPI-YOUTUBE PREMIUM PVT LTD-680098@paytm,163.43,UPI,Subscriptions
2026-03-03,UPI-PIZZA HUT-534816@oksbi,437.5,UPI,Dining
2026-01-02,ACH-RENT TRANSFER  PVT LTD-26768,10154.11,ACH,Rent
2025-09-21,POS 621887 AMAZON PR LTD BLR,339.66,POS,Subscriptions
2026-06-19,UPI-SCALER ACA LTD-470286@upi,8941.85,UPI,Shopping
2026-04-08,UPI-GPAY UPI-709814@upi,5855.13,UPI,Transfers & Payments
2026-04-25,UPI-TATAPLAYDTH PVT LTD-594075@ibl,305.64,UPI,Utilities & Bills
2026-02-24,UPI-FASTAGRECHARGE PVT LTD-633565@apl,396.82,UPI,Transport
2026-04-12,POS 26833 HPPETROLPUMP MUM,502.15,POS,Transport
2025-11-26,NEFT-BURGERKING INDIA-N115672,468.22,NEFT,Dining
2026-04-25,UPI-CULTFIT-863941@ybl,1370.93,UPI,Health & Fitness
2025-12-27,POS 559761 GPAY UPI NOIDA,228.25,POS,Transfers & Payments
2025-07-21,UPI-KFC PVT LTD-812459@paytm,200.01,UPI,Dining
2026-06-26,UPI-TATA POWER DDL-994939@oksbi,1602.22,UPI,Utilities & Bills
2026-02-01,ACH-INTEREST CREDIT SB AC-812536,137.93,ACH,Income
2025-09-15,UPI-BLINKIT-67907@upi,331.5,UPI,Groceries
2025-11-02,IMPS-422003-RENT TRANSFER LANDLORD,18753.43,IMPS,Rent
2025-09-21,IMPS-428896-VODAFONEIDEA LTD,459.84,IMPS,Utilities & Bills
2025-09-25,UPI-PRACTO-821467@oksbi,504.12,UPI,Health & Fitness
2025-09-27,POS 146639 DOMINOS PIZZA INDIA MUM,520.85,POS,Dining
2026-05-22,UPI-INDRAPRASTHAGAS-732157@apl,517.36,UPI,Utilities & Bills
2025-11-03,ACH-ASPECTRATIOSALARY-386329,82493.05,ACH,Income
2026-01-11,UPI-SONY LI LTD-380466@upi,363.66,UPI,Subscriptions
2025-08-03,UPI-SBIPERSONALLOANEMI INDIA-940863@ibl,14509.82,UPI,Transfers & Payments
2026-03-21,UPI-SONYLIV PVT LTD-532288@ybl,732.06,UPI,Subscriptions
2025-12-28,POS 661583 BSES RAJDHANI POWER INDIA BLR,3056.65,POS,Utilities & Bills
2026-01-07,IMPS-253012-RENTTRANSFERLANDLORD PVT LTD,10475.91,IMPS,Rent
2026-01-05,IMPS-305850-NOBROKER RENT ,11187.82,IMPS,Rent
2026-05-09,POS 316376 CULT FIT PVT LTD BLR,2397.77,POS,Health & Fitness
2026-04-01,POS 801230 PLAYSTATIONSTORE MUM,856.45,POS,Entertainment
2025-09-28,UPI-BURGER KI INDIA-174208@upi,420.76,UPI,Dining
2026-05-05,UPI-MCDONALDS-48897@upi,248.33,UPI,Dining
2026-04-29,NEFT-NATURESBASKET PVT LTD-N700352,972.35,NEFT,Groceries
2025-07-15,UPI-PVRCINEMAS LTD-352359@ibl,1187.1,UPI,Entertainment
2026-06-18,POS 315465 ZOMATO MUM,120.42,POS,Dining
2025-10-16,UPI-JIOMART-147034@oksbi,905.13,UPI,Groceries
2026-03-09,POS 198227 MAX HOSPITAL PVT LTD DEL,6541.87,POS,Health & Fitness
2025-10-31,UPI-BOOKMYSHOW-31610@okaxis,1483.82,UPI,Entertainment
2026-02-21,UPI-RELIANCE FRESH LTD-579143@oksbi,1118.36,UPI,Groceries
2025-12-24,POS 550005 RAPIDOBIKE MUM,79.35,POS,Transport
2025-12-27,POS 85145 DELHIJALBOARD PVT LTD MUM,439.59,POS,Utilities & Bills
2026-05-17,POS 340926 FKRT*FLIPKART LTD DEL,229.5,POS,Shopping
2025-12-31,UPI-HOTSTAR LTD-723089@oksbi,884.55,UPI,Subscriptions
2026-02-02,NEFT-IMPS IN INDIA-N478760,879.23,NEFT,Income
2025-09-10,UPI-LEETCODE PREMIUM PVT LTD-871795@oksbi,3973.04,UPI,Shopping
2025-11-09,POS 790847 DECATHLON LTD NOIDA,503.72,POS,Shopping
2026-06-01,UPI-BLINKI-618774@ibl,883.29,UPI,Groceries
2026-02-06,UPI-RELIANCEDIGITAL LTD-968780@ibl,14933.17,UPI,Shopping
2025-07-31,POS 747876 PAYTMUPI MUM,10447.81,POS,Transfers & Payments
2025-09-03,UPI-PRACTO INDIA-463121@ybl,528.96,UPI,Health & Fitness
2025-10-19,IMPS-868995-DOMINOSPIZZA LTD,580.68,IMPS,Dining
2025-12-05,NEFT-FDMATURITYPROCEEDS-N690512,17660.75,NEFT,Income
2025-11-02,UPI-DOMINOS -901748@upi,261.52,UPI,Dining
2025-11-08,UPI-BIGBASKET PVT LTD-805371@okaxis,809.45,UPI,Groceries
2025-12-17,UPI-MYNTRA-785845@okaxis,1823.0,UPI,Shopping
2026-06-28,UPI-BLINKIT PVT LTD-261813@oksbi,801.61,UPI,Groceries
2026-06-17,POS 697749 OLA CABS LTD GZB,178.31,POS,Transport
2025-07-09,UPI-FAASOS INDIA-635343@ybl,170.15,UPI,Dining
2026-02-17,POS 534970 CULTFIT LTD DEL,2271.79,POS,Health & Fitness
2025-07-28,UPI-EATCLUB INDIA-240691@apl,283.91,UPI,Dining
2026-01-20,UPI-EATCLUB-826068@okaxis,218.58,UPI,Dining
2025-08-28,POS 144559 SONY LIV PVT LTD GZB,483.83,POS,Subscriptions
2025-11-27,UPI-AMAZONPAYINDIA-777454@ibl,3590.81,UPI,Shopping
2025-11-18,UPI-MCDONALDS-849155@ybl,150.02,UPI,Dining
2026-03-24,POS 582908 CULTFIT INDIA GZB,502.93,POS,Health & Fitness
2025-07-29,UPI-DMART PVT LTD-528432@oksbi,1012.09,UPI,Groceries
2025-07-25,UPI-IRCTC-819802@upi,1668.43,UPI,Transport
2025-11-30,POS 746520 NATURES BASKET BLR,398.0,POS,Groceries
2025-11-02,UPI-AJIO LTD-469091@ybl,415.92,UPI,Shopping
2025-11-02,NEFT-NOBROKERRENTPAY-N106434,15951.23,NEFT,Rent
2026-04-01,UPI-ZOMATO LTD-380230@apl,163.46,UPI,Dining
2026-06-16,POS 549375 WOW MOMO INDIA DEL,230.92,POS,Dining
2025-07-05,UPI-SPOTIFYINDIA-710609@upi,156.02,UPI,Subscriptions
2025-11-03,UPI-APPLE MUSIC-14243@oksbi,155.11,UPI,Subscriptions
2026-02-05,UPI-TATA P-25258@okaxis,558.61,UPI,Utilities & Bills
2026-02-28,POS 120684 BLINKIT INDIA NOIDA,152.47,POS,Groceries
2026-06-09,POS 110261 JIO RECHAR PVT LTD BLR,188.91,POS,Utilities & Bills
2025-08-26,UPI-HALDIRAM-791075@paytm,254.86,UPI,Dining
2026-01-03,UPI-DR LAL PATHLA LTD-647798@oksbi,707.88,UPI,Health & Fitness
2026-02-18,UPI-OLA CA LTD-461524@oksbi,306.5,UPI,Transport
2025-09-11,UPI-PRACTO LTD-614054@okaxis,380.32,UPI,Health & Fitness
2026-01-12,POS 571323 BARBEQUE NATION INDIA BLR,2743.74,POS,Dining
2025-08-20,UPI-INDIANOILPETROL-502038@upi,705.2,UPI,Transport
2025-10-20,POS 700627 HDFC CREDIT CARD AUTOPAY PVT LTD NOIDA,23335.0,POS,Transfers & Payments
2025-09-29,POS 1889 REDBUS LTD MUM,1667.3,POS,Transport
2025-08-19,UPI-PIZZA HUT LTD-657628@upi,306.28,UPI,Dining
2026-05-04,UPI-JIOMART-773928@oksbi,372.99,UPI,Groceries
2025-07-07,IMPS-396426-INTERESTCREDITSBAC PVT LTD,651.27,IMPS,Income
2026-03-05,UPI-WATER BILL LTD-396737@ibl,387.31,UPI,Utilities & Bills
2026-04-04,UPI-HDFCHOMELOANEMI-966249@upi,16038.2,UPI,Transfers & Payments
2025-12-24,POS 784097 XBOX STORE LTD BLR,2626.48,POS,Entertainment
2026-05-26,UPI-PLAYSTATIONSTORE-402921@okaxis,1752.91,UPI,Entertainment
2025-07-26,NEFT-SWIGGYINSTAMART LTD-N608135,159.31,NEFT,Groceries
2025-09-19,UPI-VODAFONEIDEA-544785@ybl,149.35,UPI,Utilities & Bills
2026-01-22,POS 351922 TATA PLAY DTH INDIA NOIDA,438.24,POS,Utilities & Bills
2025-11-07,UPI-XBOX STORE INDIA-938835@okaxis,1684.05,UPI,Entertainment
2025-09-08,UPI-FKRT*FLIPKART-116740@okaxis,1632.45,UPI,Shopping
2025-12-30,IMPS-650918-UDEMY O,1142.9,IMPS,Shopping
2026-03-10,UPI-ZMT*ZOMATO PVT LTD-427122@apl,166.15,UPI,Dining
2025-09-25,POS 874257 SBI PERSONAL LOAN EMI PVT LTD MUM,7012.7,POS,Transfers & Payments
2026-05-02,UPI-MORESUPERMARKET INDIA-229504@oksbi,1285.67,UPI,Groceries
2025-10-17,UPI-MYNTRA INDIA-557166@ybl,2152.42,UPI,Shopping
2025-07-07,UPI-MCDONAL INDIA-365966@ybl,434.66,UPI,Dining
2026-06-19,UPI-BOOKMYSHOW-842304@apl,276.18,UPI,Entertainment
2025-07-19,UPI-UDEMY ONLINE COURSE-326553@upi,1342.41,UPI,Shopping
2026-05-04,POS 390620 CAFECOFFEEDAY PVT LTD GZB,280.9,POS,Dining
2025-10-29,POS 575786 UDEMY ONLINE COURSE DEL,460.98,POS,Shopping
2026-05-06,ACH-CREDRENTPAYMENT PVT LTD-815948,28473.27,ACH,Rent
2025-08-05,POS 339345 INDIAN OIL PETROL LTD GZB,2438.57,POS,Transport
2025-11-08,POS 942653 BURGER KING INDIA BLR,477.32,POS,Dining
2026-06-27,IMPS-128416-BURGERKING,343.89,IMPS,Dining
2025-12-31,UPI-FASTAGRECHARGE LTD-759464@apl,446.29,UPI,Transport
2025-10-20,UPI-OLA CABS-255134@paytm,416.25,UPI,Transport
2025-12-20,UPI-CULT FIT-49382@upi,1361.84,UPI,Health & Fitness
2026-04-23,UPI-INOX LE PVT LTD-960097@upi,300.93,UPI,Entertainment
2025-09-29,UPI-IMPS TRANSFER INDIA-507939@upi,18282.5,UPI,Transfers & Payments
2026-03-18,UPI-BLINKIT LTD-227274@ibl,299.21,UPI,Groceries
2026-06-20,UPI-CREDPAYMENT INDIA-689770@ybl,15229.38,UPI,Transfers & Payments
2026-05-30,UPI-HDFCCREDITCARDAUTOPAY LTD-771677@apl,22650.56,UPI,Transfers & Payments
2025-10-26,UPI-EATCLUB-432798@upi,441.34,UPI,Dining
2025-12-05,UPI-BIGBASKET-935868@ibl,420.95,UPI,Groceries
2025-11-29,UPI-DR LAL PATHLABS-916003@apl,590.6,UPI,Health & Fitness
2026-06-20,UPI-APPLEMUSIC PVT LTD-8678@upi,135.11,UPI,Subscriptions
2025-08-16,POS 447480 COURSERA DEL,4880.46,POS,Shopping
2026-04-21,UPI-MEESHO PVT LTD-520037@okaxis,188.87,UPI,Shopping
2026-02-25,POS 872175 AIRTELPAYMENTS PVT LTD BLR,225.54,POS,Utilities & Bills
2026-05-16,POS 405271 OLACABS LTD DEL,267.08,POS,Transport
2025-10-11,UPI-PHARMEASY PVT LTD-647450@okaxis,194.34,UPI,Health & Fitness
2025-09-28,UPI-VODAFONEIDEA INDIA-746668@oksbi,308.21,UPI,Utilities & Bills
2025-09-24,UPI-SONY LIV LTD-243968@ibl,402.07,UPI,Subscriptions
2026-05-17,POS 639404 AIRTEL PAYMENTS LTD DEL,742.74,POS,Utilities & Bills
2026-05-31,UPI-DR LAL PATHLABS LTD-309340@paytm,772.57,UPI,Health & Fitness
2025-11-16,POS 708312 YOUTUBE P PVT LTD GZB,146.42,POS,Subscriptions
2026-02-27,UPI-BIGBASKET-400768@oksbi,2110.58,UPI,Groceries
2026-01-02,UPI-SWIGGY INSTAMART LTD-299087@ybl,705.66,UPI,Groceries
2026-04-10,NEFT-SPENCERSRETAIL-N472614,294.06,NEFT,Groceries
2025-12-25,UPI-UBERINDIA-665379@ibl,353.5,UPI,Transport
2026-03-03,UPI-IMPS TRANSFER-261821@ibl,5876.69,UPI,Transfers & Payments
2025-12-02,IMPS-881286-IMPSINWARDP2P,7557.07,IMPS,Income
2025-09-02,UPI-UBER INDIA-212192@paytm,80.59,UPI,Transport
2025-09-08,UPI-WATER BILL INDIA-223577@okaxis,783.26,UPI,Utilities & Bills
2026-06-07,UPI-PLAYSTATIONSTORE INDIA-451572@oksbi,1714.4,UPI,Entertainment
2026-01-26,UPI-HOTSTAR INDIA-735296@apl,1176.51,UPI,Subscriptions
2025-08-13,UPI-BARBEQUE NATION-462703@paytm,814.36,UPI,Dining
2025-11-11,POS 108614 SBI PERSONAL LOAN EMI INDIA MUM,6538.12,POS,Transfers & Payments
2025-12-01,IMPS-570187-NOBROKER RENT PAY,20598.85,IMPS,Rent
2026-01-13,POS 591322 AMAZON PAY PVT LTD BLR,400.56,POS,Shopping
2026-05-24,UPI-INOX LEISURE-543242@okaxis,300.31,UPI,Entertainment
2025-07-09,UPI-PHONEPE UPI INDIA-429373@apl,10058.52,UPI,Transfers & Payments
2025-12-07,UPI-MAXHOSPITAL PVT LTD-946019@ybl,6510.35,UPI,Health & Fitness
2026-04-01,POS 841472 BOOKS KHARIDO STORE PVT LTD NOIDA,318.56,POS,Shopping
2026-06-15,UPI-HDFC CREDIT CARD AUTOPAY-340451@apl,13957.06,UPI,Transfers & Payments
2025-12-02,POS 798537 DECATH INDIA BLR,1704.21,POS,Shopping
2026-01-25,POS 704776 BIGBASKET NOIDA,480.56,POS,Groceries
2025-08-13,UPI-RELIANCEDIGITAL-892450@apl,1778.69,UPI,Shopping
2025-08-13,UPI-ACT FIBERNET-681024@ybl,700.0,UPI,Utilities & Bills
2025-09-14,POS 482995 JIOMART INDIA MUM,767.1,POS,Groceries
2026-01-15,POS 55112 BOOKMYSHOW LTD BLR,926.11,POS,Entertainment
2025-10-17,POS 423540 DMART PVT LTD GZB,2024.45,POS,Groceries
2026-04-02,UPI-IRCTC LTD-206705@ybl,602.46,UPI,Transport
2025-07-25,UPI-NETFLI-929942@oksbi,239.89,UPI,Subscriptions
2026-02-02,IMPS-407977-NOBROKER RENT PAY LTD,11200.53,IMPS,Rent
2025-07-22,UPI-HP PETROL -513108@apl,1114.79,UPI,Transport
2026-06-16,UPI-CULTFIT LTD-987656@okaxis,2261.11,UPI,Health & Fitness
2025-10-06,UPI-PVR CINEM PVT LTD-921835@apl,979.98,UPI,Entertainment
2026-02-24,UPI-SBI PERSONAL  PVT LTD-27237@okaxis,12605.92,UPI,Transfers & Payments
2025-12-29,UPI-CAFECOFFEEDAY-467775@okaxis,111.97,UPI,Dining
2025-10-15,POS 63280 HALDIRAM LTD GZB,238.47,POS,Dining
2025-11-20,UPI-APOLLO PHARMACY INDIA-391700@oksbi,278.5,UPI,Health & Fitness
2025-11-12,POS 840374 RELIANCEDIGITAL MUM,17716.35,POS,Shopping
2025-10-01,UPI-RELIANCE DIGITAL LTD-988220@oksbi,8205.64,UPI,Shopping
2026-06-09,NEFT-FAASOS-N273869,191.79,NEFT,Dining
2025-08-01,NEFT-CRED RENT PAYMENT PVT LTD-N614327,29586.16,NEFT,Rent
2025-08-10,UPI-AMAZON PRIME-527242@ibl,718.95,UPI,Subscriptions
2025-08-14,IMPS-226482-BLUSMAR,402.37,IMPS,Transport
2025-08-09,UPI-MEESHO PVT LTD-494233@oksbi,339.7,UPI,Shopping
2026-01-26,POS 756548 FAASOS PVT LTD NOIDA,297.34,POS,Dining
2025-09-14,UPI-LEETCODE PREMIUM-777338@okaxis,7823.13,UPI,Shopping
2026-04-27,IMPS-674084-BLUSMART,322.32,IMPS,Transport
2026-06-20,POS 603146 ZEPTO LTD BLR,297.11,POS,Groceries
2025-11-07,IMPS-562019-ASPECT RA,57134.54,IMPS,Income
2025-07-03,IMPS-558773-ASPECTRATIOSALARY,56038.84,IMPS,Income
2025-11-02,UPI-CAFECOFFEEDAY-879715@paytm,119.25,UPI,Dining
2025-11-11,UPI-PLAYSTATIO LTD-3792@ybl,874.97,UPI,Entertainment
2026-06-10,UPI-BLINKIT LTD-822130@ibl,308.1,UPI,Groceries
2026-04-02,IMPS-434711-RELIANCE FRESH INDIA,325.01,IMPS,Groceries
2025-12-01,IMPS-964298-NOBROKERRENTPAY LTD,12685.99,IMPS,Rent
2025-12-29,UPI-CROMA R PVT LTD-945454@oksbi,24270.24,UPI,Shopping
2026-05-15,UPI-AIRTEL PAYMENTS-383394@upi,172.93,UPI,Utilities & Bills
2025-12-23,UPI-WOW MOMO-61697@apl,183.33,UPI,Dining
2026-04-10,NEFT-OLA CABS PVT LTD-N379542,353.97,NEFT,Transport
2026-02-03,IMPS-226582-RENT TRANSFER LANDLORD LTD,15789.67,IMPS,Rent
2025-12-07,UPI-BAJAJ FINSERV E-575338@upi,5515.29,UPI,Transfers & Payments
2025-08-03,IMPS-199263-PVR CINEMAS INDIA,360.43,IMPS,Entertainment
2025-09-19,UPI-PVRCINEMAS-919868@okaxis,596.77,UPI,Entertainment
2025-07-27,IMPS-182811-PVR CINEMAS,303.61,IMPS,Entertainment
2025-11-29,NEFT-INDIANOILPETROL-N311087,1809.46,NEFT,Transport
2026-05-25,UPI-MCDONALDS LTD-891214@paytm,558.07,UPI,Dining
2025-12-05,UPI-UBERINDIA INDIA-463370@ibl,83.25,UPI,Transport
2026-01-25,UPI-BOOKMYSHOW-318801@upi,966.88,UPI,Entertainment
2026-06-28,POS 930400 REDBUS PVT LTD MUM,420.05,POS,Transport
2025-08-20,UPI-VODAFONEIDEA-900349@ibl,209.55,UPI,Utilities & Bills
2025-08-12,UPI-BARBEQUE NATION-25020@oksbi,2877.24,UPI,Dining
2026-01-06,ACH-IMPS INWARD P2P-62733,8112.65,ACH,Income
2025-09-02,ACH-FD MATURITY PROCEEDS LTD-839925,59291.12,ACH,Income
2026-03-15,UPI-RAPIDO BIKE LTD-721386@paytm,104.07,UPI,Transport
2026-01-12,UPI-LEETCODE PREMIUM-817942@oksbi,12068.31,UPI,Shopping
2026-03-12,UPI-MCDONALDS-782981@paytm,150.06,UPI,Dining
2026-05-21,POS 517189 VODAFONE IDEA PVT LTD BLR,640.04,POS,Utilities & Bills
2025-10-12,UPI-TATAPLAYDTH-49891@upi,518.47,UPI,Utilities & Bills
2025-12-05,ACH-INTEREST PVT LTD-845168,169.59,ACH,Income
2025-12-27,UPI-AJIO PVT LTD-196314@upi,2440.96,UPI,Shopping
2026-05-25,POS 958903 HPPETROLPUMP LTD GZB,898.87,POS,Transport
2025-07-15,UPI-APOLLOPHARMACY LTD-275881@paytm,345.21,UPI,Health & Fitness
2025-11-12,POS 358632 DELHI METRO  DEL,87.02,POS,Transport
2026-04-26,UPI-SWIGGY INDIA-722221@okaxis,152.54,UPI,Dining
2025-12-29,UPI-BARBEQUE LTD-540831@ibl,1332.84,UPI,Dining
2026-01-12,POS 654724 SCALERACADEMY BLR,5137.16,POS,Shopping
2025-09-04,UPI-UBER INDIA LTD-885312@ibl,80.22,UPI,Transport
2025-10-08,POS 967897 SWIGGY MUM,301.21,POS,Dining
2025-08-10,NEFT-TATA PLAY DTH-N17173,322.97,NEFT,Utilities & Bills
2025-11-09,UPI-HALDIRAM-616370@apl,492.3,UPI,Dining
2026-04-18,UPI-IRCTC-618738@upi,1549.03,UPI,Transport
2026-01-02,POS 135370 SPENCERSRETAIL INDIA GZB,274.49,POS,Groceries
2026-01-26,IMPS-348478-OLA CA,303.03,IMPS,Transport
2025-07-05,UPI-BURGER KING PVT LTD-907526@ibl,380.52,UPI,Dining
2026-01-28,POS 399456 HP PETROL PUMP PVT LTD BLR,1379.13,POS,Transport
2025-09-20,POS 945840 JIOMAR DEL,1282.27,POS,Groceries
2026-01-08,UPI-MCDONALDS INDIA-942912@ibl,269.0,UPI,Dining
2026-02-02,POS 527785 SNITCH INDIA DEL,1246.18,POS,Shopping
2025-10-21,POS 603440 BLUSMAR PVT LTD MUM,460.72,POS,Transport
2025-12-30,UPI-NYKAA-984174@oksbi,528.64,UPI,Shopping
2025-09-20,UPI-BLUSMART-513276@okaxis,279.98,UPI,Transport
2026-06-17,UPI-MEESHO PVT LTD-553141@oksbi,641.11,UPI,Shopping
2025-12-13,UPI-HDFC CREDIT CARD AUTOPAY-829279@ibl,11424.6,UPI,Transfers & Payments
2026-05-10,UPI-UDEMY ONLIN-805785@okaxis,1976.37,UPI,Shopping
2026-02-11,UPI-AJIO LTD-981801@upi,400.2,UPI,Shopping
2026-03-16,UPI-MAX HOSPITAL-876634@paytm,1989.77,UPI,Health & Fitness
2025-12-15,UPI-SWIGGY INSTAMART LTD-181933@okaxis,171.95,UPI,Groceries
2025-10-19,POS 176524 DELHIJALBOARD NOIDA,287.36,POS,Utilities & Bills
2025-11-08,UPI-WATER BI-87835@apl,441.0,UPI,Utilities & Bills
2025-10-13,UPI-FKRT*FLIPKART PVT LTD-581437@paytm,224.88,UPI,Shopping
2025-11-03,IMPS-419520-RENT TRANSFER LANDLORD,13203.92,IMPS,Rent
2025-12-15,NEFT-BOOKMYSHOW INDIA-N924534,200.32,NEFT,Entertainment
2025-07-21,POS 509093 ZEPTO INDIA MUM,794.0,POS,Groceries
2026-03-02,ACH-NOBROKERRENTPAY PVT LTD-786789,10850.45,ACH,Rent
2026-04-01,ACH-INTERESTCREDITSBAC LTD-746115,635.15,ACH,Income
2026-05-17,UPI-PAYTM UPI LTD-843027@ibl,2742.91,UPI,Transfers & Payments
2025-12-30,POS 585143 SWIGGY LTD BLR,698.09,POS,Dining
2025-12-11,UPI-SONY L LTD-406041@ybl,420.6,UPI,Subscriptions
2026-03-02,UPI-SPENCERS RETAIL PVT LTD-303589@upi,403.27,UPI,Groceries
2025-12-23,POS 731823 AMZN*AMAZONPAYINDIA GZB,4424.68,POS,Shopping
2026-01-08,UPI-AIRTELPAYMENTS LTD-601400@upi,551.33,UPI,Utilities & Bills
2025-09-23,UPI-DELHIMETRORAIL-451304@okaxis,69.96,UPI,Transport
2026-05-26,UPI-BIGBASKET-499984@okaxis,806.51,UPI,Groceries
2026-04-25,POS 20652 LEETCODE PREMIUM INDIA MUM,3616.88,POS,Shopping
2026-06-28,UPI-INOXLEISURE PVT LTD-234470@apl,467.89,UPI,Entertainment
2026-01-27,UPI-BOOKS KHARIDO STORE LTD-997933@ybl,932.36,UPI,Shopping
2026-03-04,NEFT-NOBROKER RENT PAY LTD-N313956,24968.96,NEFT,Rent
2026-02-24,UPI-BLUSMART-697244@paytm,155.42,UPI,Transport
2025-10-26,UPI-PHONEPE UPI-276597@ybl,8853.03,UPI,Transfers & Payments
2026-03-05,POS 989371 DRLALPATHLABS PVT LTD MUM,970.19,POS,Health & Fitness
2025-10-23,UPI-LEETCODEPREMIUM INDIA-325031@paytm,4125.91,UPI,Shopping
2026-05-14,UPI-BLUSMART LTD-250338@apl,159.4,UPI,Transport
2025-07-10,UPI-BLUSMART-824925@apl,203.25,UPI,Transport
2026-01-02,POS 686371 INOX LEISURE NOIDA,445.77,POS,Entertainment
2025-11-12,POS 815423 WOW MOMO BLR,142.14,POS,Dining
2025-12-01,UPI-DMART-264845@oksbi,2127.57,UPI,Groceries
2025-08-19,UPI-CREDPAYMENT INDIA-702959@ibl,7558.1,UPI,Transfers & Payments
2025-09-02,IMPS-600686-MAX HOSPITAL PVT LTD,1598.49,IMPS,Health & Fitness
2025-11-23,UPI-BURGERKING INDIA-39880@paytm,235.19,UPI,Dining
2025-08-09,UPI-MORE S-795798@paytm,449.77,UPI,Groceries
2026-05-27,UPI-BARBEQUENATION-513629@ibl,1211.48,UPI,Dining
2026-06-14,UPI-DELHIJALBOARD LTD-116177@upi,582.2,UPI,Utilities & Bills
2026-04-26,POS 371085 BSES RAJDHAN LTD BLR,2687.6,POS,Utilities & Bills
2026-06-10,UPI-RELIANCE DIGITAL-624217@oksbi,1080.65,UPI,Shopping
2026-04-02,UPI-DOMINOSPIZZA-225008@ybl,602.74,UPI,Dining
2025-08-08,UPI-MAXHOSPITAL-633921@oksbi,8380.37,UPI,Health & Fitness
2026-05-11,UPI-INDIANOILPETROL INDIA-893407@upi,2629.29,UPI,Transport
2025-08-02,UPI-FASTAG RECHARGE PVT LTD-546427@paytm,230.74,UPI,Transport
2026-02-19,POS 844676 APOLLO PHARMACY LTD MUM,939.1,POS,Health & Fitness
2025-09-17,UPI-COURSERA-539618@ybl,4847.84,UPI,Shopping
2026-02-27,UPI-REDBUS PVT LTD-742911@apl,1295.82,UPI,Transport
2026-03-25,POS 109722 WOWMOMO DEL,264.13,POS,Dining
2025-09-24,POS 338925 SPOTIFYINDIA LTD BLR,170.86,POS,Subscriptions
2026-05-25,UPI-SWIGGY PVT LTD-850359@ibl,703.81,UPI,Dining
2025-11-13,UPI-BLUSMART PVT LTD-396881@okaxis,370.54,UPI,Transport
2025-08-09,UPI-RELIANCEFRESH-837021@apl,814.51,UPI,Groceries
2025-12-23,NEFT-AMAZONPRIME INDIA-N967122,542.16,NEFT,Subscriptions
2025-09-12,POS 866630 AMZN*AMAZONPAYINDIA GZB,248.26,POS,Shopping
2026-02-05,POS 817415 TATA P MUM,671.48,POS,Utilities & Bills
2025-09-07,UPI-PHONEPEUPI-274715@upi,5527.16,UPI,Transfers & Payments
2025-07-31,UPI-RELIANCE FRESH-194550@oksbi,237.12,UPI,Groceries
2025-07-01,UPI-MORE SUPERMA PVT LTD-492481@oksbi,202.78,UPI,Groceries
2026-03-05,POS 814149 ACT FIBERN LTD NOIDA,813.83,POS,Utilities & Bills
2026-02-01,UPI-INOX LEISURE-668427@oksbi,330.98,UPI,Entertainment
2026-04-06,UPI-DOMINOS PI INDIA-589161@paytm,487.24,UPI,Dining
2025-10-22,POS 406927 BARBEQUENATION LTD MUM,1741.96,POS,Dining
2026-02-25,UPI-DRLALPATHLABS-643645@paytm,818.66,UPI,Health & Fitness
2025-07-11,UPI-IRCTC PVT LTD-835755@apl,1012.59,UPI,Transport
2025-10-26,UPI-CREDPAYMENT PVT LTD-854908@upi,29885.0,UPI,Transfers & Payments
2025-07-28,UPI-PLAYSTATIONSTORE-774212@apl,988.95,UPI,Entertainment
2026-04-05,UPI-BSESRAJDHANIPOWER INDIA-488112@paytm,1248.26,UPI,Utilities & Bills
2025-08-04,NEFT-RELIANCE FRESH INDIA-N765019,224.95,NEFT,Groceries
2025-07-02,IMPS-600142-RENTTRANSFERLANDLORD INDIA,20803.63,IMPS,Rent
2026-02-19,POS 540386 PLAYSTATIONSTORE PVT LTD DEL,570.14,POS,Entertainment
2025-10-07,ACH-CRED RENT PAYMENT-243001,21430.88,ACH,Rent
2025-07-04,NEFT-RENTTRANSFERLANDLORD LTD-N929398,22910.23,NEFT,Rent
2025-12-03,UPI-NOBROKERRENTPAY LTD-809964@upi,19969.24,UPI,Rent
2025-12-03,POS 158854 DOMINOSPIZZA GZB,282.89,POS,Dining
2026-05-22,UPI-HALDIRAM INDIA-594768@ibl,100.06,UPI,Dining
2026-03-10,UPI-SPENCERS RETAIL-899650@oksbi,835.65,UPI,Groceries
2026-02-17,UPI-RELIANCE FRESH-319205@paytm,221.82,UPI,Groceries
2025-12-01,NEFT-IMPS INWARD P2P PVT LTD-N568143,6719.9,NEFT,Income
2025-10-15,UPI-PRACTO INDIA-586750@okaxis,306.65,UPI,Health & Fitness
2026-06-07,UPI-ACT FI-407610@okaxis,740.3,UPI,Utilities & Bills
2026-02-18,POS 884696 FASTAG RECHARGE LTD DEL,526.71,POS,Transport
2025-10-24,UPI-RELIANCEDIGITAL-830680@oksbi,22844.98,UPI,Shopping
2026-03-13,UPI-STEAM PURCHASE PVT LTD-911458@okaxis,336.53,UPI,Entertainment
2026-03-31,UPI-WOW MOMO-319211@upi,290.64,UPI,Dining
2026-04-04,POS 406816 CROMARETAIL PVT LTD DEL,29606.47,POS,Shopping
2025-07-04,IMPS-935281-RENT TRANSFER LANDLORD,27645.58,IMPS,Rent
2026-01-28,POS 113724 DR LAL PATHLABS DEL,1009.36,POS,Health & Fitness
2026-02-16,UPI-CREDPAYMENT PVT LTD-439648@okaxis,6778.48,UPI,Transfers & Payments
2026-01-15,UPI-SCALER ACADEMY LTD-311423@ibl,7853.62,UPI,Shopping
2026-04-23,POS 271345 HDFCHOMELOANEMI NOIDA,20584.65,POS,Transfers & Payments
2026-02-08,UPI-REDBUS-765321@ibl,446.37,UPI,Transport
2025-08-02,IMPS-500497-CRED RENT PA,10022.81,IMPS,Rent
2026-02-19,POS 43866 NETMEDS INDIA BLR,490.55,POS,Health & Fitness
2026-01-02,NEFT-IMPS INW INDIA-N74147,4765.57,NEFT,Income
2025-12-31,POS 627077 CAFECOFFEEDAY NOIDA,108.92,POS,Dining
2026-05-31,UPI-NETFLIX PVT LTD-212514@ybl,223.18,UPI,Subscriptions
2025-09-12,UPI-AMAZONPRIME-975204@ybl,375.34,UPI,Subscriptions
2025-07-15,POS 594492 REDBUS INDIA MUM,1101.21,POS,Transport
2025-12-24,UPI-NETFLIX LTD-358589@oksbi,329.1,UPI,Subscriptions
2025-08-16,UPI-RAPIDOBIKE PVT LTD-255216@oksbi,121.89,UPI,Transport
2025-11-13,UPI-PIZZAHUT-353669@okaxis,469.63,UPI,Dining
2025-08-29,UPI-CULTFIT-822352@paytm,663.74,UPI,Health & Fitness
2026-03-29,NEFT-DELHI METRO RAIL PVT LTD-N260607,143.44,NEFT,Transport
2026-01-03,IMPS-503971-SNITCH,1120.79,IMPS,Shopping
2026-05-23,UPI-PAYTM UPI-417166@paytm,9267.57,UPI,Transfers & Payments
2025-09-05,UPI-BURGERKING LTD-931835@paytm,486.39,UPI,Dining
2025-12-14,UPI-SWIGGY INDIA-968315@ybl,826.06,UPI,Dining
2026-02-27,UPI-TATA 1MG INDIA-168226@ibl,483.55,UPI,Health & Fitness
2025-11-07,NEFT-CREDRENTPAYMENT PVT LTD-N595945,12625.13,NEFT,Rent
2026-06-07,UPI-AJIO PVT LTD-316010@paytm,965.51,UPI,Shopping
2026-03-17,UPI-ZEPTO-21327@okaxis,104.94,UPI,Groceries
2025-12-21,UPI-WOW MOMO LTD-985609@paytm,105.41,UPI,Dining
2025-07-02,POS 379381 BURGERKING INDIA MUM,203.75,POS,Dining
2026-03-13,UPI-MORE SUPERMARKET-59252@apl,1225.21,UPI,Groceries
2025-12-11,POS 818804 RAPIDO BIKE DEL,60.22,POS,Transport
2025-11-19,UPI-FASTAGRECHARGE-241975@apl,616.23,UPI,Transport
2025-12-22,NEFT-WOWMOMO-N978277,320.36,NEFT,Dining
2026-01-07,UPI-SWIGGY INSTAM LTD-946906@ybl,648.16,UPI,Groceries
2025-07-06,POS 352873 JIOMAR PVT LTD NOIDA,1925.44,POS,Groceries
2025-08-08,UPI-DOMINOSPIZZA-359865@ibl,522.35,UPI,Dining
2026-01-03,UPI-SONYLIV-593965@oksbi,471.46,UPI,Subscriptions
2025-07-15,POS 78189 CRED PAYMENT PVT LTD GZB,1003.9,POS,Transfers & Payments
2025-12-28,UPI-WOWMOMO LTD-740279@ybl,335.0,UPI,Dining
2026-04-21,POS 791574 AMAZON PAY INDIA LTD NOIDA,1845.44,POS,Shopping
2026-05-20,UPI-AJIO PVT LTD-850927@paytm,418.54,UPI,Shopping
2025-08-03,IMPS-948952-CRED RENT PAYMENT,22404.95,IMPS,Rent
2025-08-26,UPI-INDIAN OIL PETROL PVT LTD-960174@ybl,723.54,UPI,Transport
2025-09-20,UPI-MAXHOSPITAL PVT LTD-631498@paytm,3040.54,UPI,Health & Fitness
2026-05-31,UPI-AIRTEL PAYMENTS INDIA-763961@oksbi,196.2,UPI,Utilities & Bills
2026-02-04,ACH-IMPSINWARDP2P PVT LTD-312497,847.55,ACH,Income
2026-05-15,POS 520472 BLUSMART BLR,313.95,POS,Transport
2025-08-03,IMPS-234623-NOBROKER RENT PAY PVT LTD,25996.42,IMPS,Rent
2025-09-05,NEFT-CRED RENT PAYMENT-N800957,22995.32,NEFT,Rent
2026-05-25,UPI-JIOMART PVT LTD-494774@ibl,1569.47,UPI,Groceries
2026-04-17,POS 70012 HDFCHOMELOANEMI NOIDA,24772.07,POS,Transfers & Payments
2025-11-25,UPI-BOOKS KHARIDO STORE INDIA-401496@upi,1028.59,UPI,Shopping
2025-11-11,UPI-PVR CINEMAS-232550@oksbi,850.22,UPI,Entertainment
2025-11-15,POS 957690 SPENCERS RETAIL DEL,798.95,POS,Groceries
2026-06-29,UPI-MCDONALDS INDIA-194301@apl,164.95,UPI,Dining
2025-12-16,UPI-OLA CA-665938@paytm,194.31,UPI,Transport
2025-10-20,POS 554111 EATCLUB MUM,220.36,POS,Dining
2026-05-23,UPI-RAPIDOBIKE PVT LTD-647401@oksbi,114.94,UPI,Transport
2025-08-03,IMPS-21844-IMPSINWARDP2P,6423.61,IMPS,Income
2025-12-02,NEFT-PIZZA  INDIA-N341207,300.07,NEFT,Dining
2025-07-09,UPI-PVR CINEMAS-454324@okaxis,938.71,UPI,Entertainment
2026-02-17,UPI-DELHI MET PVT LTD-334550@okaxis,76.4,UPI,Transport
2025-11-05,UPI-KFC-517643@ibl,210.31,UPI,Dining
2026-02-12,POS 993046 BOOKMYSHOW PVT LTD GZB,265.6,POS,Entertainment
2026-01-21,POS 335983 BIGBASKET PVT LTD BLR,1547.91,POS,Groceries
2026-06-18,UPI-AMAZONPRIME-492582@ibl,876.82,UPI,Subscriptions
2026-03-19,UPI-IRCTC LTD-259236@paytm,2220.23,UPI,Transport
2026-06-13,UPI-RELIANCEFRESH LTD-242175@oksbi,325.11,UPI,Groceries
2026-03-03,UPI-RENTTRANSFERLANDLORD-565903@okaxis,10728.68,UPI,Rent
2025-10-26,UPI-TATA1MG PVT LTD-961343@paytm,365.74,UPI,Health & Fitness
2025-07-15,UPI-DOMINO PVT LTD-994221@okaxis,307.83,UPI,Dining
2026-05-06,UPI-RENTTRANSFERLANDLORD LTD-160711@upi,23376.58,UPI,Rent
2025-08-06,UPI-HOTSTAR-164860@okaxis,1092.19,UPI,Subscriptions
2025-10-05,UPI-RENT TRANSFER LANDLORD-988108@oksbi,21879.41,UPI,Rent
2025-12-24,POS 751252 SWIGGY PVT LTD BLR,534.78,POS,Dining
2025-08-05,NEFT-DELHI METRO RAIL INDIA-N116422,34.43,NEFT,Transport
2025-09-01,UPI-UDEMY ONLINE COURSE INDIA-454239@apl,538.28,UPI,Shopping
2026-01-26,IMPS-127169-HDFCCREDITCARDAUTOPAY INDIA,15209.91,IMPS,Transfers & Payments
2026-04-01,POS 249980 SWIGGY INDIA MUM,133.47,POS,Dining
2026-02-01,IMPS-162315-RENTTRANSFERLANDLORD PVT LTD,10059.92,IMPS,Rent
2025-12-31,UPI-ACT FIBERNET INDIA-625580@oksbi,869.71,UPI,Utilities & Bills
2026-06-20,POS 958249 MCDONALDS GZB,150.8,POS,Dining
2025-08-10,UPI-APOLLO PHARMACY INDIA-769327@paytm,1110.5,UPI,Health & Fitness
2026-03-20,UPI-PLAYSTATION ST-565078@ibl,650.15,UPI,Entertainment
2026-01-14,POS 549408 MORE SUPERMARKET DEL,416.01,POS,Groceries
2026-06-16,UPI-COURSERA INDIA-977186@ibl,2006.28,UPI,Shopping
2026-01-12,POS 796602 UBERINDIA INDIA GZB,200.8,POS,Transport
2025-07-18,UPI-CAFECOFFEEDAY LTD-750244@oksbi,107.36,UPI,Dining
2025-08-27,IMPS-470162-FAASOS PVT LTD,127.86,IMPS,Dining
2025-11-22,UPI-BIGBASKET-235121@upi,1502.08,UPI,Groceries
2026-01-21,UPI-PRACTO-798164@ibl,470.52,UPI,Health & Fitness
2025-11-08,UPI-GPAYUPI PVT LTD-638077@ibl,931.57,UPI,Transfers & Payments
2026-03-04,UPI-MYNTRA-990666@oksbi,916.88,UPI,Shopping
2025-08-05,UPI-INTERVIEWBIT PVT LTD-800918@oksbi,4191.34,UPI,Shopping
2025-07-24,UPI-KFC-835252@okaxis,537.04,UPI,Dining
2025-08-15,UPI-DMART LTD-618161@ybl,500.66,UPI,Groceries
2025-12-25,UPI-HALDIR LTD-808959@oksbi,297.97,UPI,Dining
2025-10-11,UPI-RELIANCEDIGITAL INDIA-721909@ibl,10024.26,UPI,Shopping
2025-08-25,POS 504826 VODAFONEIDEA BLR,149.14,POS,Utilities & Bills
2025-09-09,POS 354386 KFC PVT LTD MUM,200.28,POS,Dining
2025-07-17,UPI-HALDIR-615621@ibl,384.21,UPI,Dining
2026-02-20,UPI-TATAPLAYDTH-502544@ybl,348.01,UPI,Utilities & Bills
2025-11-22,UPI-MCDONALDS LTD-810969@upi,151.59,UPI,Dining
2025-12-08,UPI-SWG*SWIGGY PVT LTD-649503@ybl,878.18,UPI,Dining
2026-04-17,UPI-MEESHO INDIA-330349@okaxis,329.37,UPI,Shopping
2026-06-20,UPI-HPPETROLPUMP-548219@ibl,2093.8,UPI,Transport
2025-12-15,UPI-HALDIRAM-5380@ybl,106.49,UPI,Dining
2025-11-24,POS 780677 MCDONALDS INDIA NOIDA,241.78,POS,Dining
2026-01-01,ACH-RENT TRANSFER LANDLORD-592252,20850.97,ACH,Rent
2026-03-01,ACH-RENTTRANSFERLANDLORD INDIA-423101,13721.37,ACH,Rent
2025-10-20,POS 553813 BOOKMYSHOW INDIA GZB,312.3,POS,Entertainment
2026-04-12,UPI-SPENCERSRETAIL LTD-437505@paytm,338.49,UPI,Groceries
2025-11-22,POS 16532 UDEMYONLINECOURSE LTD BLR,466.62,POS,Shopping
2026-04-01,UPI-NEFT TRAN LTD-760365@paytm,3924.83,UPI,Transfers & Payments
2026-01-04,UPI-SCALERACADEMY-879285@apl,23987.26,UPI,Shopping
2025-09-04,ACH-ASPECT RATIO SALARY-852625,50593.25,ACH,Income
2025-11-05,UPI-BLINKIT INDIA-7712@oksbi,106.54,UPI,Groceries
2026-04-17,POS 872177 BLINKIT DEL,697.19,POS,Groceries
2026-01-10,POS 150961 TATA 1MG MUM,862.1,POS,Health & Fitness
2025-07-24,UPI-CROMARETAIL-295548@paytm,2529.02,UPI,Shopping
2026-04-14,UPI-SWIGGY PVT LTD-11179@okaxis,782.53,UPI,Dining
2026-05-22,UPI-PVRCINEMAS-701990@paytm,386.33,UPI,Entertainment
2026-04-20,UPI-COURSERA-846857@oksbi,2616.27,UPI,Shopping
2025-10-17,UPI-JIOMART LTD-110645@okaxis,1413.51,UPI,Groceries
2026-02-28,UPI-REDBUS LTD-480959@okaxis,1012.42,UPI,Transport
2026-02-18,POS 234291 MEESHO BLR,922.7,POS,Shopping
2026-05-18,UPI-PHONEPE UPI-472625@paytm,7366.3,UPI,Transfers & Payments
2025-10-26,UPI-SPENCERSRETAIL-303965@paytm,244.89,UPI,Groceries
2026-01-14,UPI-HOTSTAR LTD-448351@apl,1084.5,UPI,Subscriptions
2026-04-11,POS 971414 OLACABS INDIA NOIDA,104.48,POS,Transport
2026-03-31,UPI-BOOKMYSHOW PVT LTD-310668@oksbi,1004.78,UPI,Entertainment
2026-01-15,UPI-MCDONALDS-65417@okaxis,237.44,UPI,Dining
2025-12-01,UPI-PAYTM UPI INDIA-813538@upi,8153.26,UPI,Transfers & Payments
2026-03-22,UPI-DRLALPATHLABS-942813@upi,557.93,UPI,Health & Fitness
2026-02-19,IMPS-791095-APOLLO PHARMACY,107.22,IMPS,Health & Fitness
2025-12-08,POS 625446 RELIANCE DIGITAL PVT LTD BLR,26521.27,POS,Shopping
2025-08-22,UPI-APOLLOPHARMACY-464837@paytm,560.84,UPI,Health & Fitness
2025-11-20,IMPS-967696-BOOKMYSHOW LTD,211.2,IMPS,Entertainment
2025-12-30,NEFT-BLINKIT-N444415,280.42,NEFT,Groceries
2026-03-23,POS 766891 BIGBASKET NOIDA,2437.17,POS,Groceries
2025-10-05,NEFT-INTEREST CREDIT SB AC INDIA-N814857,977.8,NEFT,Income
2025-07-01,UPI-MAX HOSPITAL-327229@ibl,5085.2,UPI,Health & Fitness
2026-01-23,UPI-VODAFONE IDEA LTD-755283@oksbi,586.75,UPI,Utilities & Bills
2026-02-19,UPI-IMPSTRANSFER INDIA-227970@ibl,22779.98,UPI,Transfers & Payments
2026-03-11,UPI-TATA 1MG LTD-975226@ybl,998.47,UPI,Health & Fitness
2026-01-09,POS 877183 CULTFIT LTD GZB,558.85,POS,Health & Fitness
2026-06-05,UPI-LEETCODEPREMIUM-971340@ybl,3285.31,UPI,Shopping
2026-03-04,POS 462707 BLINKIT INDIA DEL,266.74,POS,Groceries
2026-03-02,UPI-HP PETROL PUMP PVT LTD-485974@ibl,539.25,UPI,Transport
2025-09-03,IMPS-585363-ASPECTRATIOSALARY,64999.17,IMPS,Income
2026-01-18,POS 860423 GPAYUPI LTD GZB,5798.32,POS,Transfers & Payments
2025-11-29,UPI-JIO RECHARGE PVT LTD-379136@oksbi,149.02,UPI,Utilities & Bills
2025-11-06,ACH-CREDRENTPAYMENT-760482,15853.76,ACH,Rent
2026-01-02,IMPS-875251-FASTAGRECHARGE,781.06,IMPS,Transport
2025-09-27,UPI-ZOMATO-8432@paytm,466.81,UPI,Dining
2025-07-29,POS 445735 PHARMEASY PVT LTD DEL,382.82,POS,Health & Fitness
2026-04-03,ACH-NOBROKER RENT PAY-658246,15289.47,ACH,Rent
2025-07-01,POS 537864 SWG*SWIGGY BLR,454.79,POS,Dining
2026-01-09,POS 54722 DMART GZB,2317.73,POS,Groceries
2025-10-20,POS 698628 CROMARETAIL PVT LTD MUM,11923.1,POS,Shopping
2025-11-03,NEFT-SCALER ACADEMY INDIA-N898663,25297.04,NEFT,Shopping
2025-08-05,POS 76310 BLUSMART LTD GZB,284.62,POS,Transport
2025-10-07,IMPS-862874-RENTTRANSFERLANDLORD INDIA,11652.29,IMPS,Rent
2026-05-18,UPI-MYNTRA LTD-869713@paytm,487.09,UPI,Shopping
2026-02-09,POS 532358 AJIO INDIA BLR,711.25,POS,Shopping
2026-02-22,UPI-YOUTUB LTD-155499@ybl,165.65,UPI,Subscriptions
2025-10-25,UPI-APPLE MUSIC PVT LTD-147708@apl,179.95,UPI,Subscriptions
2026-02-18,POS 400019 FAASOS LTD GZB,139.07,POS,Dining
2026-04-17,POS 982763 WATERBILL LTD BLR,258.79,POS,Utilities & Bills
2025-11-03,IMPS-798044-IMPS INWARD P2P PVT LTD,9281.38,IMPS,Income
2026-04-04,POS 78998 CULT F MUM,2033.32,POS,Health & Fitness
2025-07-13,UPI-SWIGGY INSTAMART-26712@okaxis,481.55,UPI,Groceries
2025-12-26,UPI-UDEMY ONLINE COURSE-809371@upi,2552.33,UPI,Shopping
2026-03-29,POS 968095 PVR CI LTD MUM,599.77,POS,Entertainment
2025-11-14,POS 491693 BOOKMYSHOW LTD BLR,217.56,POS,Entertainment
2025-07-12,UPI-MORESUPERMARKET LTD-340739@ibl,314.64,UPI,Groceries
2025-12-11,UPI-JIORECHARGE-619069@ibl,918.37,UPI,Utilities & Bills
2026-04-19,POS 513611 RELIANCEDIGITAL PVT LTD GZB,4890.62,POS,Shopping
2025-09-13,IMPS-283520-FASTAGRECHARGE INDIA,572.31,IMPS,Transport
2026-01-17,POS 13425 CAFE COFFEE DAY INDIA BLR,251.44,POS,Dining
2026-05-31,UPI-COURSER-109433@ybl,2399.17,UPI,Shopping
2025-07-16,UPI-VODAFONE IDEA-46048@okaxis,283.59,UPI,Utilities & Bills
2026-04-22,POS 669460 JIOMART PVT LTD GZB,332.99,POS,Groceries
2025-07-21,POS 551254 DECATHLON BLR,531.17,POS,Shopping
2025-12-28,POS 572231 SPOTIFY INDIA PVT LTD MUM,120.78,POS,Subscriptions
2026-05-12,UPI-DOMINO-310253@ybl,413.23,UPI,Dining
2025-09-21,UPI-BLINKIT LTD-660796@oksbi,195.79,UPI,Groceries
2025-12-28,POS 20210 BURGERKING MUM,463.29,POS,Dining
2026-06-18,UPI-SWIGGY LTD-136078@oksbi,720.08,UPI,Dining
2026-01-31,UPI-SWIGGYINSTAMART INDIA-142180@ybl,210.8,UPI,Groceries
2025-10-27,POS 703195 BURGERKING LTD MUM,336.49,POS,Dining
2025-10-04,UPI-CREDRENTPAYMENT LTD-603213@paytm,29231.96,UPI,Rent
2026-04-13,POS 118290 TATA1MG NOIDA,829.51,POS,Health & Fitness
2026-02-04,POS 495136 MORE SUPERMARKET MUM,200.11,POS,Groceries
2025-11-20,UPI-SWIGGY INSTAMART-989668@paytm,309.32,UPI,Groceries
2025-07-03,UPI-MEESHO-302354@okaxis,803.28,UPI,Shopping
2026-06-01,UPI-UBERINDIA INDIA-314863@ybl,221.34,UPI,Transport
2026-04-27,UPI-DECATHLON-125796@okaxis,500.17,UPI,Shopping
2026-06-27,UPI-CULT F-346921@apl,565.96,UPI,Health & Fitness
2026-06-22,POS 981888 RAPIDOBIKE DEL,56.84,POS,Transport
2026-05-04,IMPS-367835-RENT TRANSFER LANDLORD LTD,26973.44,IMPS,Rent
2025-12-04,POS 985004 XBOX ST LTD MUM,2448.6,POS,Entertainment
2025-08-24,UPI-YOUTUBEPREMIUM PVT LTD-815002@ybl,169.06,UPI,Subscriptions
2026-02-23,POS 43338 REDBUS INDIA BLR,409.52,POS,Transport
2025-07-11,IMPS-842316-AMAZONPAYINDIA PVT LTD,4108.85,IMPS,Shopping
2026-06-07,NEFT-FD MATURITY PROCEEDS-N878416,36592.01,NEFT,Income
2025-09-06,POS 386850 KFC LTD MUM,660.44,POS,Dining
2025-10-01,UPI-CULTFIT PVT LTD-591904@oksbi,990.52,UPI,Health & Fitness
2025-10-05,UPI-MYNTRA-837219@ibl,579.83,UPI,Shopping
2025-09-12,UPI-INOX LEI PVT LTD-805314@apl,719.63,UPI,Entertainment
2026-04-18,UPI-BARBEQUE NATION PVT LTD-557381@ibl,1275.19,UPI,Dining
2026-06-03,POS 191352 BAJAJ FINSERV EMI LTD DEL,5618.53,POS,Transfers & Payments
2026-01-09,UPI-JIOMART-206266@okaxis,657.39,UPI,Groceries
2026-03-17,UPI-NETFLIX-616211@ibl,433.26,UPI,Subscriptions
2025-08-24,UPI-CAFE COFFEE DAY LTD-767008@apl,198.24,UPI,Dining
2026-05-01,UPI-STEAMPURCHASE-665169@okaxis,1607.67,UPI,Entertainment
2026-06-12,UPI-SBI PERSONAL L-710493@okaxis,12788.32,UPI,Transfers & Payments
2026-04-14,POS 416827 HALDIRAM GZB,270.02,POS,Dining
2026-04-21,POS 54634 TATA POWER  LTD GZB,500.26,POS,Utilities & Bills
2025-11-23,UPI-MCDONALDS-891925@apl,549.86,UPI,Dining
2025-12-08,POS 291564 HOTSTAR PVT LTD DEL,1166.0,POS,Subscriptions
2025-09-26,UPI-BARBEQUE NATION LTD-405332@upi,2108.4,UPI,Dining
2026-02-17,UPI-IRCTC-115426@upi,636.34,UPI,Transport
2026-04-23,UPI-PHONEPE UPI-220464@ibl,5392.84,UPI,Transfers & Payments
2026-02-22,POS 451041 IMPS TRANSFER MUM,8061.47,POS,Transfers & Payments
2026-06-10,POS 76542 HP PETROL NOIDA,1068.71,POS,Transport
2026-06-12,IMPS-60547-IRCTC LTD,2482.78,IMPS,Transport
2026-02-24,POS 923916 NETFLIX BLR,244.02,POS,Subscriptions
2026-03-18,UPI-FAASOS-165335@ybl,132.01,UPI,Dining
2025-07-07,UPI-PLAYSTATIONSTORE LTD-429658@ibl,1709.56,UPI,Entertainment
2025-07-23,UPI-HP PETROL PUMP LTD-92224@apl,2998.39,UPI,Transport
2025-12-09,POS 250448 FAASOS INDIA MUM,279.1,POS,Dining
2026-02-16,UPI-BOOKMYSHOW-724488@paytm,246.13,UPI,Entertainment
2026-03-07,UPI-SBIPERSONALLOANEMI INDIA-831693@ibl,6087.28,UPI,Transfers & Payments
2025-12-08,POS 44937 MCDONALDS INDIA BLR,150.61,POS,Dining
2025-10-08,UPI-BOOKS KHAR PVT LTD-983534@apl,455.91,UPI,Shopping
2025-08-26,POS 578778 NATURES BASKET GZB,405.64,POS,Groceries
2025-09-14,IMPS-341711-NETFLI INDIA,199.4,IMPS,Subscriptions
2025-09-25,NEFT-BOOKMYSHOW-N681638,272.93,NEFT,Entertainment
2025-11-29,UPI-BOOKMYSHOW-729733@okaxis,280.17,UPI,Entertainment
2025-12-13,UPI-KFC PVT LTD-609837@okaxis,201.3,UPI,Dining
2026-02-05,POS 511959 SBIPERSONALLOANEMI INDIA GZB,8668.91,POS,Transfers & Payments
2026-05-27,UPI-AMAZONPRIME INDIA-900495@ybl,697.9,UPI,Subscriptions
2026-01-27,POS 187586 TATAPOWERDDL BLR,1060.86,POS,Utilities & Bills
2026-02-03,NEFT-RAPIDO BIKE-N19215,45.4,NEFT,Transport
2026-02-13,UPI-PVRCINEMAS PVT LTD-710397@paytm,444.3,UPI,Entertainment
2026-02-22,UPI-FKRT*FLIPKART-358313@upi,255.79,UPI,Shopping
2025-10-15,UPI-MCDONALDS-35775@oksbi,235.71,UPI,Dining
2026-01-12,NEFT-DECATHLON-N579009,2395.72,NEFT,Shopping
2026-04-28,POS 777609 XBOX STORE GZB,586.88,POS,Entertainment
2025-08-01,NEFT-FD MATURITY PROCEEDS LTD-N27099,30769.19,NEFT,Income
2025-07-29,UPI-BARBEQUE NATION LTD-928424@ybl,1374.26,UPI,Dining
2025-10-02,POS 300968 SONY L PVT LTD GZB,518.25,POS,Subscriptions
2026-04-07,POS 420670 SCALER ACADEMY BLR,5567.96,POS,Shopping
2025-07-14,POS 442857 PLAYSTATION STORE LTD GZB,1571.9,POS,Entertainment
2026-06-04,IMPS-340784-INTERESTCREDITSBAC,135.85,IMPS,Income
2025-07-07,IMPS-679148-IMPS INWARD P2P,2228.78,IMPS,Income
2025-09-06,IMPS-186476-NOBROKER RENT PAY PVT LTD,12617.8,IMPS,Rent
2025-11-06,UPI-JIOMART-463966@paytm,1416.65,UPI,Groceries
2026-03-03,UPI-INOX L INDIA-91608@ybl,1036.93,UPI,Entertainment
2025-09-17,IMPS-548831-SCALER  INDIA,5093.93,IMPS,Shopping
2025-09-14,POS 742808 DELHI JAL BOARD NOIDA,239.68,POS,Utilities & Bills
2026-03-10,UPI-AMZN*AMAZONPAYINDIA-988240@oksbi,205.31,UPI,Shopping
2025-07-06,UPI-REDBUS-724489@apl,1700.19,UPI,Transport
2026-04-22,IMPS-152356-DELHI METRO RAIL,48.26,IMPS,Transport
2025-11-12,POS 250794 AIRTELPAYMENTS PVT LTD MUM,533.13,POS,Utilities & Bills
2025-08-13,POS 647766 MORE SUPERMARKET GZB,802.74,POS,Groceries
2026-06-25,UPI-DELHIJALBOARD-726760@ibl,564.52,UPI,Utilities & Bills
2025-08-22,POS 503832 SONYLIV NOIDA,593.72,POS,Subscriptions
2025-11-24,UPI-BOOKMYSHOW LTD-236861@oksbi,1435.92,UPI,Entertainment
2026-02-17,UPI-TATA PLAY DTH PVT LTD-433310@paytm,524.24,UPI,Utilities & Bills
2026-04-19,UPI-OLA CABS-710136@oksbi,81.09,UPI,Transport
2025-07-15,POS 391305 WOW MOMO DEL,105.52,POS,Dining
2026-06-17,UPI-YOUTUBE PREMIUM LTD-738494@upi,151.9,UPI,Subscriptions
2025-09-27,IMPS-383179-ZOMATO INDIA,758.09,IMPS,Dining
2026-02-21,UPI-NETMEDS PVT LTD-672092@ybl,941.38,UPI,Health & Fitness
2025-11-08,POS 364382 SCALER ACADEMY LTD BLR,8678.3,POS,Shopping
2025-11-10,POS 59884 YOUTUBE PREMIUM LTD MUM,129.42,POS,Subscriptions
2025-10-17,POS 98429 RELIAN PVT LTD BLR,273.86,POS,Groceries
2026-02-13,POS 778580 IMPS TRANSFER INDIA GZB,18056.32,POS,Transfers & Payments
2025-08-28,UPI-STEAM PURCHASE INDIA-805386@paytm,2193.72,UPI,Entertainment
2026-02-20,POS 839796 INDIANOILPETROL MUM,1178.51,POS,Transport
2025-08-10,UPI-SONYLIV-643016@paytm,485.02,UPI,Subscriptions
2025-09-26,UPI-RELIANCEFRESH-707572@okaxis,456.52,UPI,Groceries
2026-04-22,UPI-SWIGGY INSTAMART LTD-192530@okaxis,296.78,UPI,Groceries
2026-04-29,IMPS-95926-ZEPTO,482.51,IMPS,Groceries
2026-06-20,UPI-BURGER KING-263443@oksbi,333.56,UPI,Dining
2026-06-06,ACH-FDMATURITYPROCEEDS LTD-859266,12478.39,ACH,Income
2026-03-14,UPI-SPENCERS RETAIL-859505@upi,467.9,UPI,Groceries
2026-03-30,UPI-XBOXSTORE-928727@ybl,576.45,UPI,Entertainment
2025-12-05,ACH-NOBROKER RENT PAY INDIA-695888,27388.42,ACH,Rent
2025-09-22,UPI-HALDIRAM-912987@oksbi,439.58,UPI,Dining
2025-09-11,POS 494334 AIRTEL PAYMENTS PVT LTD MUM,464.09,POS,Utilities & Bills
2025-07-03,UPI-TATAPLAYDTH-260948@oksbi,759.28,UPI,Utilities & Bills
2025-10-01,POS 83336 MEESHO INDIA NOIDA,185.23,POS,Shopping
2025-12-24,POS 873603 UBER INDIA BLR,155.44,POS,Transport
2026-04-05,IMPS-308436-NOBROKER RENT PVT LTD,11554.37,IMPS,Rent
2025-08-05,POS 122159 SCALERACADEMY GZB,26446.36,POS,Shopping
2025-10-18,IMPS-632312-EATCLU PVT LTD,216.22,IMPS,Dining
2025-08-02,POS 219937 INOX LEISURE MUM,427.83,POS,Entertainment
2025-09-17,UPI-SPENCERS RETAIL-301252@apl,312.83,UPI,Groceries
2026-06-08,POS 966866 ACTFIBERNET DEL,1470.18,POS,Utilities & Bills
2025-09-06,UPI-LEETCODE PREMIUM LTD-910966@paytm,12299.92,UPI,Shopping
2025-12-19,POS 32725 APOLLO PHARMACY MUM,1411.29,POS,Health & Fitness
2025-09-05,UPI-ZOMATO LTD-261126@paytm,155.45,UPI,Dining
2026-05-30,POS 71680 DECATHLON INDIA GZB,1270.75,POS,Shopping
2025-12-28,UPI-HOTSTA-137376@upi,306.02,UPI,Subscriptions
2025-10-04,UPI-JIO RECHARGE INDIA-566797@apl,690.21,UPI,Utilities & Bills
2025-12-06,NEFT-IMPS INWARD P2P PVT LTD-N653825,7555.09,NEFT,Income
2025-12-29,UPI-REDBUS-549285@paytm,438.23,UPI,Transport
2025-12-02,ACH-CREDRENTPAYMENT LTD-960310,18785.34,ACH,Rent
2025-07-22,UPI-STEAM PURCHASE PVT LTD-875702@ibl,500.5,UPI,Entertainment
2025-12-06,UPI-WATERBILL-934821@ybl,792.27,UPI,Utilities & Bills
2025-07-03,IMPS-84091-NOBROKERRENTPAY LTD,18973.95,IMPS,Rent
2025-08-07,IMPS-220790-RENT TRANSFER LANDLORD LTD,21124.12,IMPS,Rent
2026-01-05,IMPS-826908-NEFT INWAR LTD,4720.55,IMPS,Income
2025-09-04,IMPS-196195-NOBROKER RENT PAY PVT LTD,14440.56,IMPS,Rent
2025-11-02,IMPS-958107-ACTFIBERNET,886.72,IMPS,Utilities & Bills
2025-08-10,UPI-TATA POWER DDL-427455@ybl,2051.69,UPI,Utilities & Bills
2026-05-21,UPI-BIGBASKET PVT LTD-504671@ybl,645.8,UPI,Groceries
2025-09-05,IMPS-524979-CROMA RETAIL INDIA,17190.61,IMPS,Shopping
2025-10-18,UPI-APOLLOPHARMACY PVT LTD-740999@ibl,409.02,UPI,Health & Fitness
2025-10-21,POS 179483 DOMINOS PIZZA LTD GZB,315.23,POS,Dining
2025-12-06,NEFT-IMPSINWARDP2P PVT LTD-N44787,6034.99,NEFT,Income
2025-11-26,UPI-GPAY UPI-633953@upi,12511.64,UPI,Transfers & Payments
2026-02-20,POS 110325 YOUTUBE PREMIUM PVT LTD DEL,139.36,POS,Subscriptions
2025-08-05,POS 442792 NEFTTRANSFER MUM,8829.46,POS,Transfers & Payments
2025-12-23,UPI-SPOTIFYINDIA-312448@okaxis,140.21,UPI,Subscriptions
2026-02-06,POS 197516 PHONEPE LTD BLR,7838.64,POS,Transfers & Payments
2026-04-05,UPI-BURGER KING PVT LTD-561630@oksbi,487.1,UPI,Dining
2026-02-02,POS 711295 AMAZON PAY INDIA LTD GZB,528.91,POS,Shopping
2025-11-20,POS 288925 FASTAG RECHARGE INDIA DEL,390.66,POS,Transport
2025-10-14,UPI-WOWMOMO LTD-990913@upi,100.56,UPI,Dining
2026-06-01,NEFT-RENTTRANSFERLANDLORD-N524028,10166.05,NEFT,Rent
2025-11-04,UPI-PVRCINEMAS-655892@paytm,392.43,UPI,Entertainment
2026-04-06,NEFT-ASPECTRATIOSALARY-N384752,76804.86,NEFT,Income
2025-10-10,POS 23204 DMART INDIA BLR,1510.88,POS,Groceries
2026-02-21,UPI-DECATHLON PVT LTD-971983@oksbi,1102.19,UPI,Shopping
2026-04-24,UPI-COURSERA PVT LTD-371622@oksbi,2348.08,UPI,Shopping
2026-01-05,UPI-FASTAGRECHARGE PVT LTD-340958@upi,246.08,UPI,Transport
2026-05-20,UPI-SPOTIFYINDIA-315952@ibl,129.63,UPI,Subscriptions
2026-04-02,NEFT-INTEREST CREDIT SB AC LTD-N724180,286.07,NEFT,Income
2025-09-12,POS 989182 XBOX STORE NOIDA,3298.7,POS,Entertainment
2025-08-08,UPI-PRACTO PVT LTD-101957@apl,302.25,UPI,Health & Fitness
2026-01-08,UPI-SPOTIFY IND PVT LTD-336197@ybl,119.29,UPI,Subscriptions
2026-01-14,UPI-ZEPTO PVT LTD-486731@ybl,100.53,UPI,Groceries
2025-07-30,UPI-PLAYSTATIONSTORE PVT LTD-717389@apl,704.93,UPI,Entertainment
2025-11-23,POS 11073 BOOKMYSHOW PVT LTD BLR,641.48,POS,Entertainment
2026-05-26,UPI-PAYTM UPI-604848@okaxis,262.1,UPI,Transfers & Payments
2025-07-20,POS 371757 PHARMEASY LTD NOIDA,591.2,POS,Health & Fitness
2025-11-22,POS 638305 JIO RECHARGE INDIA MUM,155.66,POS,Utilities & Bills
2025-12-14,NEFT-MAXHOSPITAL-N91538,3412.42,NEFT,Health & Fitness
2025-12-02,UPI-AIRTEL PAYMENTS LTD-275712@apl,363.49,UPI,Utilities & Bills
2026-05-04,UPI-OLA CABS-454409@upi,93.0,UPI,Transport
2026-03-10,UPI-INTERVIEWBIT LTD-122608@apl,1054.29,UPI,Shopping
2026-06-22,UPI-DOMINOS PIZZA-88643@ybl,250.86,UPI,Dining
2025-09-22,UPI-DMART-54204@ibl,1242.66,UPI,Groceries
2026-06-12,UPI-AIRTEL PAYM LTD-198400@paytm,726.83,UPI,Utilities & Bills
2025-07-19,POS 202529 EATCLU LTD MUM,203.93,POS,Dining
2025-09-16,UPI-BSESRAJDHANIPOWER INDIA-924797@apl,1871.72,UPI,Utilities & Bills
2026-06-30,IMPS-956550-SNITCH,969.0,IMPS,Shopping
2026-04-07,UPI-FAASOS-649419@paytm,380.14,UPI,Dining
2025-12-12,UPI-NETMEDS-118455@ybl,697.62,UPI,Health & Fitness
2025-11-05,POS 622211 APOLLOPHARMACY PVT LTD MUM,358.69,POS,Health & Fitness
2026-03-23,UPI-BAJAJ FINSER PVT LTD-61850@apl,5072.14,UPI,Transfers & Payments
2026-05-31,UPI-NYKAA-866609@oksbi,1557.06,UPI,Shopping
2025-10-09,UPI-MORE SUPERMARKET-764456@paytm,211.2,UPI,Groceries
2026-06-19,UPI-HDFC HOME LOAN EMI-198093@apl,29685.54,UPI,Transfers & Payments
2025-07-31,POS 15328 AMAZON PR MUM,722.13,POS,Subscriptions
2026-01-20,POS 258492 SPENCERSRETAIL BLR,1465.94,POS,Groceries
2026-03-10,UPI-NATURESBASKET PVT LTD-549316@apl,300.13,UPI,Groceries
2025-08-03,POS 587608 CAFECOFFEEDAY NOIDA,111.75,POS,Dining
2025-07-16,UPI-DMART INDIA-355046@ibl,2014.44,UPI,Groceries
2026-04-09,POS 256229 JIOMART LTD NOIDA,490.84,POS,Groceries
2025-09-11,UPI-PLAYSTATION-880196@upi,569.95,UPI,Entertainment
2025-12-30,POS 222850 BLUSMART GZB,416.32,POS,Transport
2025-10-03,NEFT-IMPS INW LTD-N450173,2833.47,NEFT,Income
2026-03-08,UPI-BSESRAJDHANIPOWER-883049@upi,629.71,UPI,Utilities & Bills
2025-11-10,UPI-NEFT TRANSFER INDIA-268739@oksbi,7495.59,UPI,Transfers & Payments
2025-11-18,POS 104038 REDBUS PVT LTD NOIDA,474.63,POS,Transport
2025-10-25,UPI-TATA1MG PVT LTD-362975@ybl,596.48,UPI,Health & Fitness
2025-12-31,UPI-FLIPKA-109463@paytm,2894.94,UPI,Shopping
2025-09-30,UPI-BLINKIT LTD-738198@oksbi,815.51,UPI,Groceries
2025-08-22,UPI-WOWMOMO-902510@ybl,292.48,UPI,Dining
2026-01-21,UPI-WOW MOMO-821714@okaxis,129.19,UPI,Dining
2025-12-27,UPI-INOX LEISURE LTD-778538@oksbi,525.7,UPI,Entertainment
2025-10-27,POS 847153 JIOMAR PVT LTD DEL,366.92,POS,Groceries
2026-05-06,UPI-CREDRENTPAYMENT PVT LTD-889772@ibl,12508.76,UPI,Rent
2025-10-27,UPI-INTERVIEWBIT-98219@ibl,4650.25,UPI,Shopping
2025-09-15,UPI-SPOTIFY INDIA-395691@apl,146.57,UPI,Subscriptions
2025-08-06,ACH-NEFT INWARD REMITTANCE INDIA-780872,15456.8,ACH,Income
2026-01-05,UPI-JIOMART-989074@ibl,479.39,UPI,Groceries
2026-04-26,UPI-SONYLIV-819825@upi,554.84,UPI,Subscriptions
2026-01-01,NEFT-FAASOS-N74015,131.78,NEFT,Dining
2025-07-10,POS 659888 DRLALPATHLABS MUM,1221.12,POS,Health & Fitness
2025-07-18,POS 182110 NATURESBASKET INDIA NOIDA,1763.86,POS,Groceries
2026-06-29,UPI-FASTAGRECHARGE LTD-623767@okaxis,252.05,UPI,Transport
2025-12-16,UPI-SONYLIV-778916@apl,638.77,UPI,Subscriptions
2026-02-02,UPI-CRED REN-9128@paytm,10251.98,UPI,Rent
2026-02-14,UPI-BAJAJFINSERVEMI PVT LTD-484348@ibl,4631.56,UPI,Transfers & Payments
2025-10-28,UPI-RELIANCEFRESH-856758@oksbi,858.28,UPI,Groceries
2026-03-21,UPI-VODAFONE IDEA-721216@upi,766.37,UPI,Utilities & Bills
2026-04-11,UPI-CAFE COFFEE DAY-132543@upi,252.13,UPI,Dining
2025-08-08,UPI-RELIANCE FRESH LTD-43943@apl,295.18,UPI,Groceries
2025-11-22,UPI-IMPSTRANSFER PVT LTD-183169@upi,15187.79,UPI,Transfers & Payments
2025-12-27,UPI-AMAZON PRIME-212805@upi,353.58,UPI,Subscriptions
2025-12-31,POS 602650 JIOMART INDIA GZB,326.43,POS,Groceries
2025-12-14,UPI-ZEPTO INDIA-997761@upi,278.49,UPI,Groceries
2025-08-07,ACH-NOBROKER RENT-708931,25845.78,ACH,Rent
2025-07-02,UPI-DR LAL -437754@paytm,415.04,UPI,Health & Fitness
2026-06-30,UPI-PHONEPE UPI-611820@apl,5171.73,UPI,Transfers & Payments
2025-12-03,UPI-EATCLUB PVT LTD-916577@oksbi,165.86,UPI,Dining
2026-04-06,UPI-XBOX STORE PVT LTD-745959@ybl,703.58,UPI,Entertainment
2026-04-13,IMPS-481762-CRED PAYMENT INDIA,500.66,IMPS,Transfers & Payments
2025-12-22,UPI-AJIO PVT LTD-977666@paytm,476.24,UPI,Shopping
2025-07-16,POS 792624 XBOX STORE LTD BLR,1077.43,POS,Entertainment
2026-01-26,UPI-WATER BILL INDIA-764376@paytm,213.21,UPI,Utilities & Bills
2025-10-19,UPI-CROMA RETAIL PVT LTD-482688@paytm,7551.65,UPI,Shopping
2025-08-25,UPI-HP PETROL PUMP-870383@paytm,589.22,UPI,Transport
2026-04-30,UPI-CRED PAYMENT-469732@paytm,19890.46,UPI,Transfers & Payments
2026-03-20,UPI-FLIPKART INDIA-964692@upi,2586.05,UPI,Shopping
2026-03-13,UPI-RELIANCE DIGITAL-599358@ibl,3146.05,UPI,Shopping
2026-06-20,POS 462644 NYKAA NOIDA,2218.65,POS,Shopping
2026-03-01,UPI-MORE SUPERMARKET PVT LTD-852521@okaxis,402.8,UPI,Groceries
2026-01-01,UPI-INTERVIEWBIT-811983@ibl,2039.71,UPI,Shopping
2025-11-16,IMPS-4662-SCALER ACA PVT LTD,23451.52,IMPS,Shopping
2025-09-06,UPI-MAX HOSPITAL-195933@oksbi,9530.36,UPI,Health & Fitness
2025-09-03,UPI-IRCTC INDIA-696522@okaxis,562.33,UPI,Transport
2025-10-23,IMPS-955749-GPAYUPI,10294.65,IMPS,Transfers & Payments
2025-11-10,POS 769019 CAFE COFFEE DAY NOIDA,115.47,POS,Dining
2026-05-28,UPI-WOWMOMO INDIA-420128@upi,157.27,UPI,Dining
2025-10-11,POS 756102 HALDIR MUM,382.62,POS,Dining
2026-01-05,ACH-IMPS INWARD P2P LTD-143609,2804.91,ACH,Income
2026-03-30,UPI-DMART INDIA-168081@apl,2739.51,UPI,Groceries
2025-10-21,UPI-TATA PL LTD-354389@apl,468.04,UPI,Utilities & Bills
2026-02-27,POS 8241 MCDONALDS GZB,366.07,POS,Dining
2025-07-18,UPI-IRCTC INDIA-12681@okaxis,385.83,UPI,Transport
2026-05-20,POS 221769 BIGBASKET GZB,565.74,POS,Groceries
2026-05-27,UPI-OLA CA PVT LTD-488315@ybl,161.27,UPI,Transport
2026-06-17,POS 996599 INDRAPRASTHA GAS INDIA NOIDA,759.11,POS,Utilities & Bills
2026-05-31,POS 388479 UBER INDIA PVT LTD MUM,119.63,POS,Transport
2026-01-05,UPI-XBOX STO-831000@ybl,1252.13,UPI,Entertainment
2025-12-13,UPI-SONYLIV LTD-660804@apl,440.94,UPI,Subscriptions
2026-03-29,UPI-YOUTUBEPREMIUM LTD-276853@upi,184.48,UPI,Subscriptions
2026-04-19,UPI-DELHIJALBOARD-480004@ibl,697.05,UPI,Utilities & Bills
2025-08-11,POS 250584 CROMA RETAIL BLR,1349.04,POS,Shopping
2026-01-02,IMPS-134973-INTERVIEWBIT,1439.89,IMPS,Shopping
2026-05-29,POS 678623 REDBUS INDIA NOIDA,469.72,POS,Transport
2025-11-30,UPI-REDBUS-712500@ibl,657.13,UPI,Transport
2026-05-12,UPI-EATCLUB-243337@ibl,189.27,UPI,Dining
2025-09-17,UPI-INDIANOILPETROL PVT LTD-594472@apl,900.88,UPI,Transport
2025-10-05,IMPS-239920-IMPS INWARD P2P INDIA,3881.02,IMPS,Income
2025-11-25,NEFT-RELIANCEFRESH-N591224,357.31,NEFT,Groceries
2026-02-08,UPI-DR LAL PATHLABS PVT LTD-209023@paytm,974.17,UPI,Health & Fitness
2025-09-15,UPI-CROMA RETAIL-17462@upi,1836.7,UPI,Shopping
2026-01-11,NEFT-NETMEDS LTD-N717068,729.5,NEFT,Health & Fitness
2026-02-22,POS 179270 MORESUPERMARKET LTD BLR,305.65,POS,Groceries
2026-05-03,UPI-MEESHO INDIA-700957@oksbi,150.03,UPI,Shopping
2025-07-06,UPI-SWIGGY-452717@oksbi,524.35,UPI,Dining
2025-09-17,UPI-XBOX ST INDIA-812125@apl,1588.29,UPI,Entertainment
2026-03-21,POS 661708 BSESRAJDHANIPOWER PVT LTD MUM,529.22,POS,Utilities & Bills
2026-05-12,POS 208437 HDFC HOME LOAN EMI NOIDA,15187.12,POS,Transfers & Payments
2026-04-13,UPI-COURSERA PVT LTD-368074@apl,2722.78,UPI,Shopping
2026-04-21,UPI-DMART PVT LTD-959573@oksbi,2071.23,UPI,Groceries
2026-04-08,UPI-PVR CINEMAS PVT LTD-138120@ibl,1100.98,UPI,Entertainment
2025-12-24,UPI-HALDIRAM-580994@ybl,178.32,UPI,Dining
2026-02-12,POS 968167 DRLALPATHLABS GZB,1056.4,POS,Health & Fitness
2025-11-13,UPI-PHONEPEUPI-860214@oksbi,5237.72,UPI,Transfers & Payments
2025-09-19,UPI-YOUTUBE PREMIUM-158073@ybl,129.12,UPI,Subscriptions
2025-11-04,IMPS-279100-CRED RENT PAYMENT LTD,27310.61,IMPS,Rent
2026-03-28,UPI-IRCTC LTD-118543@ybl,1780.17,UPI,Transport
2025-10-29,UPI-STEAM -547426@ibl,305.47,UPI,Entertainment
2025-11-26,UPI-DELHIMETRORAIL-949657@okaxis,64.86,UPI,Transport
2026-02-11,UPI-CAFECOFFEEDAY INDIA-771341@ibl,104.5,UPI,Dining
2025-10-04,UPI-BOOKMYSHOW PVT LTD-47430@apl,273.48,UPI,Entertainment
2025-12-27,POS 745657 ACT FIBERNET INDIA GZB,1104.37,POS,Utilities & Bills
2026-05-24,UPI-XBOXSTORE PVT LTD-129579@okaxis,1450.53,UPI,Entertainment
2026-04-05,UPI-BIGBASK-106295@apl,504.83,UPI,Groceries
2025-07-14,POS 824556 UBERINDIA PVT LTD NOIDA,95.65,POS,Transport
2025-07-16,IMPS-851024-AIRTELPAYMENTS PVT LTD,255.41,IMPS,Utilities & Bills
2026-04-13,NEFT-MYNTRA-N627773,713.72,NEFT,Shopping
2026-01-22,UPI-WATER BILL PVT LTD-38939@okaxis,267.75,UPI,Utilities & Bills
2026-04-22,UPI-WATER B-527035@oksbi,579.17,UPI,Utilities & Bills
2025-07-06,UPI-BOOKS KHARIDO STORE-994966@ybl,728.33,UPI,Shopping
2026-04-12,POS 19111 ZEPTO PVT LTD NOIDA,774.78,POS,Groceries
2025-09-17,UPI-PLAYSTATION STORE LTD-218616@apl,569.09,UPI,Entertainment
2025-09-22,UPI-DR LAL PATHLABS-590863@apl,2707.21,UPI,Health & Fitness
2025-07-27,UPI-DR LAL PATHLABS LTD-502219@apl,1588.92,UPI,Health & Fitness
2026-03-25,UPI-CRED PAYMENT INDIA-163004@upi,6446.32,UPI,Transfers & Payments
2025-08-04,UPI-ACT FIBERNET LTD-950082@oksbi,1198.01,UPI,Utilities & Bills
2025-10-26,UPI-XBOX STORE INDIA-621661@apl,980.7,UPI,Entertainment
2025-08-17,UPI-HALDIRAM-582296@oksbi,100.92,UPI,Dining
2025-09-01,UPI-YOUTUBE PREMIUM LTD-906423@upi,159.28,UPI,Subscriptions
2025-10-02,UPI-MAXHOSPITAL-918311@upi,2951.3,UPI,Health & Fitness
2025-09-16,UPI-NYKAA PVT LTD-856631@upi,555.58,UPI,Shopping
2026-04-25,POS 599443 AJIO NOIDA,2693.71,POS,Shopping
2025-12-24,UPI-KFC-148830@apl,201.2,UPI,Dining
2025-09-01,UPI-MORE SUPER-988155@upi,1229.63,UPI,Groceries
2026-01-25,UPI-DR LAL PATHLABS-736543@paytm,1644.3,UPI,Health & Fitness
2026-04-09,UPI-AJIO PVT LTD-446489@ibl,728.82,UPI,Shopping
2026-01-23,UPI-RELIANCEFRESH PVT LTD-869886@ibl,201.57,UPI,Groceries
2025-11-03,IMPS-585583-CREDRENTPAYMENT,10971.86,IMPS,Rent
2025-12-26,NEFT-YOUTUBE PREMIUM-N511773,132.99,NEFT,Subscriptions
2025-09-12,UPI-TATA POWER DDL-305460@ibl,951.3,UPI,Utilities & Bills
2025-09-30,NEFT-CREDPAYMENT LTD-N708246,17588.37,NEFT,Transfers & Payments
2026-01-16,UPI-TATA PLAY DTH-846594@okaxis,319.06,UPI,Utilities & Bills
2026-03-26,UPI-KFC INDIA-130460@oksbi,689.29,UPI,Dining
2025-12-11,POS 142296 SONY LIV NOIDA,310.74,POS,Subscriptions
2026-01-16,UPI-CULTFIT-419400@oksbi,500.16,UPI,Health & Fitness
2025-11-16,UPI-SPENCERS RETAIL INDIA-919688@ibl,659.45,UPI,Groceries
2026-03-05,POS 416062 AMAZON PRIME MUM,470.9,POS,Subscriptions
2026-06-03,IMPS-941411-CREDRENTPAYMENT,12648.8,IMPS,Rent
2025-09-14,UPI-HDFCCREDITCARDAUTOPAY PVT LTD-189021@ybl,5546.23,UPI,Transfers & Payments
2025-07-01,POS 410446 REDBUS DEL,686.81,POS,Transport
2025-09-15,UPI-ZMT*ZOMATO PVT LTD-953309@upi,747.73,UPI,Dining
2025-08-30,UPI-OLA CAB INDIA-18467@okaxis,237.63,UPI,Transport
2026-06-02,UPI-RENTTRANSFERLANDLORD LTD-761848@upi,20113.49,UPI,Rent
2026-04-23,POS 933295 SWIGGY PVT LTD BLR,530.6,POS,Dining
2026-05-25,NEFT-DR LAL PATHLABS PVT LTD-N904997,402.49,NEFT,Health & Fitness
2025-10-03,ACH-IMPS INWARD P2P LTD-714989,7248.45,ACH,Income
2026-04-05,UPI-BOOKSKHARIDOSTORE PVT LTD-48324@apl,326.49,UPI,Shopping
2025-09-14,NEFT-PAYTMUPI LTD-N516989,7816.55,NEFT,Transfers & Payments
2025-08-25,UPI-DELHI JAL BOARD-844074@upi,392.8,UPI,Utilities & Bills
2026-01-26,UPI-KFC INDIA-545544@apl,390.07,UPI,Dining
2026-01-02,POS 815011 MAX HOSPI PVT LTD MUM,7638.44,POS,Health & Fitness
2026-03-30,UPI-SNITCH INDIA-864989@upi,544.46,UPI,Shopping
2025-12-12,UPI-RAPIDOBIKE-71892@oksbi,190.54,UPI,Transport
2025-07-13,UPI-AMAZONPRIME LTD-264995@okaxis,459.33,UPI,Subscriptions
2026-02-27,UPI-DELHIJALBOARD PVT LTD-463821@oksbi,334.13,UPI,Utilities & Bills
2026-03-30,POS 520196 REDBUS MUM,544.22,POS,Transport
2026-06-06,UPI-PLAYSTATIONSTORE INDIA-329629@ybl,518.27,UPI,Entertainment
2026-04-03,IMPS-390459-RENT TRANSFER LANDLORD,22078.79,IMPS,Rent
2026-06-02,UPI-STEAM PURCHASE INDIA-883268@okaxis,1668.26,UPI,Entertainment
2025-11-12,POS 16964 PHONEPEUPI NOIDA,232.57,POS,Transfers & Payments
2026-04-07,NEFT-INTEREST CREDIT SB AC INDIA-N977616,277.78,NEFT,Income
2025-10-13,UPI-INOXLEISURE-835348@ibl,950.56,UPI,Entertainment
2026-01-02,POS 931258 SWG*SWIGGY LTD MUM,601.26,POS,Dining
2026-05-12,UPI-HDFC CRE-787437@paytm,15253.59,UPI,Transfers & Payments
2025-12-02,UPI-DR LAL PATHLABS INDIA-382992@upi,1715.98,UPI,Health & Fitness
2026-05-17,POS 549922 PLAYSTATIONSTORE GZB,529.83,POS,Entertainment
2026-06-29,UPI-NEFT TRANSFER LTD-122219@okaxis,17070.58,UPI,Transfers & Payments
2026-02-19,UPI-EATCLU-134760@oksbi,435.41,UPI,Dining
2025-10-16,IMPS-176509-JIORECHARGE LTD,178.48,IMPS,Utilities & Bills
2026-04-01,UPI-NOBROKER RENT PAY INDIA-15449@okaxis,14058.45,UPI,Rent
2026-03-26,POS 583563 INOXLEISURE INDIA NOIDA,386.3,POS,Entertainment
2026-02-21,UPI-BOOKSKHARIDOSTORE INDIA-404697@oksbi,1186.75,UPI,Shopping
2025-07-02,UPI-GPAY UPI INDIA-396968@upi,485.87,UPI,Transfers & Payments
2025-08-07,ACH-CRED RENT PAYMENT-134231,10292.44,ACH,Rent
2026-04-02,IMPS-800599-RENT TRANSFER LAND PVT LTD,13878.41,IMPS,Rent
2025-10-10,UPI-CROMA RETAIL PVT LTD-757990@apl,6058.7,UPI,Shopping
2026-06-05,UPI-ACT FIBERNET INDIA-421360@upi,1447.49,UPI,Utilities & Bills
2025-10-27,UPI-KFC LTD-265633@upi,617.83,UPI,Dining
2025-11-19,UPI-RELIANCE FRESH-97020@paytm,1414.58,UPI,Groceries
2025-12-27,POS 191123 AMAZONPRIME PVT LTD DEL,300.02,POS,Subscriptions
2026-06-15,UPI-IRCTC-322839@ibl,1410.02,UPI,Transport
2026-03-28,UPI-PAYTMUPI INDIA-762907@okaxis,6780.15,UPI,Transfers & Payments
2026-06-03,ACH-FD MATURITY PROCEEDS PVT LTD-176028,10482.92,ACH,Income
2025-08-23,POS 203816 SPENCERSRETAIL INDIA NOIDA,347.16,POS,Groceries
2026-02-04,UPI-BOOKS KHARIDO INDIA-384891@ibl,352.72,UPI,Shopping
2025-12-06,UPI-CULTFIT PVT LTD-625547@paytm,1355.05,UPI,Health & Fitness
2026-04-07,UPI-JIOMART PVT LTD-188858@oksbi,1351.92,UPI,Groceries
2026-05-05,ACH-RENTTRANSFERLANDLORD INDIA-891791,13297.41,ACH,Rent
2025-08-08,UPI-UBERINDIA-112424@okaxis,119.83,UPI,Transport
2025-10-10,UPI-PHONEPE  INDIA-649517@ybl,11538.07,UPI,Transfers & Payments
2025-08-14,UPI-SPENCERSRETAIL-997945@oksbi,212.29,UPI,Groceries
2026-06-26,POS 881012 PHONEPE UPI PVT LTD GZB,6581.1,POS,Transfers & Payments
2026-06-04,UPI-CAFE COFFEE DAY INDIA-477252@ibl,364.29,UPI,Dining
2025-10-01,UPI-IRCTC-709401@oksbi,330.72,UPI,Transport
2026-02-07,UPI-MAXHOSPITAL LTD-60910@okaxis,2960.47,UPI,Health & Fitness
2025-09-20,UPI-FASTAG RECHARGE PVT LTD-651588@oksbi,208.58,UPI,Transport
2026-01-06,UPI-CRED RENT LTD-806537@oksbi,14360.01,UPI,Rent
2026-06-13,UPI-FAASOS INDIA-709761@oksbi,133.95,UPI,Dining
2026-04-27,UPI-CULT FI INDIA-534081@ibl,1682.88,UPI,Health & Fitness
2025-08-01,IMPS-360685-CRED RENT PAYMENT,19073.4,IMPS,Rent
2026-03-03,UPI-COURSERA-308592@apl,2135.52,UPI,Shopping
2026-01-27,IMPS-54540-PVRCINEMAS INDIA,325.47,IMPS,Entertainment
2026-03-10,UPI-NATURES BASKET PVT LTD-624407@oksbi,1411.17,UPI,Groceries
2026-06-01,UPI-CULTFIT INDIA-650090@okaxis,2177.99,UPI,Health & Fitness
2025-12-26,POS 289438 SONYLIV LTD NOIDA,875.01,POS,Subscriptions
2026-05-02,NEFT-CREDRENTPAYMENT PVT LTD-N254060,13919.37,NEFT,Rent
2025-11-17,UPI-SWIGGY INSTAMART-641828@oksbi,254.07,UPI,Groceries
2025-07-14,UPI-SPENCERSRETAIL PVT LTD-294242@ibl,1176.97,UPI,Groceries
2026-01-08,UPI-CAFECOFFEEDAY LTD-209374@upi,185.44,UPI,Dining
2025-10-06,NEFT-FD MATURITY PROCEEDS LTD-N427856,42490.31,NEFT,Income
2025-11-19,UPI-HP PETROL PUMP-498778@ybl,1025.78,UPI,Transport
2025-08-14,POS 230033 PIZZAHUT INDIA BLR,694.44,POS,Dining
2025-07-24,UPI-BOOKMYSHOW LTD-428411@okaxis,546.84,UPI,Entertainment
2025-10-02,IMPS-490977-NOBROKER RENT PAY INDIA,11580.71,IMPS,Rent
2025-07-20,POS 948313 LEETCODEPREMIUM LTD NOIDA,2905.7,POS,Shopping
2025-12-19,UPI-NETMEDS-744138@apl,497.84,UPI,Health & Fitness
2025-08-15,UPI-PHARMEASY INDIA-458400@paytm,464.86,UPI,Health & Fitness
2026-01-17,UPI-WATERBILL-276115@ibl,665.86,UPI,Utilities & Bills
2025-10-09,UPI-BOOKS KHARIDO STORE-448863@paytm,383.37,UPI,Shopping
2026-06-01,UPI-RELIANCEFRESH INDIA-554758@ibl,257.53,UPI,Groceries
2026-05-25,POS 34244 BLUSMART INDIA BLR,410.28,POS,Transport
2026-02-26,POS 64399 BARBEQUENATION INDIA NOIDA,815.97,POS,Dining
2025-09-05,NEFT-CREDRENTPAYMENT INDIA-N968248,10179.94,NEFT,Rent
2026-03-09,UPI-BLINKIT-676920@ibl,344.22,UPI,Groceries
2025-10-15,POS 523431 OLA CABS LTD NOIDA,447.31,POS,Transport
2026-03-16,NEFT-UDEMY ONLINE COURSE-N514046,1270.96,NEFT,Shopping
2026-01-24,POS 125891 XBOX STORE PVT LTD DEL,2845.77,POS,Entertainment
2026-02-18,UPI-NATURES BASK-714797@upi,454.42,UPI,Groceries
2025-10-09,UPI-TATA POWER DDL LTD-267658@ibl,2977.99,UPI,Utilities & Bills
2025-12-16,UPI-IRCTC-911139@okaxis,1994.56,UPI,Transport
2025-07-30,UPI-SONY LIV LTD-124400@apl,441.81,UPI,Subscriptions
2026-06-07,ACH-CREDRENTPAYMENT PVT LTD-258639,20932.98,ACH,Rent
2025-12-14,POS 869881 CAFE COFFEE DAY MUM,369.71,POS,Dining
2026-06-03,UPI-HDFC HOME LOAN EMI PVT LTD-779498@ibl,15929.77,UPI,Transfers & Payments
2025-07-18,IMPS-6325-ZEPTO INDIA,670.87,IMPS,Groceries
2026-05-05,IMPS-780319-RENT TRANSFER LANDLORD,12615.14,IMPS,Rent
2026-05-07,POS 422742 SWIGGY INSTAMART NOIDA,190.27,POS,Groceries
2025-09-23,POS 891960 EATCLUB PVT LTD NOIDA,193.52,POS,Dining
2026-05-02,UPI-SBI PERSONAL LOAN EMI-843264@okaxis,5757.23,UPI,Transfers & Payments
2026-06-15,POS 124181 APOLLO P BLR,1150.86,POS,Health & Fitness
2026-04-12,UPI-HOTSTAR PVT LTD-5591@paytm,401.46,UPI,Subscriptions
2025-07-20,UPI-JIOMART INDIA-979615@ibl,327.12,UPI,Groceries
2025-09-07,ACH-INTEREST CREDIT SB AC-250051,1673.55,ACH,Income
2025-11-25,UPI-HALDIRAM LTD-960678@ibl,151.53,UPI,Dining
2025-10-13,UPI-STEAM PURCHASE-987890@upi,361.04,UPI,Entertainment
2025-10-05,UPI-NOBROKER RENT PAY PVT LTD-900700@paytm,15741.29,UPI,Rent
2025-09-09,POS 616389 CROMA RE LTD MUM,30388.51,POS,Shopping
2026-01-02,UPI-HALDIRAM INDIA-719862@oksbi,339.63,UPI,Dining
2025-12-21,UPI-PHARMEASY LTD-57243@ibl,170.74,UPI,Health & Fitness
2025-11-12,POS 407512 UDEMY ONLINE COURSE INDIA DEL,1585.35,POS,Shopping
2025-11-22,UPI-DELHI METRO RAIL-928754@upi,112.89,UPI,Transport
2026-06-01,UPI-PLAYSTATIONSTORE INDIA-747423@okaxis,505.9,UPI,Entertainment
2026-01-05,IMPS-822930-ASPECT RATIO SALARY PVT LTD,54964.52,IMPS,Income
2025-12-18,UPI-PVR CI-533455@apl,756.0,UPI,Entertainment
2025-12-16,UPI-SONYLIV INDIA-659071@oksbi,909.35,UPI,Subscriptions
2026-01-06,POS 133320 SPENCERSRETAIL BLR,543.88,POS,Groceries
2025-11-05,POS 41409 KFC DEL,321.75,POS,Dining
2026-05-04,POS 873549 INOX LEISURE MUM,591.58,POS,Entertainment
2025-08-24,POS 711666 STEAM P LTD GZB,613.81,POS,Entertainment
2025-12-16,UPI-BOOKSKHARIDOSTORE LTD-361192@paytm,1338.17,UPI,Shopping
2026-05-16,UPI-CULT FIT-394849@okaxis,538.39,UPI,Health & Fitness
2026-03-09,IMPS-417600-PIZZAHUT INDIA,377.95,IMPS,Dining
2025-08-27,POS 290726 DR LAL PATHLABS LTD DEL,1040.77,POS,Health & Fitness
2025-11-22,UPI-HDFC HOME LOAN EMI PVT LTD-583677@ybl,27491.66,UPI,Transfers & Payments
2026-01-03,IMPS-130002-FASTAG RECHARGE LTD,343.8,IMPS,Transport
2026-06-02,UPI-BSES RAJDHAN INDIA-534698@paytm,1599.52,UPI,Utilities & Bills
2025-12-02,POS 97110 CULTFIT DEL,1131.87,POS,Health & Fitness
2025-08-10,UPI-BOOKMYS PVT LTD-714548@oksbi,606.45,UPI,Entertainment
2026-04-23,UPI-PHARME LTD-410960@ibl,348.77,UPI,Health & Fitness
2025-11-02,POS 38797 EATCLUB INDIA GZB,266.02,POS,Dining
2026-04-06,IMPS-93269-NEFTTRANSFER,1054.7,IMPS,Transfers & Payments
2025-08-10,UPI-HPPETROLPUMP PVT LTD-883082@ybl,575.01,UPI,Transport
2026-05-09,UPI-KFC LTD-742987@ybl,642.21,UPI,Dining
2025-10-03,UPI-BOOKS KHARIDO STORE LTD-570736@ibl,785.82,UPI,Shopping
2026-05-11,UPI-AIRTELPAYMENTS PVT LTD-298089@oksbi,378.6,UPI,Utilities & Bills
2026-02-07,POS 924457 STEAM PURCH PVT LTD BLR,1775.12,POS,Entertainment
2025-08-17,UPI-TATAPOWERDDL LTD-779942@apl,1073.4,UPI,Utilities & Bills
2026-01-28,UPI-DMART-271173@oksbi,1550.55,UPI,Groceries
2026-05-03,POS 252257 ZEPTO INDIA NOIDA,382.16,POS,Groceries
2026-06-20,UPI-YOUTUBE PREMI PVT LTD-286869@ibl,148.25,UPI,Subscriptions
2025-08-15,UPI-HPPETROLPUMP PVT LTD-403676@apl,1429.82,UPI,Transport
2025-12-19,UPI-IMPSTRANSFER PVT LTD-347324@apl,6137.77,UPI,Transfers & Payments
2025-11-20,UPI-RAPIDOBIKE LTD-658043@oksbi,140.42,UPI,Transport
2026-04-16,POS 803865 JIO RECHARGE PVT LTD GZB,277.36,POS,Utilities & Bills
2025-09-01,IMPS-191905-MYNTRA,2938.84,IMPS,Shopping
2026-05-29,UPI-VODAFONE IDEA LTD-280224@oksbi,415.74,UPI,Utilities & Bills
2025-10-15,UPI-ZMT*ZOMATO-812113@okaxis,122.21,UPI,Dining
2026-01-28,UPI-OLA CAB-343655@oksbi,185.61,UPI,Transport
2025-12-15,POS 709606 KFC PVT LTD NOIDA,419.51,POS,Dining
2026-01-07,NEFT-APPLE MUSIC INDIA-N527821,113.85,NEFT,Subscriptions
2025-12-20,POS 962087 NFLX*NETFLIX LTD NOIDA,381.71,POS,Subscriptions
2025-11-08,UPI-INTERVIEWBIT PVT LTD-226271@oksbi,4352.48,UPI,Shopping
2025-08-24,UPI-ZOMATO INDIA-373382@ybl,727.9,UPI,Dining
2025-11-27,UPI-TATA1MG-453244@oksbi,234.42,UPI,Health & Fitness
2025-11-05,UPI-INOXLEISURE-98190@ibl,1148.58,UPI,Entertainment
2026-01-26,POS 247868 UBERINDIA BLR,122.1,POS,Transport
2026-04-01,NEFT-NOBROKER RENT PAY LTD-N957763,10689.17,NEFT,Rent
2026-03-01,UPI-SPENCERS RETAIL INDIA-745717@ybl,245.06,UPI,Groceries
2025-09-04,POS 101441 FKRT*FLIPKART DEL,976.52,POS,Shopping
2025-08-06,ACH-FD MATURITY PROCEEDS-41013,21900.44,ACH,Income
2025-12-26,UPI-SWIGGY-873292@apl,248.84,UPI,Dining
2025-09-06,UPI-NETFLI PVT LTD-647364@ibl,281.9,UPI,Subscriptions
2026-03-15,UPI-PHONEPE UPI-328272@apl,100.77,UPI,Transfers & Payments
2025-07-21,UPI-COURSE-788659@ybl,4414.49,UPI,Shopping
2026-04-27,UPI-BAJAJ FINSE LTD-864089@oksbi,2072.91,UPI,Transfers & Payments
2025-09-18,IMPS-87701-SBIPERSONALLOANEMI LTD,8715.99,IMPS,Transfers & Payments
2025-09-30,POS 418483 RELIANCE DIG PVT LTD DEL,2201.67,POS,Shopping
2025-12-30,NEFT-BLINKIT-N439849,623.73,NEFT,Groceries
2025-09-15,UPI-RELIANC-708214@ybl,413.42,UPI,Groceries
2026-02-06,NEFT-ASPECTRATIOSALARY-N9077,81631.29,NEFT,Income
2025-07-22,UPI-REDBUS PVT LTD-485819@paytm,1235.68,UPI,Transport
2025-08-16,POS 912737 BAJAJ FINSERV EMI INDIA GZB,2246.3,POS,Transfers & Payments
2025-10-05,UPI-BIGBASKET LTD-798170@upi,2173.75,UPI,Groceries
2025-11-22,UPI-HALDIRAM PVT LTD-86879@apl,403.2,UPI,Dining
2026-04-24,POS 903494 UBERINDIA LTD DEL,289.5,POS,Transport
2026-01-19,UPI-ZEPTO INDIA-787302@ibl,591.88,UPI,Groceries
2025-08-26,UPI-APPLE MUSIC LTD-756755@paytm,108.28,UPI,Subscriptions
2025-12-06,NEFT-CREDRENTPAYMENT-N35369,22138.62,NEFT,Rent
2025-11-23,UPI-EATCLUB PVT LTD-759545@ybl,167.6,UPI,Dining
2026-03-04,UPI-RELIANCE DIGITAL PVT LTD-734901@okaxis,2460.37,UPI,Shopping
2026-04-03,UPI-BOOKMYSHOW-426323@apl,1476.33,UPI,Entertainment
2026-05-28,UPI-NATURESBASKET INDIA-12244@apl,1888.52,UPI,Groceries
2025-10-03,UPI-SWIGGYINSTAMART-178856@ibl,997.71,UPI,Groceries
2026-05-07,ACH-RENT TRANSFER LANDLORD INDIA-98029,14033.47,ACH,Rent
2026-01-05,UPI-CREDRENTPAYMENT INDIA-635524@oksbi,12812.14,UPI,Rent
2025-10-30,UPI-OLA CABS-251588@paytm,324.81,UPI,Transport
2026-01-02,POS 89040 ZOMATO NOIDA,406.99,POS,Dining
2025-08-07,POS 302489 BSES RAJD INDIA NOIDA,502.73,POS,Utilities & Bills
2025-07-23,POS 974158 TATAPOWERDDL PVT LTD MUM,2899.74,POS,Utilities & Bills
2026-01-05,UPI-GPAY UP INDIA-908022@okaxis,100.9,UPI,Transfers & Payments
2026-02-26,POS 155355 ZEPTO INDIA BLR,262.12,POS,Groceries
2025-09-04,UPI-VODAFONE IDEA INDIA-826896@upi,719.26,UPI,Utilities & Bills
2025-07-11,UPI-WOW MOMO-636818@apl,112.13,UPI,Dining
2026-04-03,NEFT-CRED RENT PAYMENT-N855150,16177.1,NEFT,Rent
2025-10-09,UPI-NETFLIX INDIA-724826@oksbi,399.06,UPI,Subscriptions
2026-06-08,NEFT-INDRAPRASTHA GAS-N485266,637.79,NEFT,Utilities & Bills
2025-08-13,POS 487692 BOOKSKHARIDOSTORE BLR,884.08,POS,Shopping
2025-12-19,UPI-AJIO PVT LTD-456096@paytm,3281.66,UPI,Shopping
2026-01-02,IMPS-720162-UDEMYONLINECOURSE,432.65,IMPS,Shopping
2025-12-29,UPI-VODAFONE IDEA-215593@okaxis,285.86,UPI,Utilities & Bills
2025-11-06,IMPS-369790-CRED RENT PAYME LTD,10040.29,IMPS,Rent
2025-11-14,UPI-AJIO-437276@upi,1093.22,UPI,Shopping
2025-08-27,UPI-OLA CAB PVT LTD-535345@oksbi,454.18,UPI,Transport
2026-01-08,UPI-NATURES BASKET-974611@ibl,1055.56,UPI,Groceries
2026-04-01,UPI-NEFTTRANSFER INDIA-634770@ibl,18071.63,UPI,Transfers & Payments
2025-07-19,UPI-PVR CINEMAS-210869@paytm,737.26,UPI,Entertainment
2026-04-01,ACH-IMPSINWARDP2P INDIA-118373,3666.45,ACH,Income
2025-10-16,UPI-WATERBILL-224228@upi,203.49,UPI,Utilities & Bills
2025-07-21,UPI-NETMEDS INDIA-557132@ybl,429.14,UPI,Health & Fitness
2025-10-29,UPI-STEAMPURCHASE PVT LTD-187579@oksbi,1583.78,UPI,Entertainment
2026-04-08,POS 504373 EATCLUB PVT LTD GZB,155.37,POS,Dining
2026-06-06,UPI-ZEPTO PVT LTD-783246@okaxis,111.95,UPI,Groceries
2025-09-09,POS 462893 ZEPTO NOIDA,308.64,POS,Groceries
2026-04-17,POS 392665 UBER INDIA INDIA DEL,122.01,POS,Transport
2026-04-15,POS 214741 CREDPAYMENT PVT LTD DEL,25178.08,POS,Transfers & Payments
2025-12-11,UPI-SPOTIFYINDIA LTD-528333@upi,119.47,UPI,Subscriptions
2026-04-27,UPI-STEAMPURCHASE INDIA-166592@paytm,1334.2,UPI,Entertainment
2026-06-25,UPI-CROMA RETAIL INDIA-675918@okaxis,39363.9,UPI,Shopping
2025-10-11,UPI-SPENCERS RETAIL INDIA-562869@oksbi,1229.53,UPI,Groceries
2026-04-01,POS 420153 APOLLOPHARMACY GZB,906.55,POS,Health & Fitness
2025-11-17,UPI-SPENCERSRETAIL-64379@apl,868.04,UPI,Groceries
2026-04-30,POS 366751 DOMINOS PI LTD MUM,639.46,POS,Dining
2026-03-26,UPI-ZOMATO-573205@upi,414.97,UPI,Dining
2025-10-18,UPI-YOUTUBE PREMIUM-258341@okaxis,141.06,UPI,Subscriptions
2026-03-15,UPI-SBI PERSONAL LOAN EMI-106639@paytm,6055.93,UPI,Transfers & Payments
2026-01-06,UPI-CROMARETAIL-913942@apl,7621.18,UPI,Shopping
2026-01-02,ACH-CREDRENTPAYMENT PVT LTD-953727,12090.9,ACH,Rent
2025-09-30,UPI-DECATHLON LTD-359280@upi,782.74,UPI,Shopping
2025-11-05,UPI-RAPIDO BIKE-515002@apl,158.36,UPI,Transport
2025-10-26,POS 958422 PVRCINEMAS INDIA DEL,1058.99,POS,Entertainment
2025-11-10,POS 438382 CULTFI DEL,2084.46,POS,Health & Fitness
2025-08-09,UPI-SPENCERSRETAIL-812378@okaxis,215.26,UPI,Groceries
2026-05-20,UPI-ZEPTO-777169@ybl,100.0,UPI,Groceries
2026-03-07,UPI-DMART-402572@ibl,504.33,UPI,Groceries
2025-08-13,UPI-ACT FIBE PVT LTD-128765@ybl,738.14,UPI,Utilities & Bills
2025-07-07,UPI-MORESUPERMARKET PVT LTD-987053@ibl,1032.26,UPI,Groceries
2025-12-11,POS 679215 BARBEQUE NATION INDIA GZB,821.52,POS,Dining
2026-04-16,UPI-INDIANOILPETROL PVT LTD-187310@upi,2112.0,UPI,Transport
2026-04-26,UPI-VODAFONE IDEA-683004@okaxis,170.77,UPI,Utilities & Bills
2025-08-27,UPI-WATERBILL PVT LTD-8172@apl,204.24,UPI,Utilities & Bills
2026-01-20,POS 199769 CULTFIT GZB,536.6,POS,Health & Fitness
2025-09-01,UPI-NOBROKER RENT PAY LTD-861661@upi,10018.64,UPI,Rent
2026-05-14,UPI-FLIPKART PVT LTD-736933@okaxis,1111.79,UPI,Shopping
2026-01-17,IMPS-571172-NEFT TRANS PVT LTD,1269.07,IMPS,Transfers & Payments
2026-05-04,UPI-TATAPLAYDTH INDIA-480264@upi,353.45,UPI,Utilities & Bills
2025-12-07,NEFT-AIRTEL PAYMENTS-N130765,992.46,NEFT,Utilities & Bills
2025-08-28,POS 936781 SBI PERSONAL LOAN EMI DEL,5096.77,POS,Transfers & Payments
2025-10-20,POS 870082 HALDIRAM INDIA GZB,335.62,POS,Dining
2025-10-05,IMPS-763593-NEFTINWARDREMITTANCE,1298.7,IMPS,Income
2025-09-04,IMPS-819265-INTERES LTD,147.49,IMPS,Income
2025-11-07,UPI-GPAYUPI-445503@oksbi,12830.96,UPI,Transfers & Payments
2025-12-07,UPI-NETMEDS-964342@upi,191.12,UPI,Health & Fitness
2026-03-10,POS 743736 IMPS TRANSFER INDIA NOIDA,24926.54,POS,Transfers & Payments
2026-03-13,POS 42646 HP PETR NOIDA,1557.19,POS,Transport
2025-07-27,POS 733910 DMART LTD DEL,2446.88,POS,Groceries
2026-06-10,UPI-OLA CABS-750401@apl,182.1,UPI,Transport
2025-09-03,IMPS-364179-INTERESTCREDITSBAC INDIA,259.06,IMPS,Income
2026-03-30,POS 623359 BURGER KING LTD BLR,244.24,POS,Dining
2026-04-05,ACH-CREDRENTPAYMENT LTD-231194,16172.74,ACH,Rent
2026-03-19,UPI-WOW MOMO INDIA-680586@ybl,335.34,UPI,Dining
2026-04-08,POS 23378 AMAZON PRIME NOIDA,1238.1,POS,Subscriptions
2026-05-30,UPI-BOOKMYSHOW PVT LTD-948689@oksbi,977.34,UPI,Entertainment
2026-01-05,UPI-JIOMART-861481@paytm,1194.72,UPI,Groceries
2025-08-11,UPI-YOUTUBE PREMIUM PVT LTD-262563@okaxis,159.0,UPI,Subscriptions
2026-02-26,UPI-INOX LEISURE-520693@oksbi,426.53,UPI,Entertainment
2025-11-30,NEFT-PLAYSTATION STORE-N640024,1810.72,NEFT,Entertainment
2026-02-04,IMPS-132329-NEFT INWARD REMIT INDIA,12227.01,IMPS,Income
2026-04-23,POS 820087 SWIGGYINSTAMART MUM,470.46,POS,Groceries
2025-09-22,POS 349977 INOX LEISURE MUM,309.15,POS,Entertainment
2025-12-15,POS 309433 MAX HOSPITAL PVT LTD DEL,3716.05,POS,Health & Fitness
2026-06-26,UPI-RELIANCE FRESH-28168@ibl,419.3,UPI,Groceries
2026-02-05,POS 770795 OLACABS PVT LTD GZB,80.04,POS,Transport
2025-11-01,NEFT-CRED RENT PAY LTD-N148499,11125.83,NEFT,Rent
2026-03-15,UPI-BURGER KING INDIA-911557@paytm,544.46,UPI,Dining
2026-04-06,UPI-ZEPTO-85073@oksbi,103.19,UPI,Groceries
2026-05-31,POS 371466 PRACTO LTD MUM,527.64,POS,Health & Fitness
2025-09-10,UPI-XBOX STORE-75035@ybl,1181.41,UPI,Entertainment
2026-03-12,UPI-FASTAG RECHARGE LTD-74746@paytm,274.82,UPI,Transport
2025-08-01,ACH-RENT TRANSFER LANDLORD-423313,10524.71,ACH,Rent
2025-12-19,POS 932785 MORE SUPERMARKET MUM,789.39,POS,Groceries
2026-03-30,POS 256280 MCDONALDS NOIDA,189.92,POS,Dining
2025-07-23,POS 161501 BAJAJFINSERVEMI MUM,2034.48,POS,Transfers & Payments
2025-07-24,UPI-JIOMART PVT LTD-444187@paytm,606.5,UPI,Groceries
2026-05-20,UPI-DELHIJALBOARD-296225@ibl,420.77,UPI,Utilities & Bills
2025-09-04,UPI-AMAZON PAY INDIA PVT LTD-197826@upi,665.42,UPI,Shopping
2025-12-05,POS 46495 CROMARETAIL NOIDA,6088.81,POS,Shopping
2026-01-01,UPI-RENTTRANSFERLANDLORD PVT LTD-116893@ybl,10297.48,UPI,Rent
2026-02-19,IMPS-50623-BLUSMART LTD,383.77,IMPS,Transport
2025-09-04,POS 375698 TATA 1MG NOIDA,919.58,POS,Health & Fitness
2025-08-13,UPI-CRED P-840634@apl,11116.81,UPI,Transfers & Payments
2026-04-10,UPI-PLAYSTATION STORE INDIA-515962@oksbi,1293.42,UPI,Entertainment
2025-10-20,POS 136048 COURSER BLR,3103.42,POS,Shopping
2026-02-19,UPI-EATCLUB LTD-44746@okaxis,239.85,UPI,Dining
2026-04-27,UPI-DMART PVT LTD-776174@ibl,920.02,UPI,Groceries
2026-02-19,UPI-MYNTRA LTD-295177@paytm,1444.13,UPI,Shopping
2026-04-06,IMPS-261020-ASPECT RAT,65694.0,IMPS,Income
2025-12-11,POS 112194 CULTFI GZB,1516.21,POS,Health & Fitness
2025-07-17,POS 868422 MORESUPERMARKET PVT LTD MUM,669.48,POS,Groceries
2026-06-11,UPI-TATA 1MG PVT LTD-33607@oksbi,220.12,UPI,Health & Fitness
2025-07-05,POS 775773 REDBUS NOIDA,1699.76,POS,Transport
2026-04-13,UPI-HALDIRAM LTD-58849@upi,420.64,UPI,Dining
2025-10-21,POS 297134 BLUSMART PVT LTD DEL,241.2,POS,Transport
2026-06-12,POS 918008 NEFT TRAN GZB,15185.21,POS,Transfers & Payments
2025-09-08,UPI-TATA 1MG-800314@paytm,889.79,UPI,Health & Fitness
2025-07-05,POS 807384 NYKAA GZB,511.91,POS,Shopping
2025-09-27,IMPS-722506-PHARMEASY,415.65,IMPS,Health & Fitness
2025-11-21,POS 999836 YOUTUBEPREMIUM MUM,147.28,POS,Subscriptions
2025-11-09,UPI-MYNTRA LTD-455456@ybl,2532.17,UPI,Shopping
2025-11-10,UPI-INDIAN OIL PETROL INDIA-493850@paytm,533.05,UPI,Transport
2026-02-24,UPI-SWIGGY LTD-254952@ybl,203.05,UPI,Dining
2025-10-23,POS 487099 DR LAL PATHLABS BLR,447.11,POS,Health & Fitness
2026-03-05,IMPS-690196-CRED RENT PAYMENT INDIA,25918.35,IMPS,Rent
2026-05-24,POS 837863 JIO RECHARGE PVT LTD BLR,373.07,POS,Utilities & Bills
2026-05-01,UPI-CAFE COFFEE DAY-979844@ibl,198.64,UPI,Dining
2026-02-25,UPI-SPENCERSRETAIL-128099@paytm,1322.17,UPI,Groceries
2026-02-04,UPI-NETFLIX PVT LTD-257965@ybl,226.56,UPI,Subscriptions
2026-01-07,POS 175117 CULTFIT NOIDA,837.1,POS,Health & Fitness
2025-11-03,UPI-CAFECOFFEEDAY INDIA-284966@ybl,259.36,UPI,Dining
2026-02-26,POS 221185 BARBEQUENATION PVT LTD NOIDA,841.94,POS,Dining
2025-10-14,POS 271359 FAASOS PVT LTD DEL,253.9,POS,Dining
2025-07-15,UPI-ZOMATO INDIA-108437@ybl,543.68,UPI,Dining
2025-07-17,UPI-SPOTIFYINDIA LTD-186111@paytm,195.48,UPI,Subscriptions
2026-02-03,UPI-RAPIDO BIKE INDIA-686753@ybl,129.58,UPI,Transport
2026-06-08,UPI-IRCTC INDIA-126744@paytm,1824.79,UPI,Transport
2026-05-15,UPI-FAASOS-327194@okaxis,298.06,UPI,Dining
2025-12-16,UPI-MYNTRA INDIA-801261@apl,3976.71,UPI,Shopping
2025-09-04,UPI-RAPIDO BIKE-387656@paytm,85.6,UPI,Transport
2026-06-02,UPI-SPENCERSRETAIL-192860@apl,247.68,UPI,Groceries
2025-10-26,UPI-JIOMART-59681@upi,372.32,UPI,Groceries
2026-05-27,UPI-APPLEMUSIC-32729@okaxis,99.08,UPI,Subscriptions
2026-03-12,UPI-CULTFIT-93306@ibl,1676.92,UPI,Health & Fitness
2026-01-03,NEFT-IMPS INWARD P2P PVT LTD-N957373,664.3,NEFT,Income
2026-03-05,UPI-NATURESBASKET PVT LTD-593963@oksbi,418.97,UPI,Groceries
2025-11-22,UPI-JIO RECHARGE-456879@paytm,276.0,UPI,Utilities & Bills
2026-01-16,NEFT-DELHIJALBOARD INDIA-N133021,753.28,NEFT,Utilities & Bills
2025-10-15,POS 369717 HOTSTA MUM,811.04,POS,Subscriptions
2025-09-01,UPI-FASTAGRECHARGE PVT LTD-26540@oksbi,219.76,UPI,Transport
2026-05-05,POS 64382 BLUSMA INDIA GZB,462.9,POS,Transport
2026-05-20,UPI-AMAZON PRIME INDIA-33591@oksbi,680.26,UPI,Subscriptions
2025-08-23,UPI-RAPIDO BIKE PVT LTD-212069@paytm,115.22,UPI,Transport
2025-07-31,UPI-MAX HOSPITAL LTD-786928@upi,9596.44,UPI,Health & Fitness
2026-05-21,UPI-DR LAL PATHLABS-272221@okaxis,2686.77,UPI,Health & Fitness
2025-11-02,UPI-COURSER-955547@okaxis,2974.39,UPI,Shopping
2025-12-04,NEFT-INOX LEISURE PVT LTD-N746804,649.52,NEFT,Entertainment
2025-09-04,NEFT-CRED RENT PAYMENT-N517960,20071.51,NEFT,Rent
2025-08-24,UPI-ZEPTO LTD-978037@upi,162.66,UPI,Groceries
2025-10-15,UPI-MCDONALDS LTD-499909@oksbi,154.72,UPI,Dining
2026-06-07,POS 292677 MEESHO NOIDA,268.79,POS,Shopping
2026-01-10,UPI-OLACABS-129733@paytm,131.51,UPI,Transport
2026-05-05,UPI-HDFCCREDITCARDAUTOPAY INDIA-813588@upi,4875.21,UPI,Transfers & Payments
2026-03-27,UPI-YOUTUBE PREMIUM LTD-464841@apl,181.03,UPI,Subscriptions
2025-10-02,POS 334809 BOOKSKHARIDOSTORE LTD MUM,356.52,POS,Shopping
2026-02-19,IMPS-751205-XBOXSTORE LTD,1179.04,IMPS,Entertainment
2026-04-23,UPI-IMPSTRANSFER PVT LTD-126507@paytm,504.19,UPI,Transfers & Payments
2025-09-23,UPI-INDIANOILPETROL LTD-938462@upi,1481.7,UPI,Transport
2026-04-18,UPI-NEFT TRANSFER INDIA-829452@apl,6773.75,UPI,Transfers & Payments
2025-12-04,UPI-RENTTRANSFERLANDLORD-374394@ybl,10000.37,UPI,Rent
2026-02-18,UPI-BSESRAJDHANIPOWER-379904@paytm,1294.05,UPI,Utilities & Bills
2025-10-25,UPI-BIGBASKET LTD-643043@oksbi,2453.66,UPI,Groceries
2025-12-05,NEFT-INTERESTCREDITSBAC LTD-N718607,1005.45,NEFT,Income
2026-06-22,UPI-HOTSTAR LTD-432986@ibl,914.5,UPI,Subscriptions
2025-09-27,UPI-ZMT*ZOMATO INDIA-90539@apl,139.13,UPI,Dining
2025-11-20,UPI-PLAYSTATIONSTORE LTD-626170@upi,2213.41,UPI,Entertainment
2025-10-16,UPI-JIORECHARGE PVT LTD-851071@ibl,848.15,UPI,Utilities & Bills
2026-02-03,ACH-FDMATURITYPROCEEDS PVT LTD-468119,66106.43,ACH,Income
2026-04-09,UPI-DOMINO INDIA-906680@paytm,681.74,UPI,Dining
2025-07-07,UPI-BLINKIT PVT LTD-128678@ybl,883.03,UPI,Groceries
2026-02-02,UPI-WOW MOM-735703@apl,158.71,UPI,Dining
2025-07-03,UPI-HP PETROL PUMP-790637@paytm,730.52,UPI,Transport
2026-02-10,POS 410811 EATCLUB LTD NOIDA,285.42,POS,Dining
2026-03-14,UPI-SPOTIFY -567416@paytm,125.64,UPI,Subscriptions
2025-10-24,UPI-BOOKMYSHOW PVT LTD-803614@upi,336.43,UPI,Entertainment
2026-01-22,UPI-BURGERKING INDIA-920330@oksbi,177.2,UPI,Dining
2025-10-12,UPI-DMART PVT LTD-112798@oksbi,2037.08,UPI,Groceries
2025-11-01,IMPS-536552-IMPS INWARD ,5642.98,IMPS,Income
2026-03-03,UPI-CRED RENT PAYME-788940@paytm,10059.63,UPI,Rent
2025-09-16,UPI-SONY LIV PVT LTD-996746@paytm,476.81,UPI,Subscriptions
2026-04-02,UPI-APPLE MUSIC PVT LTD-228149@oksbi,121.35,UPI,Subscriptions
2025-10-17,UPI-DOMINOS PIZZA-453104@upi,288.91,UPI,Dining
2025-09-14,UPI-YOUTUBE PREMIUM PVT LTD-259838@oksbi,146.93,UPI,Subscriptions
2026-03-05,UPI-SWIGGY INSTAMART LTD-408873@okaxis,154.89,UPI,Groceries
2026-04-23,UPI-SCALERACADEMY INDIA-944650@upi,25374.69,UPI,Shopping
2025-10-21,POS 493435 ZOMATO LTD BLR,844.7,POS,Dining
2026-01-16,UPI-PHARMEASY LTD-76880@ybl,1131.43,UPI,Health & Fitness
2026-02-20,POS 366875 WOW MOMO GZB,103.31,POS,Dining
2026-01-15,UPI-DMART-609524@ibl,2038.52,UPI,Groceries
2026-04-02,IMPS-732679-NOBROKER RENT P,28192.06,IMPS,Rent
2025-11-03,UPI-KFC INDIA-355814@upi,217.87,UPI,Dining
2026-04-01,UPI-INDRAPRASTHAGAS-901847@oksbi,1224.46,UPI,Utilities & Bills
2025-07-23,POS 286585 APOLLO INDIA NOIDA,113.81,POS,Health & Fitness
2026-02-13,UPI-BIGBASKET-823014@okaxis,1529.09,UPI,Groceries
2025-12-06,UPI-FAASOS PVT LTD-207543@oksbi,223.42,UPI,Dining
2026-01-12,UPI-BURGERKING INDIA-458874@ybl,456.24,UPI,Dining
2026-03-07,ACH-IMPSINWARDP2P-775953,1503.65,ACH,Income
2025-09-01,UPI-NEFT TRA-760623@oksbi,5636.46,UPI,Transfers & Payments
2025-10-28,UPI-NATURES BASKET PVT LTD-115113@upi,1215.92,UPI,Groceries
2025-10-15,UPI-BOOKS KHARIDO STORE-181381@paytm,780.82,UPI,Shopping
2026-04-26,UPI-BURGER KING-941628@apl,417.12,UPI,Dining
2025-07-13,UPI-HALDIRAM-222901@apl,476.24,UPI,Dining
2025-11-17,UPI-NETFLIX PVT LTD-968830@apl,254.47,UPI,Subscriptions
2026-06-07,UPI-BOOKSKHARIDOSTORE INDIA-682473@upi,473.16,UPI,Shopping
2026-04-28,UPI-HALDIRAM-89624@paytm,164.6,UPI,Dining
2026-05-31,UPI-DR LAL PATHLA INDIA-978496@okaxis,2133.01,UPI,Health & Fitness
2025-11-06,UPI-STEAM PUR-590445@okaxis,342.68,UPI,Entertainment
2025-09-10,POS 346539 UDEMY ONLINE COURSE PVT LTD MUM,2632.2,POS,Shopping
2026-04-20,UPI-HALDIRAM-520158@ibl,107.22,UPI,Dining
2026-02-25,IMPS-149628-TATAPLAYDTH PVT LTD,313.88,IMPS,Utilities & Bills
2026-01-29,POS 624810 COURSERA LTD GZB,2655.43,POS,Shopping
2026-06-17,UPI-APPLEMUSIC-399357@apl,121.94,UPI,Subscriptions
2025-07-20,UPI-REDBUS-270424@ybl,404.33,UPI,Transport
2026-04-17,UPI-BURGER KING LTD-254560@apl,150.16,UPI,Dining
2026-03-18,POS 420937 SWIGGY MUM,169.37,POS,Dining
2025-12-11,UPI-INDRAPRASTHAGAS PVT LTD-373746@ybl,756.78,UPI,Utilities & Bills
2026-01-27,UPI-SWIGGY PVT LTD-364270@oksbi,510.45,UPI,Dining
2026-02-17,UPI-INDRAPRASTHA GAS-210420@upi,676.84,UPI,Utilities & Bills
2025-12-16,POS 445820 BOOKMYSHOW INDIA GZB,442.64,POS,Entertainment
2026-04-06,ACH-CRED RENT PAYMENT PVT LTD-746108,25672.49,ACH,Rent
2026-05-31,UPI-TATA PO PVT LTD-991433@upi,1024.39,UPI,Utilities & Bills
2026-04-25,UPI-SWIGGY INDIA-136170@okaxis,697.84,UPI,Dining
2026-02-01,UPI-PHONEPE UPI LTD-621663@ybl,3178.77,UPI,Transfers & Payments
2025-09-04,IMPS-509817-FD MATURITY,94001.71,IMPS,Income
2026-05-07,UPI-INTERVIEWBIT-95849@apl,4081.61,UPI,Shopping
2026-05-07,POS 329002 CAFE COFFEE DAY BLR,310.01,POS,Dining
2025-09-04,UPI-NATURESBASKET PVT LTD-668881@paytm,856.47,UPI,Groceries
2026-01-12,POS 856123 HOTSTAR PVT LTD MUM,507.74,POS,Subscriptions
2025-12-20,UPI-SWIGGY IN LTD-631850@ybl,1169.59,UPI,Groceries
2025-10-05,UPI-HP PETROL PUMP INDIA-135455@okaxis,644.7,UPI,Transport
2025-07-28,UPI-TATA POWER DDL PVT LTD-329591@apl,1740.34,UPI,Utilities & Bills
2025-11-18,UPI-TATA POWER DDL-148999@okaxis,1480.26,UPI,Utilities & Bills
2025-11-21,UPI-RELIANCEFRESH-223673@upi,1177.47,UPI,Groceries
2026-04-26,UPI-NEFT TRANSFER-638640@apl,11623.78,UPI,Transfers & Payments
2025-10-12,UPI-KFC-13608@oksbi,317.23,UPI,Dining
2025-12-16,UPI-SPOTIFY INDIA LTD-985301@ybl,164.78,UPI,Subscriptions
2025-12-29,UPI-RELIANCEDIGITAL INDIA-418162@paytm,8467.27,UPI,Shopping
2025-12-20,NEFT-BOOKSKHARIDOSTORE-N972770,313.67,NEFT,Shopping
2026-01-16,UPI-AJIO PVT LTD-935611@upi,589.22,UPI,Shopping
2025-09-04,POS 486146 SPENCERS RETAIL LTD DEL,1100.47,POS,Groceries
2026-05-25,UPI-GPAYUPI PVT LTD-871849@apl,1085.91,UPI,Transfers & Payments
2026-02-27,UPI-SWIGGY INSTAMART-643812@upi,972.97,UPI,Groceries
2026-02-28,POS 74264 SNITCH BLR,1227.27,POS,Shopping
2025-08-27,UPI-JIO RECHARGE-156229@oksbi,251.13,UPI,Utilities & Bills
2026-06-07,UPI-RELIANCE FRESH PVT LTD-842001@ybl,209.23,UPI,Groceries
2025-10-04,NEFT-STEAM PURCHASE-N874708,2615.88,NEFT,Entertainment
2025-07-24,UPI-BLUSMART PVT LTD-875680@okaxis,166.17,UPI,Transport
2025-11-26,UPI-BIGBASKET LTD-786119@apl,1066.65,UPI,Groceries
2025-09-19,UPI-PHARMEASY-663218@paytm,439.88,UPI,Health & Fitness
2026-03-14,UPI-CAFECOFFEEDAY LTD-485248@ibl,100.66,UPI,Dining
2025-12-11,NEFT-SONY LIV-N60116,552.33,NEFT,Subscriptions
2025-10-20,POS 617564 JIOMART DEL,1675.51,POS,Groceries
2025-09-10,UPI-SPOTIFYINDIA INDIA-677739@oksbi,188.46,UPI,Subscriptions
2026-01-05,IMPS-580589-INTEREST CRED LTD,922.81,IMPS,Income
2025-11-18,UPI-HDFC HOME LOAN EMI LTD-231916@ybl,25131.42,UPI,Transfers & Payments
2026-06-09,UPI-CULTFIT-351418@okaxis,1900.87,UPI,Health & Fitness
2025-12-08,UPI-INOX LEI-858342@ibl,420.86,UPI,Entertainment
2026-06-11,UPI-NETMEDS-379463@ibl,325.12,UPI,Health & Fitness
2026-05-24,UPI-APOLLO PHARMACY LTD-740601@ybl,380.61,UPI,Health & Fitness
2026-01-19,UPI-RAPIDO BIKE-269736@upi,43.12,UPI,Transport
2025-09-04,UPI-DOMINOSPIZZA PVT LTD-355955@okaxis,376.7,UPI,Dining
2025-10-10,POS 509216 INDRAPRA LTD NOIDA,587.82,POS,Utilities & Bills
2026-02-05,UPI-DMART-194866@ibl,2290.36,UPI,Groceries
2026-03-07,UPI-SWG*SWIGGY-587746@ybl,131.58,UPI,Dining
2025-09-15,UPI-SPOTIFYINDIA LTD-636553@ybl,121.21,UPI,Subscriptions
2026-06-10,UPI-NETFLIX PVT LTD-596345@oksbi,561.7,UPI,Subscriptions
2026-02-07,UPI-JIO RECHARGE-850335@okaxis,182.37,UPI,Utilities & Bills
2025-10-17,UPI-WOW MOMO PVT LTD-789030@oksbi,140.58,UPI,Dining
2026-02-10,UPI-BOOKMYS PVT LTD-419632@oksbi,1449.9,UPI,Entertainment
2025-10-22,POS 665569 DELHI  MUM,25.75,POS,Transport
2025-12-30,POS 556092 DECATHLON MUM,1006.19,POS,Shopping
2026-03-02,UPI-MORE SUPERMARKET INDIA-399797@ibl,932.77,UPI,Groceries
2025-09-12,NEFT-PIZZAHUT LTD-N512539,336.03,NEFT,Dining
2026-05-07,NEFT-PAYTM UPI INDIA-N58516,10636.7,NEFT,Transfers & Payments
2026-06-10,UPI-ZEPTO PVT LTD-670026@okaxis,712.83,UPI,Groceries
2025-07-24,UPI-PAYTMUPI PVT LTD-629616@upi,11104.89,UPI,Transfers & Payments
2026-03-20,IMPS-854284-ZOMATO,355.0,IMPS,Dining
2026-03-25,UPI-XBOX STORE-178639@okaxis,3805.81,UPI,Entertainment
2025-11-03,POS 378724 TATA POWER DDL DEL,1446.92,POS,Utilities & Bills
2025-08-14,UPI-UDEMYONLINECOURSE PVT LTD-287337@paytm,2278.92,UPI,Shopping
2025-10-29,POS 260600 SBI PERSONAL LOAN EMI GZB,5007.65,POS,Transfers & Payments
2026-02-01,UPI-IRCTC LTD-677752@apl,1672.97,UPI,Transport
2025-11-04,UPI-NATURES BASKET-578801@apl,300.01,UPI,Groceries
2025-07-15,UPI-TATA1MG LTD-101453@ibl,938.78,UPI,Health & Fitness
2025-11-01,UPI-SWIGGY INSTAMART PVT LTD-160281@ybl,155.63,UPI,Groceries
2026-06-17,UPI-MORESUPERMARKET-306228@apl,200.03,UPI,Groceries
2025-07-24,UPI-AIRTELPAYMENTS-576945@ibl,860.86,UPI,Utilities & Bills
2025-10-02,POS 20050 FLIPKART BLR,245.8,POS,Shopping
2026-01-21,UPI-NETMEDS-9181@upi,150.03,UPI,Health & Fitness
2025-08-10,UPI-EATCLUB INDIA-912023@okaxis,398.67,UPI,Dining
2025-12-05,IMPS-823249-NEFTINWARDREMITTANCE LTD,15179.1,IMPS,Income
2026-01-01,NEFT-IMPSINWARDP2P INDIA-N320233,2300.64,NEFT,Income
2025-07-30,IMPS-475161-CAFE COFFEE DAY,100.03,IMPS,Dining
2025-11-08,NEFT-DECATHLON-N249948,2441.17,NEFT,Shopping
2026-04-06,UPI-PLAYSTATION STORE LTD-297780@upi,2281.27,UPI,Entertainment
2025-09-24,POS 27221 SPOTIFYINDIA MUM,178.32,POS,Subscriptions
2025-11-06,ACH-RENTTRANSFERLANDLORD LTD-146576,19336.37,ACH,Rent
2026-01-13,POS 688384 PVRCINEMAS LTD DEL,1003.4,POS,Entertainment
2026-02-25,UPI-SWIGGY PVT LTD-174669@ibl,830.74,UPI,Dining
2026-03-10,POS 786697 PVR CINEMAS DEL,444.64,POS,Entertainment
2026-02-25,POS 432420 AJIO BLR,3215.95,POS,Shopping
2025-10-05,UPI-HALDIRA LTD-454310@oksbi,121.88,UPI,Dining
2026-04-20,UPI-DOMINOSPIZZA INDIA-720081@apl,726.79,UPI,Dining
2026-06-10,UPI-UBERINDIA LTD-82373@ibl,194.4,UPI,Transport
2025-07-15,POS 554247 APOLLO PHAR MUM,452.53,POS,Health & Fitness
2026-03-08,UPI-KFC INDIA-529700@okaxis,295.12,UPI,Dining
2026-04-13,POS 25847 JIO RECHARGE LTD NOIDA,280.08,POS,Utilities & Bills
2026-03-19,UPI-AMAZONPRIME PVT LTD-753758@paytm,307.51,UPI,Subscriptions
2026-02-06,NEFT-IMPS INWARD P2P INDIA-N255148,8713.85,NEFT,Income
2025-08-30,UPI-DOMINOS PIZZA-952871@ybl,259.36,UPI,Dining
2025-08-02,POS 30033 OLA CABS PVT LTD NOIDA,416.72,POS,Transport
2025-08-05,NEFT-CRED RENT PAYMENT PVT LTD-N31901,10639.18,NEFT,Rent
2026-06-11,UPI-HALDIRA INDIA-841928@paytm,306.79,UPI,Dining
2025-12-28,UPI-LEETCODE PREMIUM INDIA-595270@oksbi,11240.19,UPI,Shopping
2025-08-15,UPI-BSESRAJDHANIPOWER PVT LTD-870750@paytm,1201.93,UPI,Utilities & Bills
2025-11-30,UPI-NETFLI LTD-569756@upi,321.25,UPI,Subscriptions
2025-11-18,UPI-AIRTEL PAYMENTS PVT LTD-733641@oksbi,361.37,UPI,Utilities & Bills
2025-08-06,UPI-STEAM PURCHASE PVT LTD-136524@okaxis,1160.37,UPI,Entertainment
2026-04-17,UPI-BOOKMYSHOW-472702@oksbi,322.06,UPI,Entertainment
2026-02-24,POS 136199 CAFE COFFEE DAY BLR,232.86,POS,Dining
2025-12-27,POS 475078 TATA POWER DDL PVT LTD GZB,3173.42,POS,Utilities & Bills
2025-10-06,UPI-NYKAA-648253@okaxis,1190.2,UPI,Shopping
2026-03-26,UPI-SPOTIFY INDIA INDIA-822916@ybl,129.41,UPI,Subscriptions
2025-09-26,IMPS-226402-DECATHLON LTD,2278.24,IMPS,Shopping
2026-05-18,POS 32470 INDIANOILPETROL PVT LTD GZB,647.23,POS,Transport
2026-05-07,UPI-INTERVIEWBIT PVT LTD-803989@oksbi,1327.6,UPI,Shopping
2025-11-05,POS 335595 ZEPTO LTD NOIDA,606.97,POS,Groceries
2026-04-10,UPI-IRCTC INDIA-694647@oksbi,661.32,UPI,Transport
2025-12-18,UPI-TATA 1MG LTD-871775@ybl,1141.25,UPI,Health & Fitness
2025-09-01,ACH-IMPS INWARD P2P INDIA-445729,859.13,ACH,Income
2026-06-19,UPI-SWIGGY INSTAMART-393585@oksbi,649.49,UPI,Groceries
2026-01-29,UPI-RELIANCEFRESH LTD-839557@apl,562.67,UPI,Groceries
2026-02-21,UPI-CROMARETAIL PVT LTD-280282@okaxis,6140.97,UPI,Shopping
2026-05-31,NEFT-XBOX STORE LTD-N285054,3156.85,NEFT,Entertainment
2026-02-25,UPI-BAJAJFINSERVEMI-278848@okaxis,7899.94,UPI,Transfers & Payments
2025-08-11,UPI-DELHI METRO RAIL-754499@okaxis,24.19,UPI,Transport
2026-03-16,UPI-HOTSTAR PVT LTD-79217@ybl,766.31,UPI,Subscriptions
2026-03-09,UPI-BARBEQUE NATION LTD-946894@okaxis,1760.14,UPI,Dining
2026-03-14,UPI-SPENCERS RETAIL LTD-266484@oksbi,889.81,UPI,Groceries
2026-03-11,UPI-FASTAGRECHARGE-852424@paytm,303.76,UPI,Transport
2025-12-07,IMPS-990719-RENTTRANSFERLANDLORD PVT LTD,18473.79,IMPS,Rent
2026-03-03,POS 962965 MAX HOSPITAL LTD BLR,522.55,POS,Health & Fitness
2025-12-14,UPI-NEFT TRANSFER-27960@upi,13405.93,UPI,Transfers & Payments
2025-10-31,IMPS-672038-BARBEQUE NATION,1818.94,IMPS,Dining
2025-07-25,UPI-HDFC CREDIT CARD AUTOPAY-966650@okaxis,11784.67,UPI,Transfers & Payments
2026-04-29,POS 396963 BARBEQUENATION GZB,1663.93,POS,Dining
2026-05-07,NEFT-NATURESBASKET LTD-N838790,1552.36,NEFT,Groceries
2026-06-24,UPI-CAFE COFFEE DAY INDIA-355592@paytm,154.12,UPI,Dining
2025-08-03,IMPS-113702-NOBROKER RENT PAY,26214.11,IMPS,Rent
2025-10-06,POS 2727 RAPIDOBIKE MUM,132.79,POS,Transport
2026-05-14,UPI-NATURES BASK-238854@upi,330.37,UPI,Groceries
2026-01-01,ACH-ASPECTRATIOSALARY-575615,53489.43,ACH,Income
2026-01-11,UPI-INDIAN OIL PETROL INDIA-530798@okaxis,567.18,UPI,Transport
2025-11-20,UPI-BAJAJ FINSERV EMI LTD-270891@oksbi,2001.15,UPI,Transfers & Payments
2026-06-27,UPI-BOOKS KHARIDO STORE INDIA-72019@upi,1451.91,UPI,Shopping
2025-12-12,UPI-VODAFONE IDEA-287534@oksbi,957.51,UPI,Utilities & Bills
2026-03-08,UPI-APPLE MUSIC-529317@ybl,134.17,UPI,Subscriptions
2026-04-21,UPI-HALDIR INDIA-466125@oksbi,100.1,UPI,Dining
2026-04-27,UPI-OLACABS PVT LTD-766212@upi,200.43,UPI,Transport
2025-10-26,POS 358564 DELHI METRO RAIL LTD NOIDA,91.59,POS,Transport
2026-04-06,UPI-CRED RENT PA INDIA-752501@paytm,24606.64,UPI,Rent
2026-02-25,UPI-COURSERA INDIA-18921@oksbi,2320.11,UPI,Shopping
2025-08-15,UPI-DOMINOS INDIA-174219@upi,260.29,UPI,Dining
2026-03-27,NEFT-DELHIMETRORAIL LTD-N897118,30.01,NEFT,Transport
2026-05-07,UPI-JIO RECHARGE PVT LTD-425966@okaxis,198.12,UPI,Utilities & Bills
2026-02-26,UPI-KFC-347923@paytm,538.63,UPI,Dining
2026-01-02,NEFT-STEAM PURCHASE PVT LTD-N482031,2467.85,NEFT,Entertainment
2025-12-28,UPI-MEESHO LTD-347300@paytm,180.51,UPI,Shopping
2026-01-31,POS 87288 NEFT TRANS NOIDA,32787.53,POS,Transfers & Payments
2026-04-28,POS 652339 TATA 1MG LTD MUM,577.31,POS,Health & Fitness
2025-09-21,UPI-CULTFIT-417713@oksbi,662.3,UPI,Health & Fitness
2025-09-01,NEFT-CRED RENT PAYMENT-N356906,11449.43,NEFT,Rent
2025-08-15,UPI-FLIPKART-988071@ybl,584.07,UPI,Shopping
2025-12-11,UPI-UDEMYONLINECOURSE-358258@paytm,1700.22,UPI,Shopping
2026-01-09,POS 169846 SPENCERS RETAIL PVT LTD GZB,305.09,POS,Groceries
2025-09-24,POS 536950 DOMINOSPIZZA MUM,260.89,POS,Dining
2026-01-25,UPI-IRCTC-628906@oksbi,907.71,UPI,Transport
2026-05-30,UPI-ZEPTO PVT LTD-633534@apl,128.45,UPI,Groceries
2025-08-22,UPI-JIOMART-70160@oksbi,312.29,UPI,Groceries
2025-11-02,NEFT-IMPS INWARD P2P LTD-N65125,2918.93,NEFT,Income
2026-05-29,UPI-DELHIMETRORAIL INDIA-685396@apl,117.27,UPI,Transport
2026-05-19,POS 92395 DOMINOS PIZZA LTD BLR,372.13,POS,Dining
2026-06-16,POS 609543 JIO RECHARGE BLR,883.85,POS,Utilities & Bills
2026-02-20,UPI-INTERVIEWBIT INDIA-252834@apl,1692.35,UPI,Shopping
2025-12-30,UPI-NETMEDS PVT LTD-648474@paytm,195.44,UPI,Health & Fitness
2026-05-03,NEFT-FD MATURITY PROCEEDS PVT LTD-N212856,21549.47,NEFT,Income
2025-07-26,UPI-BOOKMYSHOW-215243@ibl,329.1,UPI,Entertainment
2025-09-08,UPI-SWIGGYINSTAMART LTD-198753@upi,1090.05,UPI,Groceries
2025-08-05,POS 331197 HALDIRAM MUM,323.03,POS,Dining
2025-11-06,UPI-ZMT*ZOMATO LTD-840155@apl,259.29,UPI,Dining
2025-12-11,POS 783604 DELHI METRO RAIL MUM,32.15,POS,Transport
2026-02-01,UPI-INTERVIEWBIT-257569@upi,4910.47,UPI,Shopping
2026-04-23,POS 612458 SONY L LTD MUM,301.02,POS,Subscriptions
2025-12-24,NEFT-TATAPLAYDTH-N166342,326.2,NEFT,Utilities & Bills
2025-10-14,UPI-CULTFI LTD-393418@ibl,581.66,UPI,Health & Fitness
2025-08-13,UPI-JIOMART-315736@apl,918.85,UPI,Groceries
2025-12-18,POS 786530 PAYTM UPI GZB,1619.18,POS,Transfers & Payments
2025-11-04,UPI-NOBROKERRENTPAY PVT LTD-152393@ybl,23601.49,UPI,Rent
2026-01-06,UPI-KFC LTD-919601@apl,471.89,UPI,Dining
2025-11-08,UPI-HP PET-527496@ibl,1052.08,UPI,Transport
2025-09-02,POS 395002 COURSERA PVT LTD NOIDA,4644.52,POS,Shopping
2025-10-25,POS 948595 PLAYSTAT PVT LTD DEL,2431.67,POS,Entertainment
2026-06-03,NEFT-ASPECT RATIO SALARY INDIA-N508047,82422.25,NEFT,Income
2025-11-16,UPI-FAASOS INDIA-45976@upi,140.33,UPI,Dining
2025-07-07,POS 649106 RELIANCE DIGITAL BLR,26078.17,POS,Shopping
2025-12-27,POS 512490 STEAM PURCHA LTD MUM,524.85,POS,Entertainment
2026-06-07,POS 798212 JIOMART LTD GZB,1267.61,POS,Groceries
2025-12-29,NEFT-UDEMY ONLINE COURSE INDIA-N952341,2434.14,NEFT,Shopping
2025-12-31,UPI-DELHI JAL BOARD-727210@okaxis,279.85,UPI,Utilities & Bills
2026-02-01,UPI-INTERVIEWB PVT LTD-46244@ibl,1229.47,UPI,Shopping
2026-01-25,UPI-SBI PERSONAL LOAN EMI PVT LTD-597298@okaxis,5983.35,UPI,Transfers & Payments
2025-08-06,POS 351456 BOOKMYSHOW NOIDA,1459.13,POS,Entertainment
2025-08-08,NEFT-DMART INDIA-N637476,908.22,NEFT,Groceries
2026-05-25,NEFT-AIRTEL PAYMENTS-N473959,756.88,NEFT,Utilities & Bills
2026-01-05,ACH-FD MATURIT-506135,39350.72,ACH,Income
2025-10-01,IMPS-62294-CRED RENT PAYMENT LTD,12415.19,IMPS,Rent
2025-10-13,UPI-FLIPKART LTD-190195@apl,779.78,UPI,Shopping
2025-09-07,UPI-AIRTELPAYMENTS-141659@oksbi,216.39,UPI,Utilities & Bills
2026-01-16,UPI-JIORECHARGE-790730@ibl,155.96,UPI,Utilities & Bills
2026-02-06,ACH-NOBROKER RENT PAY-381445,18907.31,ACH,Rent
2025-09-15,UPI-MORESUPERMARKET-434300@ybl,357.7,UPI,Groceries
2026-01-08,UPI-COURSERA PVT LTD-175274@apl,3108.94,UPI,Shopping
2025-11-30,UPI-OLA CABS-228633@apl,312.79,UPI,Transport
2025-09-04,UPI-AMAZONPAYINDIA-183572@upi,1148.34,UPI,Shopping
2025-12-02,ACH-NOBROKER RENT PAY LTD-826278,12333.0,ACH,Rent
2026-06-19,UPI-AJIO-255630@apl,3350.54,UPI,Shopping
2026-06-10,POS 346521 BARBEQUE NATION GZB,1776.4,POS,Dining
2026-04-14,POS 745668 NYKAA DEL,319.39,POS,Shopping
2026-02-24,POS 849863 NEFT TRANS BLR,20916.9,POS,Transfers & Payments
2026-05-30,UPI-LEETCODE PREMIUM-319471@oksbi,2822.25,UPI,Shopping
2025-12-15,UPI-MCDONALDS PVT LTD-353622@paytm,166.67,UPI,Dining
2025-09-27,UPI-CRED PAYMENT-292587@paytm,20950.22,UPI,Transfers & Payments
2026-06-18,UPI-CROMARETAIL-693217@ybl,1940.61,UPI,Shopping
2026-06-18,UPI-RELIANCE FR PVT LTD-435688@oksbi,1096.58,UPI,Groceries
2025-11-05,UPI-INDRAPRASTHAGAS INDIA-526677@oksbi,739.38,UPI,Utilities & Bills
2026-01-20,UPI-MYNTRA PVT LTD-891466@apl,1795.4,UPI,Shopping
2025-09-20,UPI-PHARMEASY-530878@ybl,497.95,UPI,Health & Fitness
2025-08-03,ACH-ASPECTRATIOSALARY-490480,57804.57,ACH,Income
2025-08-13,UPI-MYNTRA INDIA-435038@apl,831.92,UPI,Shopping
2026-06-26,IMPS-114792-DECATHLON INDIA,3672.79,IMPS,Shopping
2026-04-15,UPI-APPLE MUSIC-933572@apl,190.58,UPI,Subscriptions
2026-04-24,POS 704492 DELHI JAL BOARD LTD MUM,528.87,POS,Utilities & Bills
2026-01-26,POS 757893 INDIAN OIL PETROL BLR,2609.37,POS,Transport
2025-12-22,UPI-ACTFIBERNET-742378@ibl,1279.11,UPI,Utilities & Bills
2026-01-21,UPI-PLAYSTATION STORE-197616@ybl,3632.8,UPI,Entertainment
2026-04-29,IMPS-847270-INDRAPRASTHA GAS INDIA,400.26,IMPS,Utilities & Bills
2025-09-17,UPI-PIZZA HUT-436230@oksbi,306.75,UPI,Dining
2026-06-27,UPI-MAX HOSPIT-982524@oksbi,675.23,UPI,Health & Fitness
2025-10-23,NEFT-NETFLIX LTD-N578325,596.47,NEFT,Subscriptions
2026-04-22,UPI-SWIGGY INDIA-894834@oksbi,263.29,UPI,Dining
2025-10-11,NEFT-ZEPTO LTD-N310579,579.69,NEFT,Groceries
2026-03-05,UPI-LEETCODEPREMIUM-608445@upi,7593.96,UPI,Shopping
2025-11-24,UPI-BLUSMART LTD-618562@oksbi,257.66,UPI,Transport
2026-02-16,UPI-KFC LTD-80581@oksbi,231.57,UPI,Dining
2025-12-22,NEFT-WATERBILL INDIA-N938705,381.34,NEFT,Utilities & Bills
2025-07-26,POS 528028 BSES RAJDHANI POWER NOIDA,1497.3,POS,Utilities & Bills
2025-08-18,UPI-DOMINOSPIZZA-840703@ybl,348.14,UPI,Dining
2025-11-04,IMPS-720764-NEFT INWARD REMITTANCE,1020.27,IMPS,Income
2025-08-16,UPI-UBER INDIA INDIA-129083@apl,121.8,UPI,Transport
2025-08-06,UPI-APOLLO PHARMACY-933152@paytm,384.44,UPI,Health & Fitness
2026-02-11,UPI-INDRAPRASTHA GAS LTD-662446@okaxis,983.73,UPI,Utilities & Bills
2025-10-27,POS 582406 MORE SUPERMARKET GZB,299.24,POS,Groceries
2026-04-21,UPI-SPENCERSRETAIL-550113@ybl,226.75,UPI,Groceries
2025-09-03,UPI-SWIGGY INSTAMART-669363@okaxis,600.13,UPI,Groceries
2025-08-23,UPI-INOXLEISURE-689091@paytm,334.69,UPI,Entertainment
2025-07-08,POS 694980 DELHI METRO RAIL LTD GZB,30.39,POS,Transport
2026-05-05,IMPS-39117-NOBROKER RENT PAY,20620.01,IMPS,Rent
2026-04-04,UPI-ZEPTO INDIA-492006@oksbi,681.52,UPI,Groceries
2025-09-23,UPI-FAASOS-606278@okaxis,385.09,UPI,Dining
2025-07-06,UPI-RENTTRANSFERLANDLORD-858846@oksbi,16052.49,UPI,Rent
2026-06-24,UPI-TATA POWER DDL-554697@paytm,1412.26,UPI,Utilities & Bills
2026-04-18,POS 915984 DECATHLON NOIDA,2740.7,POS,Shopping
2025-09-24,UPI-MORE SUPERMARKET INDIA-129354@okaxis,1332.62,UPI,Groceries
2025-10-22,UPI-DELHIJALBOARD-82452@apl,332.49,UPI,Utilities & Bills
2026-02-15,UPI-UDEMY ONLINE  INDIA-75947@ibl,448.51,UPI,Shopping
2026-05-07,UPI-XBOXSTORE-918055@ybl,512.21,UPI,Entertainment
2026-02-10,UPI-CAFECOFFEEDAY PVT LTD-528938@ibl,269.83,UPI,Dining
2025-07-07,UPI-SWIGGYINSTAMART INDIA-556603@oksbi,162.88,UPI,Groceries
2026-05-04,UPI-RENT TRANSFER LANDLORD LTD-397367@okaxis,12333.86,UPI,Rent
2026-01-03,NEFT-ASPECT RATIO SALARY INDIA-N500777,85950.09,NEFT,Income
2025-12-06,POS 374711 BOOKMYSHOW INDIA BLR,364.24,POS,Entertainment
2026-03-23,POS 756290 INOX LEI LTD NOIDA,685.76,POS,Entertainment
2026-06-28,IMPS-384045-IMPSTRANSFER,27027.37,IMPS,Transfers & Payments
2025-12-09,POS 937540 PHARMEASY INDIA BLR,986.88,POS,Health & Fitness
2026-02-21,UPI-INDRAPRASTHA INDIA-39878@upi,549.18,UPI,Utilities & Bills
2026-03-30,POS 572050 AMAZONPRIME BLR,603.83,POS,Subscriptions
2025-10-23,POS 737674 BLINKIT PVT LTD DEL,128.35,POS,Groceries
2026-05-17,UPI-INTERVIEWBIT PVT LTD-396126@ybl,2894.21,UPI,Shopping
2025-11-03,ACH-CRED RENT PAYMENT PVT LTD-146129,11555.66,ACH,Rent
2025-12-10,UPI-UBER INDIA PVT LTD-758561@oksbi,385.76,UPI,Transport
2026-04-01,UPI-HDFC CREDIT  LTD-283427@upi,15014.19,UPI,Transfers & Payments
2026-01-01,NEFT-IMPS INWARD P2P INDIA-N811442,745.35,NEFT,Income
2026-01-10,NEFT-NEFT TRANSFER INDIA-N772580,4085.51,NEFT,Transfers & Payments
2025-10-19,IMPS-220275-DECATHLON,2608.61,IMPS,Shopping
2026-02-13,UPI-DELHI METRO RAIL LTD-434280@ibl,21.2,UPI,Transport
2026-05-09,NEFT-SBIPERSONALLOANEMI-N998638,5786.9,NEFT,Transfers & Payments
2026-06-25,NEFT-TATA1MG-N791278,806.23,NEFT,Health & Fitness
2025-12-02,ACH-NOBROKER RENT PAY PVT LTD-910683,20726.57,ACH,Rent
2025-12-03,IMPS-643689-INTERESTCREDITSBAC,151.22,IMPS,Income
2025-10-31,POS 54651 DELHIJALBOARD BLR,272.31,POS,Utilities & Bills
2025-09-20,NEFT-BIGBASK INDIA-N201051,623.7,NEFT,Groceries
2026-02-14,UPI-FASTAG RECHARGE-998429@oksbi,303.85,UPI,Transport
2026-02-09,UPI-PIZZA HUT-205156@ybl,664.54,UPI,Dining
2025-09-27,UPI-APOLLO PHARMACY INDIA-952292@ibl,237.8,UPI,Health & Fitness
2026-01-14,UPI-BIGBASKET-865032@apl,2268.04,UPI,Groceries
2026-01-02,UPI-SWIGGY I-628032@apl,595.08,UPI,Groceries
2026-06-06,NEFT-NATURESBASKET LTD-N82824,567.43,NEFT,Groceries
2025-07-22,UPI-JIOMART LTD-781371@oksbi,1891.12,UPI,Groceries
2025-10-15,UPI-PIZZA HUT INDIA-327732@ibl,301.45,UPI,Dining
2025-11-05,IMPS-455145-NOBROKERRENTPAY,23025.45,IMPS,Rent
2026-06-14,POS 65029 BIGBASKET DEL,716.45,POS,Groceries
2025-09-12,UPI-MORE SUPERM PVT LTD-321892@paytm,309.41,UPI,Groceries
2026-05-12,UPI-FAASOS INDIA-160659@ybl,384.38,UPI,Dining
2026-03-19,UPI-OLACABS INDIA-84675@paytm,141.5,UPI,Transport
2026-06-03,POS 909386 PAYTM UPI LTD NOIDA,15898.59,POS,Transfers & Payments
2025-08-23,UPI-SPENCERS RE LTD-536940@apl,722.88,UPI,Groceries
2025-09-07,UPI-BURGER KING PVT LTD-77117@paytm,219.36,UPI,Dining
2025-12-11,UPI-YOUTUBE PREMIUM LTD-890580@apl,130.31,UPI,Subscriptions
2025-09-29,UPI-HALDIRAM PVT LTD-161302@ybl,339.75,UPI,Dining
2025-11-08,UPI-INDRAPRASTHA GAS-484304@paytm,1104.45,UPI,Utilities & Bills
2025-09-26,POS 26142 NETFLIX PVT LTD BLR,225.77,POS,Subscriptions
2025-07-16,UPI-HOTSTAR INDIA-467098@paytm,375.56,UPI,Subscriptions
2025-09-01,POS 478187 IRCTC PVT LTD GZB,1571.91,POS,Transport
2026-04-09,UPI-OLA CABS PVT LTD-791356@apl,220.8,UPI,Transport
2026-06-09,UPI-PIZZA HUT-374857@apl,556.3,UPI,Dining
2026-06-14,POS 886777 EATCLUB NOIDA,416.71,POS,Dining
2025-09-19,IMPS-351396-AIRTEL PAYME LTD,940.31,IMPS,Utilities & Bills
2025-10-06,IMPS-67432-RENTTRANSFERLANDLORD,11073.55,IMPS,Rent
2026-06-18,UPI-BSES RAJDHANI POWER PVT LTD-49053@upi,2498.61,UPI,Utilities & Bills
2025-10-31,POS 296399 LEETCODE PREMIUM MUM,2523.46,POS,Shopping
2026-05-04,IMPS-626081-NEFTINWARDREMITTANCE LTD,7480.77,IMPS,Income
2026-03-26,POS 28578 JIOMART LTD GZB,587.01,POS,Groceries
2026-01-27,UPI-BLINKIT LTD-620480@upi,101.97,UPI,Groceries
2025-07-30,UPI-UBER INDIA PVT LTD-983886@upi,189.74,UPI,Transport
2025-07-15,UPI-AJIO-585155@ybl,2974.48,UPI,Shopping
2026-05-11,UPI-DECATHLON PVT LTD-303975@okaxis,1496.25,UPI,Shopping
2025-08-06,UPI-PLAYSTATION S PVT LTD-896599@upi,500.34,UPI,Entertainment
2026-03-28,UPI-DMART-722216@okaxis,2594.69,UPI,Groceries
2026-03-07,POS 309041 INDRAPRASTHA GAS INDIA MUM,794.52,POS,Utilities & Bills
2025-10-21,UPI-UBERINDIA-805768@okaxis,384.31,UPI,Transport
2025-07-04,UPI-DR LAL PATHLABS-2648@ybl,895.06,UPI,Health & Fitness
2025-12-30,UPI-DELHI JAL BOARD LTD-829917@ibl,476.12,UPI,Utilities & Bills
2025-10-19,UPI-TATA POWER DDL PVT LTD-123648@oksbi,501.16,UPI,Utilities & Bills
2026-02-11,UPI-BLUSMART INDIA-440076@ibl,187.76,UPI,Transport
2025-08-20,UPI-JIO RECHA INDIA-549656@paytm,328.81,UPI,Utilities & Bills
2025-11-05,UPI-FAASOS INDIA-405198@okaxis,128.11,UPI,Dining
2026-05-02,ACH-CREDRENTPAYMENT-800930,29132.73,ACH,Rent
2026-06-23,UPI-RELIANCE FRESH INDIA-44795@ibl,755.12,UPI,Groceries
2026-04-13,UPI-SBI PERSONAL LOAN EMI LTD-305380@upi,12483.57,UPI,Transfers & Payments
2026-05-05,UPI-KFC INDIA-346026@okaxis,464.64,UPI,Dining
2025-07-19,POS 646879 NATURESBASKET DEL,863.87,POS,Groceries
2026-01-03,UPI-MYNTRA INDIA-902972@okaxis,1590.1,UPI,Shopping
2025-08-18,UPI-SBI PERSONAL LOAN EMI-696545@ybl,10980.16,UPI,Transfers & Payments
2026-01-22,UPI-RELIANCE FRE-102262@paytm,550.02,UPI,Groceries
2026-06-27,POS 451168 INOX LEISURE PVT LTD GZB,667.64,POS,Entertainment
2025-09-07,IMPS-693307-ASPECTRATIOSALARY,75153.44,IMPS,Income
2026-06-12,POS 617765 SCALER ACADEMY DEL,8748.2,POS,Shopping
2025-11-04,UPI-DECATHLON-125481@paytm,812.9,UPI,Shopping
2026-02-01,IMPS-344609-NOBROKER RENT PAY INDIA,23096.64,IMPS,Rent
2026-04-10,POS 881873 PLAYSTATION STORE DEL,596.73,POS,Entertainment
2025-09-23,NEFT-COURSERA-N68089,3170.08,NEFT,Shopping
2026-06-22,UPI-HPPETROLPUMP-817197@okaxis,2416.99,UPI,Transport
2025-11-20,UPI-BIGBASKET INDIA-214072@paytm,989.03,UPI,Groceries
2025-07-12,IMPS-788874-REDBUS INDIA,942.08,IMPS,Transport
2025-08-18,POS 3376 JIOMART PVT LTD DEL,305.94,POS,Groceries
2026-01-06,POS 812834 BOOKMY LTD DEL,203.37,POS,Entertainment
2026-05-07,UPI-FLIPKAR-777558@ybl,349.47,UPI,Shopping
2025-12-04,POS 779715 INDRAPRASTHAGAS LTD MUM,473.57,POS,Utilities & Bills
2026-05-03,UPI-TATAPLAYDTH PVT LTD-121489@apl,663.55,UPI,Utilities & Bills
2025-10-07,ACH-IMPS INWARD PVT LTD-467989,5600.96,ACH,Income
2026-06-25,POS 700216 INDIAN OIL PETROL LTD NOIDA,2569.28,POS,Transport
2026-04-06,NEFT-INTEREST CREDIT SB AC PVT LTD-N680015,1068.47,NEFT,Income
2026-03-11,POS 750433 BARBEQUE NA LTD NOIDA,800.01,POS,Dining
2025-10-23,UPI-SONY LIV PVT LTD-65243@ybl,384.85,UPI,Subscriptions
2025-08-31,UPI-HDFCHOMELOANEMI-429876@upi,18149.73,UPI,Transfers & Payments
2025-07-01,UPI-COURSE INDIA-604616@upi,3620.6,UPI,Shopping
2025-12-14,UPI-SCALERACADEMY PVT LTD-188116@upi,10256.0,UPI,Shopping
2026-06-18,NEFT-WATERBILL-N575365,437.44,NEFT,Utilities & Bills
2025-09-08,UPI-INTERVIEWBIT LTD-890387@oksbi,1004.8,UPI,Shopping
2025-08-06,UPI-INOXLEISURE LTD-603463@paytm,391.34,UPI,Entertainment
2026-03-05,UPI-REDBUS INDIA-57810@apl,511.93,UPI,Transport
2026-05-31,UPI-PRACTO LTD-458008@ibl,300.23,UPI,Health & Fitness
2026-06-25,UPI-BOOKMYSHOW LTD-412955@paytm,273.36,UPI,Entertainment
2026-02-27,POS 163245 EATCLUB LTD DEL,382.79,POS,Dining
2026-01-24,UPI-STEAM PURCHASE PVT LTD-688849@paytm,584.0,UPI,Entertainment
2026-05-18,UPI-PVR CINEMAS-726201@apl,452.68,UPI,Entertainment
2026-06-25,UPI-BSESRAJDHANIPOWER-782623@oksbi,3420.61,UPI,Utilities & Bills
2025-08-04,UPI-AMZN*AMAZONPAYINDIA-34577@okaxis,1185.37,UPI,Shopping
2026-02-13,UPI-BIGBASKET-404543@okaxis,667.49,UPI,Groceries
2025-08-03,IMPS-12675-RENTTRANSFERLANDLORD INDIA,29717.14,IMPS,Rent
2025-07-05,IMPS-654152-BLUSMART LTD,552.94,IMPS,Transport
2025-11-14,UPI-BARBEQUENATION LTD-810962@ybl,1059.84,UPI,Dining
2026-06-23,POS 979088 YOUTUBE PREM LTD MUM,147.9,POS,Subscriptions
2026-02-06,UPI-ACTFIBERNET INDIA-680642@ybl,789.63,UPI,Utilities & Bills
2026-04-27,UPI-BLUSMART INDIA-729537@okaxis,152.57,UPI,Transport
2025-11-06,POS 71167 TATA PLAY DTH LTD BLR,403.21,POS,Utilities & Bills
2025-12-19,POS 655743 DMART NOIDA,947.56,POS,Groceries
2026-01-30,NEFT-MCDONALDS INDIA-N291698,360.07,NEFT,Dining
2026-02-06,NEFT-DOMINOS PIZZA LTD-N159511,613.0,NEFT,Dining
2026-02-16,POS 100384 FAASOS DEL,123.79,POS,Dining
2026-02-12,UPI-AIRTELPAYMENTS-562244@okaxis,150.61,UPI,Utilities & Bills
2025-11-04,UPI-CRED RENT PAYMENT PVT LTD-581704@upi,21683.37,UPI,Rent
2025-09-04,NEFT-CRED RENT PAY-N262870,10001.37,NEFT,Rent
2026-04-04,UPI-ZOMATO-916011@paytm,204.79,UPI,Dining
2025-08-31,UPI-YOUTUBEPREMIUM LTD-228153@okaxis,159.45,UPI,Subscriptions
2025-08-27,UPI-ZOMATO-356575@oksbi,870.53,UPI,Dining
2026-03-23,IMPS-850722-INOX LEISURE INDIA,878.9,IMPS,Entertainment
2025-10-29,IMPS-431893-VODAFONE IDEA,567.47,IMPS,Utilities & Bills
2025-09-09,UPI-ACT FIBERNET-169572@okaxis,1356.26,UPI,Utilities & Bills
2025-09-12,POS 594475 PAYTM  PVT LTD GZB,14953.55,POS,Transfers & Payments
2025-11-14,UPI-RAPIDO BIKE-822476@apl,51.11,UPI,Transport
2025-08-07,ACH-INTERESTCREDITSBAC-904851,736.35,ACH,Income
2025-11-10,UPI-MCDONALDS PVT LTD-438521@upi,206.38,UPI,Dining
2026-01-17,POS 663404 BOOKMYSHOW DEL,257.92,POS,Entertainment
2025-07-30,UPI-SPENCERSRETAIL-598488@upi,938.68,UPI,Groceries
2025-12-28,UPI-BLINKIT INDIA-152171@upi,549.15,UPI,Groceries
2025-09-05,UPI-INDRAPRASTHA GAS LTD-25082@oksbi,1491.6,UPI,Utilities & Bills
2026-01-14,NEFT-NEFTTRANSFER LTD-N434293,1477.7,NEFT,Transfers & Payments
2026-01-02,UPI-SPENCERS RE-417138@paytm,530.2,UPI,Groceries
2025-10-11,POS 928478 HALDIRAM PVT LTD DEL,207.36,POS,Dining
2026-06-11,POS 557165 DELHI METRO RAIL MUM,61.44,POS,Transport
2025-07-08,UPI-BAJAJ FINSER PVT LTD-400392@ibl,2230.84,UPI,Transfers & Payments
2025-09-11,UPI-FASTAG RECHARGE INDIA-722776@ybl,215.42,UPI,Transport
2025-09-28,UPI-RELIANCE  PVT LTD-129729@ibl,2652.76,UPI,Shopping
2025-12-24,POS 876589 XBOX STORE INDIA GZB,2860.24,POS,Entertainment
2025-09-07,UPI-APOLLO PHARMACY-93201@apl,389.01,UPI,Health & Fitness
2026-04-15,UPI-ZOMATO-141005@upi,236.56,UPI,Dining
2025-10-23,UPI-INOX LEISURE LTD-292056@paytm,1189.2,UPI,Entertainment
2026-05-01,ACH-NOBROKERRENTPAY LTD-196327,28041.66,ACH,Rent
2026-02-06,POS 492425 BOOKMYSHOW INDIA GZB,727.75,POS,Entertainment
2026-03-06,ACH-IMPSINWARDP2P INDIA-678274,4327.62,ACH,Income
2025-08-10,NEFT-XBOX STORE-N310618,500.01,NEFT,Entertainment
2026-02-25,UPI-DMART LTD-414433@paytm,2069.57,UPI,Groceries
2026-03-01,UPI-SONY LIV PVT LTD-676650@ybl,323.84,UPI,Subscriptions
2025-12-14,UPI-PHONEPEUPI LTD-987894@ibl,434.61,UPI,Transfers & Payments
2026-03-10,POS 479138 RELIANCE FRE LTD NOIDA,282.72,POS,Groceries
2025-08-24,UPI-UDEMY ONLINE COURSE-552068@okaxis,490.63,UPI,Shopping
2026-02-07,UPI-KFC LTD-746511@oksbi,217.97,UPI,Dining
2026-03-31,POS 185912 MORE SUPERMARK PVT LTD DEL,947.17,POS,Groceries
2026-06-18,UPI-DR LAL PATHLABS-810351@ibl,558.09,UPI,Health & Fitness
2026-02-14,UPI-AMAZON PRIME-924229@oksbi,697.45,UPI,Subscriptions
2025-09-29,POS 677555 SBI PERSO LTD DEL,5225.64,POS,Transfers & Payments
2025-08-11,UPI-GPAY UPI INDIA-621812@okaxis,3469.87,UPI,Transfers & Payments
2025-08-04,UPI-CRED PAYME-826644@oksbi,1866.8,UPI,Transfers & Payments
2026-04-20,POS 819170 MYNTRA PVT LTD MUM,3844.34,POS,Shopping
2026-04-13,UPI-AIRTELPAYMENTS INDIA-182316@ybl,920.74,UPI,Utilities & Bills
2025-11-21,UPI-UBER IN INDIA-599681@oksbi,87.96,UPI,Transport
2026-04-25,NEFT-YOUTUBEPREMIUM PVT LTD-N307246,164.19,NEFT,Subscriptions
2026-06-13,POS 581864 WATER  INDIA BLR,593.75,POS,Utilities & Bills
2026-05-27,UPI-APOLLOPHARMACY-103149@upi,191.41,UPI,Health & Fitness
2026-05-02,POS 336268 INTERVIEWBIT LTD DEL,1414.25,POS,Shopping
2026-04-25,UPI-BLUSMART-593510@upi,221.12,UPI,Transport
2025-07-08,POS 2640 BURGER KING MUM,309.35,POS,Dining
2025-11-17,NEFT-INDIANOILPETROL LTD-N508270,2339.59,NEFT,Transport
2026-06-05,ACH-INTEREST CREDIT SB AC INDIA-367551,1041.06,ACH,Income
2025-10-10,POS 121551 KFC PVT LTD NOIDA,207.72,POS,Dining
2026-05-31,UPI-UDEMYONLINECOURSE PVT LTD-216662@apl,2712.08,UPI,Shopping
2026-06-11,UPI-REDBUS INDIA-466858@ybl,487.98,UPI,Transport
2025-12-19,UPI-PVR CINEM PVT LTD-51424@ybl,698.74,UPI,Entertainment
2026-02-10,UPI-BURGER KING PVT LTD-2058@oksbi,483.03,UPI,Dining
2026-03-19,UPI-FAASOS INDIA-90484@upi,444.27,UPI,Dining
2026-01-18,POS 634599 TATAPLAYDTH INDIA NOIDA,646.55,POS,Utilities & Bills
2025-08-16,POS 806355 ZEPTO PVT LTD BLR,208.49,POS,Groceries
2025-07-26,POS 794948 RELIANCEDIGITAL PVT LTD BLR,6836.69,POS,Shopping
2025-09-12,UPI-IMPS TRANSFER PVT LTD-558862@oksbi,16119.36,UPI,Transfers & Payments
2025-12-06,NEFT-IMPSINWARDP2P-N797152,583.26,NEFT,Income
2026-06-18,UPI-CAFECOFFEEDAY-312987@apl,163.83,UPI,Dining
2025-08-06,POS 93450 REDBUS INDIA MUM,919.9,POS,Transport
2026-01-24,UPI-YOUTUBE PREMIUM LTD-113529@apl,148.71,UPI,Subscriptions
2026-06-23,UPI-NATURESBASKET LTD-609272@apl,1287.23,UPI,Groceries
2025-12-20,UPI-AIRTELPAYMENTS INDIA-229287@paytm,152.23,UPI,Utilities & Bills
2025-08-30,UPI-REDBUS-377127@upi,408.35,UPI,Transport
2026-06-30,UPI-NATURES BASKET-914409@okaxis,1497.45,UPI,Groceries
2026-05-31,UPI-MYNTRA LTD-917083@upi,2315.66,UPI,Shopping
2026-05-06,UPI-XBOX S INDIA-967696@upi,3252.69,UPI,Entertainment
2026-04-05,UPI-CULTFIT INDIA-492586@upi,509.36,UPI,Health & Fitness
2025-07-19,UPI-HP PETR-965620@ibl,868.99,UPI,Transport
2026-06-26,UPI-PHARMEA-53036@upi,171.87,UPI,Health & Fitness
2025-09-04,UPI-BLINKIT-205509@oksbi,698.35,UPI,Groceries
2026-02-08,UPI-DECATHLON-302074@paytm,1082.25,UPI,Shopping
2025-08-04,POS 67190 NYKAA PVT LTD GZB,574.44,POS,Shopping
2026-06-07,UPI-MYNTRA PVT LTD-353317@ibl,1696.15,UPI,Shopping
2025-09-05,UPI-BURGER KING PVT LTD-584398@oksbi,328.59,UPI,Dining
2025-07-07,ACH-NOBROKER RENT PAY LTD-574506,22113.5,ACH,Rent
2025-10-29,NEFT-PLAYSTATIONSTORE LTD-N570552,3051.78,NEFT,Entertainment
2025-10-08,UPI-TATAPLAYDTH-681440@oksbi,345.1,UPI,Utilities & Bills
2025-12-06,UPI-PAYTM UPI INDIA-280007@oksbi,1626.69,UPI,Transfers & Payments
2025-09-16,UPI-UBER INDIA LTD-108697@apl,80.04,UPI,Transport
2026-06-16,NEFT-NEFTTRANSFER-N52503,43803.13,NEFT,Transfers & Payments
2025-12-27,POS 570310 LEETCODE PREMIUM PVT LTD DEL,6943.22,POS,Shopping
2026-04-14,UPI-UBER INDIA-933867@upi,364.96,UPI,Transport
2025-11-11,POS 84235 BOOKSKHARIDOSTORE INDIA GZB,354.01,POS,Shopping
2026-01-09,IMPS-824977-DELHIJALBOARD INDIA,441.17,IMPS,Utilities & Bills
2025-10-21,UPI-BLUSMART INDIA-465189@okaxis,398.93,UPI,Transport
2026-03-03,UPI-RELIANCE DIGITAL LTD-164805@apl,30201.63,UPI,Shopping
2026-05-12,UPI-PVR CINEMAS PVT LTD-1543@ybl,343.0,UPI,Entertainment
2026-03-13,POS 53721 JIOMART PVT LTD MUM,1878.59,POS,Groceries
2026-05-21,UPI-KFC INDIA-137906@apl,286.82,UPI,Dining
2026-04-15,NEFT-AMAZON PRI-N283781,450.57,NEFT,Subscriptions
2026-01-26,UPI-TATAPLAYDTH-559506@apl,574.9,UPI,Utilities & Bills
2025-08-17,UPI-OLA CAB INDIA-756704@ybl,143.51,UPI,Transport
2026-03-28,UPI-FASTAG RECHAR PVT LTD-531542@upi,483.79,UPI,Transport
2026-02-17,POS 839639 APPLEMUSIC GZB,127.65,POS,Subscriptions
2026-05-04,IMPS-964451-PHONEPE UPI,3868.01,IMPS,Transfers & Payments
2025-12-04,ACH-NOBROKERRENTPAY INDIA-507852,11541.99,ACH,Rent
2025-10-22,UPI-DECATHL INDIA-388124@oksbi,4164.99,UPI,Shopping
2026-04-07,UPI-EATCLUB-492860@okaxis,198.78,UPI,Dining
2025-10-22,POS 854515 DELHIJALBOARD LTD GZB,200.98,POS,Utilities & Bills
2025-07-07,UPI-APOLLOPHARMACY PVT LTD-776357@paytm,368.77,UPI,Health & Fitness
2025-07-17,UPI-HPPETROLPUMP-71419@ibl,625.57,UPI,Transport
2025-09-03,UPI-RAPIDO BIKE INDIA-109159@ybl,45.68,UPI,Transport
2026-01-25,POS 390922 SWIGGYINSTAMART LTD BLR,957.18,POS,Groceries
2026-04-26,UPI-INDIAN OIL PETROL-599025@oksbi,2987.68,UPI,Transport
2025-08-31,POS 551866 DOMINOS PIZZA NOIDA,422.57,POS,Dining
2026-03-16,UPI-CULTFIT-154406@apl,1730.47,UPI,Health & Fitness
2026-02-03,UPI-CROMARETAIL-978238@oksbi,9097.29,UPI,Shopping
2026-02-09,POS 29547 DELHI JAL BOARD INDIA GZB,349.71,POS,Utilities & Bills
2025-12-14,UPI-TATA PLAY DTH-830385@apl,301.53,UPI,Utilities & Bills
2026-06-04,IMPS-630776-HOTSTAR LTD,490.74,IMPS,Subscriptions
2025-07-09,POS 243559 HDFC HOME LOAN EMI BLR,24514.72,POS,Transfers & Payments
2026-03-22,UPI-HALDIRAM PVT LTD-405552@ybl,100.1,UPI,Dining
2025-12-27,UPI-APPLE -482100@oksbi,109.21,UPI,Subscriptions
2026-05-23,UPI-TATAPLAYDTH-752491@ibl,609.31,UPI,Utilities & Bills
2026-03-06,NEFT-NOBROK INDIA-N346328,20134.32,NEFT,Rent
2026-01-03,POS 356185 PRACTO INDIA GZB,496.35,POS,Health & Fitness
2026-05-14,UPI-WOW MOMO-807799@oksbi,237.18,UPI,Dining
2025-10-06,UPI-GPAY UPI INDIA-636447@oksbi,4101.76,UPI,Transfers & Payments
2025-12-10,UPI-DOMINOSPIZZA LTD-580643@oksbi,585.81,UPI,Dining
2026-03-03,IMPS-921042-RENTTRANSFERLANDLORD,23259.15,IMPS,Rent
2026-04-20,UPI-PHARMEASY-234512@oksbi,164.44,UPI,Health & Fitness
2026-04-16,POS 391048 MORESUPERMARKET GZB,260.51,POS,Groceries
2026-03-14,POS 817173 MEESHO INDIA GZB,1055.93,POS,Shopping
2026-01-19,UPI-DECATHL-980692@oksbi,1514.47,UPI,Shopping
2026-02-15,UPI-BLUSMART PVT LTD-305727@paytm,445.89,UPI,Transport
2026-06-03,UPI-INDIANOILPETROL-308929@paytm,579.96,UPI,Transport
2026-05-11,UPI-XBOX STORE-68834@paytm,1881.15,UPI,Entertainment
2026-02-02,ACH-INTERESTCREDITSBAC INDIA-529325,261.96,ACH,Income
2025-07-24,UPI-INDIAN O PVT LTD-987919@paytm,500.67,UPI,Transport
2026-02-25,UPI-RELIANCE FRESH PVT LTD-609020@ybl,217.78,UPI,Groceries
2026-02-05,POS 91167 HP PETROL PUMP MUM,1508.74,POS,Transport
2026-05-28,UPI-SONYLIV PVT LTD-462845@upi,598.77,UPI,Subscriptions
2025-12-07,POS 36564 ZOMATO PVT LTD GZB,388.91,POS,Dining
2026-04-19,UPI-CAFE COFFEE DAY-972875@upi,144.34,UPI,Dining
2025-12-18,UPI-TATA POW-992359@paytm,3464.42,UPI,Utilities & Bills
2025-10-20,UPI-MORE SUPERMAR LTD-914129@ybl,320.46,UPI,Groceries
2025-08-19,NEFT-HP PETROL  LTD-N248162,805.34,NEFT,Transport
2026-06-07,POS 679327 DRLALPATHLABS PVT LTD GZB,1434.14,POS,Health & Fitness
2026-06-09,POS 766073 STEAM PURCHASE DEL,482.31,POS,Entertainment
2026-06-25,UPI-JIOMART-910933@apl,802.6,UPI,Groceries
2025-12-09,UPI-STEAMPURCHASE-721817@ibl,682.69,UPI,Entertainment
2026-03-15,UPI-BOOKMYSHOW LTD-78087@oksbi,1084.03,UPI,Entertainment
2026-01-20,IMPS-956284-NEFT TRANSFER,16418.61,IMPS,Transfers & Payments
2026-05-17,UPI-SWIGGY INSTA-114856@upi,184.26,UPI,Groceries
2025-11-07,UPI-ZOMATO INDIA-404759@ybl,226.6,UPI,Dining
2025-10-21,POS 422983 ZEPTO INDIA GZB,300.46,POS,Groceries
2026-04-26,POS 831241 RAPIDOBIKE INDIA GZB,181.92,POS,Transport
2025-07-31,UPI-COURSERA-647861@apl,2611.16,UPI,Shopping
2025-08-15,POS 99616 RELIANCE DIGITAL INDIA NOIDA,1052.88,POS,Shopping
2025-08-12,NEFT-MORESUPERMARKET PVT LTD-N470549,209.97,NEFT,Groceries
2025-11-12,POS 195358 FLIPKART PVT LTD NOIDA,527.57,POS,Shopping
2025-09-12,POS 775415 NEFT TRANSFER INDIA GZB,5002.58,POS,Transfers & Payments
2026-06-10,UPI-PHONEPE UPI-876795@ybl,17386.61,UPI,Transfers & Payments
2026-05-01,UPI-PRACTO LTD-22934@ibl,317.93,UPI,Health & Fitness
2026-05-01,UPI-BSESRAJDHANIPOWER PVT LTD-772691@ybl,841.71,UPI,Utilities & Bills
2025-07-02,POS 295983 NATURES BASKET INDIA DEL,464.42,POS,Groceries
2025-09-26,UPI-DMART LTD-370417@ybl,699.4,UPI,Groceries
2026-04-12,UPI-BLUSMART INDIA-755840@ybl,460.84,UPI,Transport
2026-06-18,NEFT-DMART-N884389,500.2,NEFT,Groceries
2026-05-18,NEFT-HOTSTAR LTD-N909351,576.91,NEFT,Subscriptions
2026-03-15,NEFT-BARBEQUE NATION-N949686,965.01,NEFT,Dining
2026-02-02,NEFT-RENT TRA INDIA-N198286,10844.79,NEFT,Rent
2026-05-13,UPI-FAASOS-982779@paytm,297.45,UPI,Dining
2026-02-17,UPI-MORESUPERMARKET LTD-922071@oksbi,220.43,UPI,Groceries
2026-02-08,UPI-INTERVIEWBIT PVT LTD-956798@ibl,3518.52,UPI,Shopping
2026-01-05,UPI-CRED RENT PAYMENT INDIA-790119@okaxis,16811.08,UPI,Rent
2026-05-07,UPI-EATCLUB-212030@oksbi,233.69,UPI,Dining
2026-01-23,UPI-SONY LI-920237@paytm,878.45,UPI,Subscriptions
2026-02-10,UPI-REDBUS LTD-801332@ybl,401.41,UPI,Transport
2026-06-30,NEFT-SWIGGY-N508157,278.08,NEFT,Dining
2025-10-15,UPI-MCDONALDS-233373@ybl,167.95,UPI,Dining
2025-08-19,IMPS-423381-AMAZON INDIA,392.78,IMPS,Subscriptions
2025-09-08,UPI-TATA 1-233869@ibl,527.08,UPI,Health & Fitness
2026-01-04,UPI-PLAYSTATION STORE-116708@okaxis,766.68,UPI,Entertainment
2026-03-05,ACH-NEFT INWARD REMITTANCE PVT LTD-509231,2150.46,ACH,Income
2025-08-13,UPI-CULTFIT INDIA-813541@oksbi,500.38,UPI,Health & Fitness
2026-01-11,UPI-DECATHLON PVT LTD-417471@paytm,4566.16,UPI,Shopping
2025-12-07,POS 580018 DECATHLON INDIA GZB,578.2,POS,Shopping
2026-04-08,UPI-GPAY UPI LTD-912029@oksbi,18503.58,UPI,Transfers & Payments
2025-12-20,POS 132462 PIZZAHUT INDIA DEL,302.18,POS,Dining
2026-03-03,UPI-BLINKIT-521533@upi,100.28,UPI,Groceries
2025-08-02,POS 501814 EATCLUB MUM,161.84,POS,Dining
2026-01-08,UPI-NEFTTRANSFER-225839@oksbi,15949.16,UPI,Transfers & Payments
2026-06-10,NEFT-PRACTO-N306041,300.88,NEFT,Health & Fitness
2025-07-28,IMPS-969391-CRED PAYM,2822.28,IMPS,Transfers & Payments
2025-07-06,UPI-SWIGGY INSTAMART LTD-28437@paytm,272.3,UPI,Groceries
2025-07-21,UPI-CULT F PVT LTD-517358@okaxis,1159.63,UPI,Health & Fitness
2026-03-31,UPI-INDIAN OIL PETROL-181128@paytm,633.44,UPI,Transport
2025-09-28,POS 182320 AJIO LTD BLR,1424.57,POS,Shopping
2025-12-15,IMPS-312128-SPOTIFYINDIA,147.1,IMPS,Subscriptions
2026-03-07,UPI-RENT TRANSFER LANDLORD PVT LTD-247126@upi,10145.58,UPI,Rent
2025-11-15,UPI-TATA P-499652@apl,1885.51,UPI,Utilities & Bills
2026-02-02,UPI-RENTTRANSFERLANDLORD-877438@ibl,11173.04,UPI,Rent
2026-05-01,UPI-NOBROKERRENTPAY PVT LTD-571587@ybl,15824.71,UPI,Rent
2026-03-13,POS 648047 UBER INDIA GZB,81.23,POS,Transport
2025-08-18,POS 833149 NATURES BASKET BLR,1297.18,POS,Groceries
2025-10-07,UPI-NEFTTRANSFER-846346@apl,7881.79,UPI,Transfers & Payments
2025-08-29,UPI-INTERVIEWBIT PVT LTD-426413@paytm,1032.86,UPI,Shopping
2025-10-15,IMPS-891458-SPOTIFYINDIA,189.08,IMPS,Subscriptions
2026-01-13,POS 218125 DOMINOSPIZZA DEL,788.72,POS,Dining
2026-01-21,POS 243328 PVR CINEMAS LTD DEL,429.37,POS,Entertainment
2025-10-06,IMPS-499449-JIOMART,312.49,IMPS,Groceries
2025-11-06,UPI-SNITCH-634049@upi,1311.13,UPI,Shopping
2026-06-29,UPI-HPPETROLPUMP PVT LTD-434134@apl,986.15,UPI,Transport
2026-01-30,UPI-CULTFIT PVT LTD-628154@okaxis,518.93,UPI,Health & Fitness
2025-11-13,UPI-MAXHOSPITAL-158362@upi,827.67,UPI,Health & Fitness
2026-01-09,POS 417129 NEFT T NOIDA,6224.58,POS,Transfers & Payments
2025-09-24,UPI-DECATHLON PVT LTD-927543@oksbi,1372.39,UPI,Shopping
2026-01-05,UPI-DMART PVT LTD-201952@ybl,541.28,UPI,Groceries
2026-06-12,POS 413892 BOOKS KHARIDO STORE LTD DEL,419.76,POS,Shopping
2026-04-10,UPI-AJIO-501538@paytm,712.0,UPI,Shopping
2025-09-22,UPI-BAJAJ FINSERV EMI-165850@okaxis,4954.46,UPI,Transfers & Payments
2026-01-30,POS 466220 COURSE LTD DEL,4556.28,POS,Shopping
2025-07-01,UPI-MEESHO INDIA-627116@okaxis,251.08,UPI,Shopping
2026-03-01,UPI-HDFC HOME LOAN EMI-202385@okaxis,15001.11,UPI,Transfers & Payments
2026-03-10,UPI-PIZZA  INDIA-31332@oksbi,306.52,UPI,Dining
2026-06-10,UPI-NFLX*NETFLIX LTD-559112@ybl,529.57,UPI,Subscriptions
2026-05-29,UPI-YOUTUBEPREMIUM LTD-32051@ybl,184.85,UPI,Subscriptions
2026-02-02,UPI-LEETCODEPREMIUM-67743@ibl,2542.77,UPI,Shopping
2025-09-05,UPI-CULTFIT-745077@apl,978.93,UPI,Health & Fitness
2025-08-08,POS 216771 TATA1MG PVT LTD MUM,934.49,POS,Health & Fitness
2025-11-07,POS 333507 BLINKIT INDIA MUM,490.71,POS,Groceries
2026-03-28,UPI-HDFCCREDITCARDAUTOPAY LTD-999592@apl,3085.79,UPI,Transfers & Payments
2025-08-07,UPI-SNITCH INDIA-966282@ibl,636.99,UPI,Shopping
2026-05-02,POS 659415 WOW MOMO MUM,194.06,POS,Dining
2025-09-14,UPI-MORESUPERMARKET INDIA-301547@oksbi,285.94,UPI,Groceries
2026-02-07,UPI-BIGBASKET PVT LTD-609685@apl,607.68,UPI,Groceries
2025-11-25,UPI-UDEMYONLINECOURSE LTD-499917@upi,428.24,UPI,Shopping
2025-11-01,UPI-DMART-993455@oksbi,1238.0,UPI,Groceries
2026-04-04,IMPS-475867-RENT TRANSFER LANDLORD PVT LTD,21180.86,IMPS,Rent
2026-03-27,POS 288613 WOWMOMO DEL,220.93,POS,Dining
2026-03-08,UPI-DELHIMETRORAIL INDIA-253124@ybl,29.3,UPI,Transport
2026-02-07,UPI-SPENCERS RETAIL INDIA-37100@paytm,774.64,UPI,Groceries
2026-01-02,UPI-COURSERA-699100@apl,4125.54,UPI,Shopping
2025-07-03,UPI-UDEMY ONLINE COURSE LTD-497782@paytm,417.74,UPI,Shopping
2026-01-20,UPI-PLAYSTATION STORE INDIA-282716@upi,501.12,UPI,Entertainment
2025-12-15,UPI-SPOTIFY INDIA PVT LTD-35088@ibl,128.81,UPI,Subscriptions
2025-08-05,ACH-NEFTINWARDREMITTANCE LTD-410543,4013.01,ACH,Income
2026-05-07,POS 303010 MCDONALDS LTD DEL,231.67,POS,Dining
2025-11-15,UPI-NFLX*NETFLIX INDIA-187124@upi,306.15,UPI,Subscriptions
2026-03-30,UPI-YOUTUBE PREMIUM-413879@ibl,167.31,UPI,Subscriptions
2026-06-07,UPI-SWIGGY INDIA-983044@ibl,206.1,UPI,Dining
2025-09-21,UPI-WOWMOMO-195381@okaxis,138.06,UPI,Dining
2026-06-19,UPI-COURSERA LTD-545319@apl,2355.08,UPI,Shopping
2025-09-28,UPI-STEAM PURCHASE-274893@paytm,396.94,UPI,Entertainment
2026-03-11,POS 331876 NETMEDS LTD NOIDA,206.77,POS,Health & Fitness
2025-08-21,UPI-MEESHO PVT LTD-758522@ybl,150.15,UPI,Shopping
2025-10-31,UPI-SWIGGY INSTAMART PVT LTD-118370@okaxis,592.92,UPI,Groceries
2025-07-26,UPI-SNITCH PVT LTD-595096@ybl,1379.37,UPI,Shopping
2026-05-07,ACH-NOBROKER RENT PAY-382824,12576.1,ACH,Rent
2026-03-05,IMPS-235605-CRED RENT PAYMENT,13126.53,IMPS,Rent
2026-02-21,UPI-SPOTIFY INDIA INDIA-157198@ybl,140.68,UPI,Subscriptions
2025-08-06,IMPS-90199-SONYLIV LTD,339.1,IMPS,Subscriptions
2025-08-07,POS 54188 FAASOS LTD DEL,120.28,POS,Dining
2026-06-12,NEFT-BLUSMART PVT LTD-N425679,577.21,NEFT,Transport
2025-11-25,POS 179814 JIOMART BLR,333.05,POS,Groceries
2025-09-26,UPI-PVR CINEMAS-508611@apl,355.92,UPI,Entertainment
2026-02-28,POS 320193 XBOXSTORE BLR,1696.83,POS,Entertainment
2025-07-05,IMPS-921624-RENT TRANSFER LANDLORD,13865.08,IMPS,Rent
2025-09-02,UPI-TATAPLAYDTH-445859@apl,747.77,UPI,Utilities & Bills
2025-07-28,UPI-VODAFONE I-220299@oksbi,152.89,UPI,Utilities & Bills
2026-02-15,UPI-MCDONALDS PVT LTD-284070@upi,311.23,UPI,Dining
2025-10-10,UPI-BSES RAJDH INDIA-932027@upi,2762.17,UPI,Utilities & Bills
2025-10-15,UPI-AIRTEL PAY-280532@oksbi,173.29,UPI,Utilities & Bills
2025-07-04,UPI-NOBROKER RENT PAY-17268@okaxis,26699.58,UPI,Rent
2026-03-05,ACH-INTERESTCREDITSBAC LTD-962774,232.22,ACH,Income
2026-03-19,UPI-XBOXSTORE-851526@ybl,1615.91,UPI,Entertainment
2025-07-30,IMPS-765579-PLAYSTATION STORE LTD,3402.79,IMPS,Entertainment
2026-04-10,UPI-NATURES BASKET PVT LTD-541483@oksbi,1221.69,UPI,Groceries
2026-02-04,IMPS-337726-BLINKIT,803.71,IMPS,Groceries
2025-07-18,UPI-MAX HO INDIA-431928@oksbi,4906.55,UPI,Health & Fitness
2025-10-28,UPI-LEETCODEPREMIUM-828082@paytm,7922.56,UPI,Shopping
2026-04-29,IMPS-27803-BOOKMYSHOW LTD,660.19,IMPS,Entertainment
2025-11-08,POS 512354 AJIO LTD NOIDA,1602.31,POS,Shopping
2025-10-19,POS 29816 HDFC HOME LOAN E LTD NOIDA,15190.21,POS,Transfers & Payments
2025-07-08,POS 543491 VODAFONEIDEA PVT LTD BLR,150.73,POS,Utilities & Bills
2025-11-16,UPI-SWIGGY LTD-314056@oksbi,363.63,UPI,Dining
2025-12-12,UPI-SBIPERSONALLOANEMI INDIA-991930@okaxis,11963.54,UPI,Transfers & Payments
2025-10-21,UPI-WATERBILL INDIA-655596@upi,208.59,UPI,Utilities & Bills
2025-07-18,IMPS-576388-CAFE COFFEE DAY INDIA,298.15,IMPS,Dining
2025-12-08,POS 12716 HDFC HOME LOAN EMI PVT LTD GZB,15194.9,POS,Transfers & Payments
2025-11-12,UPI-ACTFIBERNET INDIA-343508@upi,859.63,UPI,Utilities & Bills
2026-02-14,POS 36249 NEFTTRANSFER LTD MUM,4320.05,POS,Transfers & Payments
2026-01-06,NEFT-GPAY UPI PVT LTD-N441220,4768.35,NEFT,Transfers & Payments
2025-09-28,UPI-HDFCHOMELOANEMI INDIA-678368@oksbi,27764.58,UPI,Transfers & Payments
2025-07-19,POS 76030 WATER BILL BLR,669.15,POS,Utilities & Bills
2025-07-03,UPI-RENT TRANSFER LANDLORD-55697@oksbi,17939.97,UPI,Rent
2025-11-17,POS 325355 SWIGGY PVT LTD GZB,171.67,POS,Dining
2025-11-28,UPI-HDFCHOMELOANEMI PVT LTD-748855@oksbi,16299.17,UPI,Transfers & Payments
2026-03-28,UPI-FASTAG RECHARGE PVT LTD-768344@ibl,724.53,UPI,Transport
2025-11-22,UPI-BLUSMART-610182@ibl,159.07,UPI,Transport
2026-02-13,UPI-MORE SU LTD-557106@paytm,830.97,UPI,Groceries
2026-03-17,UPI-AIRTELPAYMENTS-832122@apl,274.37,UPI,Utilities & Bills
2026-06-11,UPI-RELIANCEFRESH-346926@ibl,200.66,UPI,Groceries
2026-02-10,NEFT-RELIANCE FRESH-N814571,521.45,NEFT,Groceries
2026-03-04,POS 899374 BARBEQUE NATION INDIA NOIDA,2496.31,POS,Dining
2026-06-19,UPI-PHARMEASY LTD-815631@apl,182.98,UPI,Health & Fitness
2026-02-27,UPI-SPENCERSRETAIL PVT LTD-323216@oksbi,212.91,UPI,Groceries
2026-04-30,UPI-SNITCH-637421@apl,564.81,UPI,Shopping
2026-04-04,NEFT-NFLX*NETFLIX-N939194,467.64,NEFT,Subscriptions
2026-05-02,IMPS-805702-RENTTRANSFERLANDLORD PVT LTD,14863.23,IMPS,Rent
2026-04-23,UPI-XBOX STO PVT LTD-603611@paytm,2302.25,UPI,Entertainment
2026-04-21,IMPS-933257-DMART,500.06,IMPS,Groceries
2026-04-05,UPI-SONYLIV INDIA-247024@apl,534.51,UPI,Subscriptions
2026-03-15,UPI-HOTSTA INDIA-789470@ybl,573.66,UPI,Subscriptions
2026-01-31,POS 493853 APPLE MUSIC BLR,119.5,POS,Subscriptions
2025-09-14,UPI-MCDONALDS-105454@apl,280.26,UPI,Dining
2026-04-19,POS 846919 DOMINOS P INDIA NOIDA,352.9,POS,Dining
2026-06-20,POS 127344 STEAM PURCHASE GZB,397.19,POS,Entertainment
2025-09-03,POS 221824 REDBUS DEL,681.39,POS,Transport
2026-03-07,NEFT-NOBROKERRENTPAY INDIA-N335033,16616.22,NEFT,Rent
2026-02-09,POS 836194 HALDIRAM LTD GZB,270.1,POS,Dining
2025-07-06,IMPS-824233-NOBROKERRENTPAY PVT LTD,13966.43,IMPS,Rent
2025-12-29,UPI-BAJAJ FINSERV EMI INDIA-991526@paytm,2108.98,UPI,Transfers & Payments
2026-01-01,POS 269485 UBERINDIA PVT LTD GZB,113.44,POS,Transport
2026-05-15,UPI-AMAZON PRIME PVT LTD-481552@apl,424.79,UPI,Subscriptions
2025-11-14,UPI-IRCTC-283157@okaxis,549.31,UPI,Transport
2026-06-10,UPI-INDIAN OI PVT LTD-724358@okaxis,2859.82,UPI,Transport
2026-04-16,UPI-HALDIRAM LTD-819253@paytm,288.14,UPI,Dining
2026-03-28,UPI-BURGER KING LTD-498866@oksbi,280.78,UPI,Dining
2026-04-11,UPI-YOUTUBE PREMIUM PVT LTD-883372@apl,130.49,UPI,Subscriptions
2025-07-02,IMPS-567552-IMPS INWARD ,509.2,IMPS,Income
2026-06-14,UPI-AMAZON PRIME PVT LTD-568234@ybl,792.71,UPI,Subscriptions
2026-01-01,UPI-DRLALPATHLABS INDIA-633456@apl,812.06,UPI,Health & Fitness
2026-03-11,UPI-HALDIRAM INDIA-714831@ibl,126.22,UPI,Dining
2025-11-25,UPI-BLINKIT-615904@paytm,236.6,UPI,Groceries
2025-07-12,UPI-PAYTM UPI INDIA-842814@ybl,2442.68,UPI,Transfers & Payments
2026-05-07,UPI-SWIGGYINSTAMART INDIA-643828@oksbi,445.13,UPI,Groceries
2026-03-02,UPI-NYKAA-550334@paytm,385.1,UPI,Shopping
2026-04-23,UPI-XBOXSTORE LTD-993940@apl,1307.49,UPI,Entertainment
2025-09-28,UPI-MORE SUPERMARKET PVT LTD-654805@okaxis,212.4,UPI,Groceries
2026-04-22,UPI-BURGER KING-643958@paytm,155.57,UPI,Dining
2026-02-01,POS 260289 PLAYSTATION STORE DEL,3936.72,POS,Entertainment
2026-05-03,UPI-DELHI JAL BOARD PVT LTD-456759@okaxis,408.95,UPI,Utilities & Bills
2025-07-15,POS 591225 SWIGGY LTD DEL,888.78,POS,Dining
2026-06-14,IMPS-162672-ACT FIBERN PVT LTD,737.62,IMPS,Utilities & Bills
2026-04-12,POS 375600 PHONEPE UPI INDIA MUM,15743.11,POS,Transfers & Payments
2026-02-28,UPI-TATA POWER DDL LTD-322379@upi,1558.34,UPI,Utilities & Bills
2025-07-05,POS 917665 APOLLO PHARMACY LTD NOIDA,415.74,POS,Health & Fitness
2026-02-18,UPI-PIZZA HUT-421511@ybl,376.79,UPI,Dining
2025-09-19,UPI-GPAY U PVT LTD-904783@apl,8628.05,UPI,Transfers & Payments
2026-02-24,UPI-HPPETROLPUMP-754607@oksbi,1952.74,UPI,Transport
2026-06-06,POS 84108 RELIANCE D BLR,29511.99,POS,Shopping
2026-03-07,UPI-CRED PAYM-403181@ibl,705.51,UPI,Transfers & Payments
2025-09-23,UPI-NATURES BASKET-833965@oksbi,467.08,UPI,Groceries
2025-12-04,NEFT-NOBROKERRENTPAY-N53633,10396.07,NEFT,Rent
2025-07-05,UPI-DMART-73416@ybl,1385.48,UPI,Groceries
2025-11-05,POS 383114 MAX HOS INDIA NOIDA,3159.58,POS,Health & Fitness
2025-12-31,UPI-EATCLUB-611732@ybl,197.92,UPI,Dining
2025-08-06,NEFT-ASPECTRATIOSALARY PVT LTD-N388321,56262.1,NEFT,Income
2026-03-01,ACH-RENT TRANSFER LANDLORD-697339,19606.49,ACH,Rent
2026-02-16,UPI-BIGBASKET-841863@oksbi,2495.49,UPI,Groceries
2026-06-24,POS 224462 SWIGGY INDIA NOIDA,155.41,POS,Dining
2025-08-07,NEFT-NOBROKER RENT PAY-N103452,18725.97,NEFT,Rent
2025-09-19,UPI-IMPSTRANSFER-647531@apl,1237.03,UPI,Transfers & Payments
2025-07-01,UPI-CRED RENT-400788@okaxis,11457.18,UPI,Rent
2025-07-28,NEFT-STEAMPURCHASE PVT LTD-N897713,319.51,NEFT,Entertainment
2025-07-22,UPI-SBI PERSONAL LOAN EMI INDIA-88514@paytm,11889.84,UPI,Transfers & Payments
2025-07-17,IMPS-56146-BOOKMYSHOW PVT LTD,208.94,IMPS,Entertainment
2026-06-28,NEFT-IRCTC PVT LTD-N641939,2357.22,NEFT,Transport
2025-09-04,NEFT-IMPS INWA PVT LTD-N836391,8662.57,NEFT,Income
2026-01-30,UPI-STEAMPURCHASE PVT LTD-270136@ibl,2217.29,UPI,Entertainment
2025-12-27,UPI-RAPIDOBIKE PVT LTD-178357@ybl,55.34,UPI,Transport
2026-04-03,IMPS-436191-RENT TRANSFER LANDLORD,21457.08,IMPS,Rent
2025-11-10,UPI-NETMEDS-168101@oksbi,784.2,UPI,Health & Fitness
2026-04-12,UPI-SWIGGY-402271@paytm,226.26,UPI,Dining
2026-06-09,UPI-AIRTEL PAYMENTS PVT LTD-372322@oksbi,150.5,UPI,Utilities & Bills
2026-01-12,POS 931700 NATURES BASKET PVT LTD DEL,417.28,POS,Groceries
2025-11-20,NEFT-BOOKMYSHOW-N970262,288.27,NEFT,Entertainment
2026-05-19,UPI-BARBEQUENATION-64528@upi,1064.21,UPI,Dining
2025-10-25,POS 431657 HALDIRA LTD GZB,125.41,POS,Dining
2025-09-12,UPI-SONYLIV INDIA-761866@ibl,608.82,UPI,Subscriptions
2025-07-03,POS 83414 DOMINOS P NOIDA,484.8,POS,Dining
2025-11-13,UPI-WOWMOMO PVT LTD-605799@oksbi,105.94,UPI,Dining
2026-02-25,POS 717356 IMPSTRANSFER DEL,3388.04,POS,Transfers & Payments
2025-12-13,POS 454424 CAFECOFFEEDAY INDIA DEL,101.94,POS,Dining
2025-08-06,UPI-NOBROKER RENT PAY-6708@oksbi,26656.39,UPI,Rent
2026-01-05,UPI-VODAFONEIDEA INDIA-108632@ibl,481.17,UPI,Utilities & Bills
2026-02-04,NEFT-IMPS IN-N762399,741.14,NEFT,Income
2025-12-05,ACH-CRED RENT PAYMENT PVT LTD-216274,10002.28,ACH,Rent
2026-01-02,UPI-AMAZONPRIME LTD-782526@okaxis,763.5,UPI,Subscriptions
2026-02-23,UPI-BSES RAJDHANI POWER PVT LTD-824284@upi,510.35,UPI,Utilities & Bills
2026-06-17,UPI-WATER BILL PVT LTD-622814@ibl,592.11,UPI,Utilities & Bills
2026-01-17,UPI-NETMEDS-903368@ibl,150.9,UPI,Health & Fitness
2026-01-24,UPI-ZEPTO-558965@ybl,237.74,UPI,Groceries
2025-09-15,UPI-PLAYSTATIONSTORE-831605@paytm,3028.17,UPI,Entertainment
2026-05-04,NEFT-RENT TRANSFER LANDLORD INDIA-N66293,11025.91,NEFT,Rent
2026-05-15,UPI-BLUSMART-411438@oksbi,513.7,UPI,Transport
2025-09-16,POS 919510 STEAM PURCHASE INDIA MUM,1092.25,POS,Entertainment
2025-07-28,UPI-IRCTC PVT LTD-256296@apl,610.56,UPI,Transport
2026-05-13,POS 916503 NYKAA PVT LTD MUM,584.47,POS,Shopping
2025-11-15,UPI-APOLLOPHARMACY INDIA-587310@apl,1314.63,UPI,Health & Fitness
2025-08-19,UPI-PRACTO-960203@ybl,502.25,UPI,Health & Fitness
2025-07-27,POS 409430 BLINKIT INDIA MUM,362.36,POS,Groceries
2026-04-15,POS 794213 RELIANCEDIGITAL DEL,3984.94,POS,Shopping
2026-05-29,POS 744356 BURGER KING GZB,298.46,POS,Dining
2025-07-04,IMPS-494156-CREDRENTPAYMENT LTD,12782.03,IMPS,Rent
2026-05-09,UPI-DR LAL PATHLABS PVT LTD-784890@ibl,2154.37,UPI,Health & Fitness
2026-03-08,UPI-CAFE COFFEE DAY-25747@ybl,316.12,UPI,Dining
2025-10-05,UPI-COURSERA-337217@upi,3896.43,UPI,Shopping
2026-04-03,ACH-ASPECT RATIO SALARY PVT LTD-314295,59300.55,ACH,Income
2026-04-03,NEFT-FDMATURITYPROCEEDS PVT LTD-N26545,23188.84,NEFT,Income
2026-02-13,POS 235561 UDEMYONLINECOURSE PVT LTD BLR,400.45,POS,Shopping
2025-12-11,UPI-PLAYSTATION STORE-123752@ybl,879.94,UPI,Entertainment
2026-02-10,UPI-BLINKIT INDIA-706153@apl,964.88,UPI,Groceries
2026-05-15,UPI-BLUSMART-920853@ibl,331.51,UPI,Transport
2025-08-17,UPI-ZOMATO-134353@paytm,850.54,UPI,Dining
2026-05-20,UPI-HDFC HOME LOAN EMI PVT LTD-771678@okaxis,15091.79,UPI,Transfers & Payments
2025-09-17,UPI-CROMA RETA LTD-823706@apl,6711.14,UPI,Shopping
2025-10-24,UPI-WATER BI LTD-45084@ibl,725.29,UPI,Utilities & Bills
2026-05-05,POS 385793 SPOTIFYINDIA NOIDA,122.16,POS,Subscriptions
2025-12-02,UPI-NETMEDS-214475@oksbi,194.21,UPI,Health & Fitness
2025-09-06,NEFT-CREDRENTPAYMENT-N596058,10984.15,NEFT,Rent
2026-02-06,POS 367943 SNITCH INDIA BLR,514.12,POS,Shopping
2026-05-02,POS 391943 BLUSMART PVT LTD NOIDA,287.08,POS,Transport
2026-04-25,POS 961649 ZOMATO MUM,233.51,POS,Dining
2026-05-13,UPI-BLINKIT INDIA-921028@oksbi,649.04,UPI,Groceries
2025-07-05,UPI-SWIGGYINSTAMART LTD-253367@apl,201.76,UPI,Groceries
2026-04-18,UPI-RELIANCEDIGITAL LTD-341153@paytm,15539.62,UPI,Shopping
2025-11-10,UPI-PVRCINEMAS PVT LTD-258067@apl,927.57,UPI,Entertainment
2026-03-03,IMPS-408579-IMPS INWARD P LTD,517.42,IMPS,Income
2026-03-17,UPI-HALDIRAM INDIA-213375@oksbi,201.39,UPI,Dining
2025-07-30,UPI-INDIAN OIL PETROL-155385@ybl,590.16,UPI,Transport
2025-07-01,IMPS-569336-CRED RENT PAYMENT,10576.14,IMPS,Rent
2026-02-24,UPI-FLIPKART-727030@oksbi,292.22,UPI,Shopping
2026-06-01,POS 881274 WOW MOMO INDIA BLR,140.76,POS,Dining
2026-05-29,UPI-VODAFONEIDEA INDIA-571889@ibl,276.44,UPI,Utilities & Bills
2026-01-21,POS 715009 PIZZA HUT GZB,302.4,POS,Dining
2025-07-03,ACH-IMPS INWARD P2P LTD-388433,780.58,ACH,Income
2025-07-12,UPI-SONY L INDIA-626772@ybl,316.21,UPI,Subscriptions
2026-02-19,UPI-SPENCERS RETAIL INDIA-9795@ybl,219.77,UPI,Groceries
2026-04-13,UPI-DELHI JAL BOARD-573594@apl,271.72,UPI,Utilities & Bills
2026-02-19,NEFT-INOX LEISURE-N990984,905.05,NEFT,Entertainment
2025-11-08,UPI-NEFT TRA-396466@upi,11272.58,UPI,Transfers & Payments
2025-10-02,UPI-PVRCINEMAS-703510@ibl,725.69,UPI,Entertainment
2026-01-29,POS 967682 INTERVIEWBIT PVT LTD GZB,4126.83,POS,Shopping
2025-07-13,UPI-SNITCH LTD-467754@ibl,559.84,UPI,Shopping
2025-11-01,POS 771653 GPAY U INDIA GZB,5637.36,POS,Transfers & Payments
2025-12-11,UPI-SWIGGY LTD-663427@upi,270.74,UPI,Dining
2025-08-31,POS 407530 INOX LEISURE PVT LTD BLR,365.66,POS,Entertainment
2025-11-07,IMPS-521912-TATAPOWERDDL,3834.24,IMPS,Utilities & Bills
2025-07-20,POS 501792 MCDONALDS NOIDA,235.03,POS,Dining
2026-02-11,POS 941446 KFC PVT LTD DEL,491.83,POS,Dining
2026-01-14,UPI-INDIANOILPETROL-645307@upi,1089.95,UPI,Transport
2026-05-20,UPI-AMAZONPRIME PVT LTD-697242@apl,407.5,UPI,Subscriptions
2026-01-22,POS 637592 JIOMAR DEL,1979.58,POS,Groceries
2026-05-12,UPI-BURGERKING INDIA-699568@paytm,153.91,UPI,Dining
2026-03-22,UPI-PHONEPEUPI LTD-585159@oksbi,9057.65,UPI,Transfers & Payments
2025-10-12,UPI-BSES RAJDHANI POWER-551226@oksbi,566.49,UPI,Utilities & Bills
2026-03-14,UPI-DELHI METRO RAIL LTD-591344@oksbi,123.77,UPI,Transport
2026-01-22,UPI-HDFCHOMELOANEMI PVT LTD-673582@ibl,15053.68,UPI,Transfers & Payments
2026-05-01,IMPS-169748-NEFT INWARD REMITTANCE,4200.42,IMPS,Income
2026-01-21,UPI-COURSERA-156866@apl,2549.44,UPI,Shopping
2026-04-07,NEFT-NOBROKER R-N822232,10026.3,NEFT,Rent
2025-07-05,NEFT-ASPECTRATIOSALARY INDIA-N373892,77857.68,NEFT,Income
2025-12-07,UPI-INDRAPRASTHA GAS LTD-41625@paytm,410.16,UPI,Utilities & Bills
2025-09-06,IMPS-763502-INTEREST CREDIT SB AC INDIA,268.86,IMPS,Income
2025-07-03,POS 190685 TATA 1MG PVT LTD BLR,305.95,POS,Health & Fitness
2026-02-20,UPI-YOUTUBE PREMIUM LTD-60243@oksbi,164.92,UPI,Subscriptions
2026-01-20,UPI-BLINKIT INDIA-598216@paytm,101.89,UPI,Groceries
2025-08-03,POS 98734 LEETCODE PREMIUM INDIA BLR,7198.63,POS,Shopping
2025-07-12,UPI-ZEPTO LTD-481648@oksbi,759.8,UPI,Groceries
2026-05-27,POS 355871 DMART INDIA BLR,2605.04,POS,Groceries
2025-12-11,UPI-HOTSTAR PVT LTD-524331@oksbi,840.76,UPI,Subscriptions
2025-07-08,IMPS-736176-BLINKIT PVT LTD,395.51,IMPS,Groceries
2026-03-13,UPI-HPPETROLPUMP-671370@ibl,1108.96,UPI,Transport
2025-08-05,UPI-RAPIDO BIKE PVT LTD-172600@apl,188.82,UPI,Transport
2025-07-26,POS 419765 PVR CINEMAS MUM,777.69,POS,Entertainment
2025-09-07,UPI-FAASOS INDIA-481231@upi,145.73,UPI,Dining
2025-09-13,UPI-HOTSTAR PVT LTD-362812@upi,549.12,UPI,Subscriptions
2025-11-22,POS 310261 BOOKS KHARIDO STORE NOIDA,1367.31,POS,Shopping
2026-01-18,UPI-FAASOS-505183@ybl,324.44,UPI,Dining
2025-11-29,UPI-PRACTO-430991@oksbi,497.08,UPI,Health & Fitness
2026-05-02,UPI-PHARMEASY-306738@okaxis,1457.92,UPI,Health & Fitness
2025-11-04,UPI-SPOTIFYINDIA PVT LTD-138504@paytm,120.32,UPI,Subscriptions
2026-05-06,UPI-HALDIR LTD-298990@ibl,240.25,UPI,Dining
2026-04-15,UPI-FAASOS-380228@apl,357.65,UPI,Dining
2026-06-13,UPI-TATA POWER DDL INDIA-368293@paytm,1981.74,UPI,Utilities & Bills
2025-11-13,UPI-SBIPERSONALLOANEMI INDIA-726380@paytm,7643.12,UPI,Transfers & Payments
2025-10-31,UPI-FAASOS-680967@okaxis,138.79,UPI,Dining
2026-06-01,POS 650464 NEFT TRANSFER PVT LTD DEL,28008.67,POS,Transfers & Payments
2025-09-22,UPI-BLINKIT-833724@paytm,129.97,UPI,Groceries
2026-06-03,UPI-RAPIDO B PVT LTD-276330@apl,79.33,UPI,Transport
2026-02-23,UPI-WATER BILL INDIA-55367@oksbi,202.04,UPI,Utilities & Bills
2026-05-03,NEFT-NOBROKER RENT PAY-N670474,13234.99,NEFT,Rent
2026-02-13,UPI-FAASOS LTD-137316@oksbi,156.97,UPI,Dining
2026-03-26,UPI-PIZZAHUT INDIA-43040@oksbi,458.16,UPI,Dining
2026-03-22,UPI-SBI PERSONAL LOA PVT LTD-172004@upi,14419.15,UPI,Transfers & Payments
2025-10-08,UPI-SPENCERSRETAIL-851144@ibl,317.42,UPI,Groceries
2026-04-27,POS 959902 BLINKI MUM,284.18,POS,Groceries
2025-09-23,UPI-PLAYSTATIONSTORE LTD-779427@ibl,501.12,UPI,Entertainment
2026-05-05,UPI-COURSERA PVT LTD-175007@oksbi,4586.44,UPI,Shopping
2026-01-01,IMPS-203445-BOOKS KHARIDO STORE LTD,1408.65,IMPS,Shopping
2025-10-25,UPI-FAASOS LTD-673290@okaxis,340.42,UPI,Dining
2026-05-12,POS 902115 REDBUS NOIDA,601.59,POS,Transport
2025-07-11,UPI-SPOTIFY INDIA-180862@oksbi,141.33,UPI,Subscriptions
2025-12-30,POS 703886 FASTAG RECHARGE NOIDA,202.54,POS,Transport
2025-12-14,UPI-SWG*SWIGGY-918071@upi,601.36,UPI,Dining
2025-12-17,POS 876230 SPENCERS RETAIL INDIA NOIDA,1464.57,POS,Groceries
2026-04-21,UPI-JIOMART LTD-744353@apl,1756.21,UPI,Groceries
2025-09-30,POS 710177 LEETCODEPREMIUM GZB,4876.34,POS,Shopping
2025-12-26,POS 797553 BLINKIT PVT LTD BLR,361.53,POS,Groceries
2025-12-14,UPI-FAASOS-326562@apl,259.86,UPI,Dining
2025-08-28,UPI-SPENCERS RETAIL-394853@upi,294.89,UPI,Groceries
2026-05-30,IMPS-702635-IMPSTRANSFER PVT LTD,1709.78,IMPS,Transfers & Payments
2025-09-11,NEFT-SPENCERS RETAIL INDIA-N987975,774.6,NEFT,Groceries
2026-06-06,ACH-NOBROKER RE-679488,13955.14,ACH,Rent
2025-09-18,POS 829697 OLACABS DEL,449.3,POS,Transport
2025-09-05,UPI-WOW MOMO INDIA-373378@ibl,102.78,UPI,Dining
2025-08-09,UPI-RELIANCE FRESH INDIA-764571@oksbi,812.3,UPI,Groceries
2025-07-28,POS 286328 PHARMEASY LTD DEL,947.72,POS,Health & Fitness
2026-01-07,UPI-DOMINOSPIZZA INDIA-729116@okaxis,367.11,UPI,Dining
2026-02-20,UPI-LEETCODE PREMIUM LTD-617509@upi,4885.12,UPI,Shopping
2025-12-20,POS 341185 BAJAJFINSERVEMI GZB,2002.65,POS,Transfers & Payments
2025-11-02,UPI-XBOXSTORE PVT LTD-935491@apl,1135.84,UPI,Entertainment
2026-03-06,UPI-BOOKMYSHOW INDIA-879556@paytm,1112.25,UPI,Entertainment
2026-02-22,UPI-GPAYUPI-338618@ybl,12084.21,UPI,Transfers & Payments
2026-03-06,NEFT-RENT TRANSFER LA INDIA-N157167,16699.76,NEFT,Rent
2026-01-10,POS 503270 EATCLUB DEL,408.03,POS,Dining
2026-05-06,UPI-BARBEQUENATION INDIA-889525@apl,1264.79,UPI,Dining
2025-08-31,UPI-UBER IND INDIA-465587@ibl,157.93,UPI,Transport
2025-11-23,UPI-SPENCE-976265@ibl,394.94,UPI,Groceries
2026-02-01,UPI-CAFE COFFEE DAY LTD-157840@ibl,323.34,UPI,Dining
2026-03-08,UPI-AMAZON PAY INDIA-475290@apl,1722.45,UPI,Shopping
2025-10-19,UPI-NYKAA-777797@oksbi,936.52,UPI,Shopping
2025-11-07,UPI-DECATHLON LTD-985416@upi,747.1,UPI,Shopping
2025-08-03,IMPS-620089-RENTTRANSFERLANDLORD PVT LTD,29522.49,IMPS,Rent
2025-10-19,IMPS-763129-PIZZAHUT LTD,559.67,IMPS,Dining
2026-03-25,UPI-HALDIRAM PVT LTD-19626@ibl,110.16,UPI,Dining
2026-01-24,POS 674773 TATAPOWERDDL DEL,1936.79,POS,Utilities & Bills
2025-07-29,POS 697160 INTERVIEWBIT LTD BLR,2745.9,POS,Shopping
2025-10-29,UPI-FASTAG  LTD-124901@upi,750.69,UPI,Transport
2025-08-08,UPI-SWIGGY INDIA-847357@ibl,623.36,UPI,Dining
2025-12-03,UPI-CAFE COFFE PVT LTD-628494@okaxis,101.08,UPI,Dining
2025-08-20,UPI-HP PETROL PUMP LTD-647161@okaxis,2560.18,UPI,Transport
2026-06-26,IMPS-653476-MYNTRA,3839.11,IMPS,Shopping
2026-05-02,POS 525846 PIZZAHUT NOIDA,849.76,POS,Dining
2026-03-25,POS 324276 BARBEQUENATION PVT LTD DEL,1204.7,POS,Dining
2025-08-19,POS 719102 AMAZONPRIME INDIA BLR,1136.19,POS,Subscriptions
2026-02-26,UPI-SWIGGYINSTAMART-359913@upi,432.7,UPI,Groceries
2026-06-13,UPI-NEFTTRANSFER-679987@oksbi,12503.58,UPI,Transfers & Payments
2026-03-05,UPI-APPLEMUSIC-36108@ybl,99.34,UPI,Subscriptions
2026-03-24,POS 470052 SWIGGY MUM,391.04,POS,Dining
2026-06-17,POS 665448 VODAFONEIDEA PVT LTD NOIDA,298.47,POS,Utilities & Bills
2026-04-28,UPI-NETFLIX PVT LTD-906807@ibl,590.05,UPI,Subscriptions
2026-04-20,UPI-RELIANCEFRESH-143905@apl,1164.17,UPI,Groceries
2026-05-15,UPI-IRCTC LTD-465589@apl,820.33,UPI,Transport
2026-04-22,UPI-APOLLOPHARMACY LTD-444174@ibl,141.56,UPI,Health & Fitness
2026-01-06,UPI-APPLEMUSIC PVT LTD-269506@ibl,161.07,UPI,Subscriptions
2025-08-30,UPI-WOWMOMO PVT LTD-501472@oksbi,190.61,UPI,Dining
2025-08-22,POS 800863 CULTFIT MUM,2914.11,POS,Health & Fitness
2025-10-13,UPI-MAX HO-795919@ybl,4032.56,UPI,Health & Fitness
2025-09-24,UPI-NATURES BASKET LTD-715528@upi,382.55,UPI,Groceries
2025-08-19,POS 367409 DMART NOIDA,2066.58,POS,Groceries
2025-09-05,IMPS-930541-INTERESTCREDITSBAC LTD,194.22,IMPS,Income
2026-06-19,POS 756427 BARBEQUENATION PVT LTD GZB,804.32,POS,Dining
2026-05-03,NEFT-FDMATURITYPROCEEDS-N167971,34279.11,NEFT,Income
2025-10-01,UPI-RELIANCE FRESH INDIA-25429@apl,437.89,UPI,Groceries
2026-03-17,UPI-XBOX STORE LTD-400013@paytm,1459.46,UPI,Entertainment
2026-06-12,UPI-HPPETROLPUMP LTD-793442@ybl,2695.3,UPI,Transport
2026-01-08,IMPS-89454-SONY LIV,394.88,IMPS,Subscriptions
2025-07-07,IMPS-805234-CREDRENTPAYMENT PVT LTD,10182.23,IMPS,Rent
2026-03-03,IMPS-535064-INTEREST CREDIT SB AC,1021.96,IMPS,Income
2026-02-11,UPI-BOOKS KHARIDO STORE-564218@oksbi,300.07,UPI,Shopping
2025-12-18,POS 566837 PIZZAHUT LTD GZB,482.0,POS,Dining
2026-06-01,POS 691974 HDFC CREDIT CARD AUTOPAY LTD GZB,6352.14,POS,Transfers & Payments
2025-10-07,UPI-NOBROKER RENT PAY INDIA-283936@apl,11660.59,UPI,Rent
2026-01-13,UPI-FAASOS LTD-161633@paytm,216.82,UPI,Dining
2026-01-07,UPI-RENTTRANSFERLANDLORD PVT LTD-839841@ybl,16916.91,UPI,Rent
2026-03-23,UPI-STEAMPURCHASE-587154@upi,2402.24,UPI,Entertainment
2026-05-30,UPI-REDBUS-276768@okaxis,407.72,UPI,Transport
2025-09-16,UPI-NEFT TRANSFER-400647@ybl,47519.25,UPI,Transfers & Payments
2026-06-21,UPI-LEETCODEPREMIUM-392388@upi,5076.56,UPI,Shopping
2026-05-30,UPI-APOLLOPHARMACY-378795@oksbi,601.48,UPI,Health & Fitness
2025-09-29,POS 720931 APPLEMUSIC GZB,113.69,POS,Subscriptions
2025-09-25,UPI-RAPIDO-933795@ibl,132.34,UPI,Transport
2026-03-26,POS 483753 ACTFIBERNET DEL,763.77,POS,Utilities & Bills
2025-07-14,POS 537177 PVRCINEMAS INDIA DEL,531.89,POS,Entertainment
2025-11-24,POS 220592 HPPETROLPUMP PVT LTD NOIDA,545.11,POS,Transport
2026-06-29,UPI-MCDONAL INDIA-223732@apl,290.65,UPI,Dining
2025-08-08,POS 58484 BAJAJ FINSERV EMI MUM,2325.55,POS,Transfers & Payments
2026-04-04,NEFT-NEFT INWARD REMITTANCE INDIA-N346453,18457.69,NEFT,Income
2026-04-11,UPI-DELHIMETRORAIL-69898@apl,55.91,UPI,Transport
2026-05-03,UPI-INOXLEISURE LTD-110887@paytm,322.89,UPI,Entertainment
2025-12-06,POS 61043 FASTAGRECHARGE LTD BLR,576.52,POS,Transport
2025-08-28,UPI-SWIGGY PVT LTD-187367@upi,166.63,UPI,Dining
2026-04-09,UPI-HALDIRAM-559956@okaxis,249.34,UPI,Dining
2025-11-11,UPI-MORESUPERMARKET PVT LTD-137617@apl,467.39,UPI,Groceries
2025-07-05,NEFT-RENTTRANSFERLANDLORD-N980565,10036.16,NEFT,Rent
2026-06-03,UPI-BAJAJ FINSERV EMI PVT LTD-68565@ybl,2945.45,UPI,Transfers & Payments
2026-05-30,UPI-SPOTIFYINDIA LTD-695686@oksbi,191.96,UPI,Subscriptions
2026-04-13,POS 873961 SPENCERS RETAIL GZB,326.33,POS,Groceries
2026-05-12,UPI-PIZZAHUT LTD-856597@oksbi,300.77,UPI,Dining
2025-09-19,POS 383165 NYKAA PVT LTD DEL,1366.05,POS,Shopping
2025-10-13,UPI-DELHI JAL BOARD PVT LTD-240799@ybl,753.64,UPI,Utilities & Bills
2026-06-29,IMPS-342268-OLACABS LTD,478.55,IMPS,Transport
2025-08-31,UPI-EATCLU PVT LTD-698871@paytm,379.71,UPI,Dining
2026-06-02,UPI-BAJAJFINSERVEMI-416032@oksbi,2247.29,UPI,Transfers & Payments
2025-11-01,ACH-CRED RE LTD-355384,16431.21,ACH,Rent
2025-10-30,UPI-SONY LIV LTD-834992@oksbi,334.53,UPI,Subscriptions
2025-10-11,UPI-GPAYUPI-617608@okaxis,15286.97,UPI,Transfers & Payments
2026-04-09,UPI-ZOMATO INDIA-149491@upi,230.97,UPI,Dining
2026-02-06,POS 411337 OLA CA PVT LTD MUM,80.01,POS,Transport
2026-04-03,ACH-RENT TRANSFER LANDLORD PVT LTD-910374,24183.89,ACH,Rent
2025-11-25,UPI-SNITCH-103425@ibl,522.28,UPI,Shopping
2025-10-18,UPI-YOUTUBEPREMIUM-394532@okaxis,129.66,UPI,Subscriptions
2025-07-09,UPI-WATER BILL-894013@oksbi,551.72,UPI,Utilities & Bills
2026-04-23,UPI-HALDIRAM INDIA-855332@oksbi,189.55,UPI,Dining
2025-08-18,UPI-UBER INDIA LTD-695027@ybl,270.59,UPI,Transport
2026-05-06,NEFT-INTEREST CRE-N923496,1150.23,NEFT,Income
2026-03-13,POS 11651 AMAZON PRIME LTD BLR,1245.81,POS,Subscriptions
2025-08-11,IMPS-403080-JIOMART LTD,1342.24,IMPS,Groceries
2025-11-29,UPI-DELHIMETRORAIL PVT LTD-824336@ybl,87.88,UPI,Transport
2026-06-17,UPI-XBOX STORE INDIA-984209@okaxis,897.76,UPI,Entertainment
2026-01-05,UPI-KFC-54396@paytm,210.53,UPI,Dining
2026-04-25,IMPS-206310-NETFLIX INDIA,625.8,IMPS,Subscriptions
2026-02-15,UPI-MEESHO-267554@ybl,328.95,UPI,Shopping
2026-04-16,UPI-PIZZA  PVT LTD-340111@paytm,549.6,UPI,Dining
2025-11-30,UPI-BURGER  LTD-439663@paytm,227.33,UPI,Dining
2025-07-07,POS 179047 ZMT*ZOMATO PVT LTD MUM,201.38,POS,Dining
2025-11-06,NEFT-ASPECTRATIOSALARY INDIA-N196533,89517.87,NEFT,Income
2025-08-05,UPI-WATER B-101888@oksbi,236.7,UPI,Utilities & Bills
2026-04-08,UPI-IMPSTRANSFER LTD-581606@paytm,6357.8,UPI,Transfers & Payments
2026-05-09,POS 662215 SPOTIFY INDIA DEL,119.06,POS,Subscriptions
2026-04-04,NEFT-FD MATURITY PROCEEDS PVT LTD-N456152,91605.62,NEFT,Income
2026-01-12,POS 756868 ZOMATO PVT LTD NOIDA,666.08,POS,Dining
2026-04-11,UPI-PAYTM UPI INDIA-178810@okaxis,16181.81,UPI,Transfers & Payments
2026-06-14,UPI-INDRAPRASTHAGAS PVT LTD-260851@apl,1465.51,UPI,Utilities & Bills
2025-12-30,UPI-IMPS T-608074@ybl,8313.25,UPI,Transfers & Payments
2026-05-18,UPI-DOMINOSPIZZA-264071@ybl,403.75,UPI,Dining
2025-09-01,UPI-NOBROKERRENTPAY-799210@oksbi,12276.07,UPI,Rent
2025-09-01,POS 831111 DELHI JAL BOARD GZB,200.75,POS,Utilities & Bills
2026-05-06,POS 892500 HP PETROL PUMP MUM,594.83,POS,Transport
2025-07-08,UPI-CRED PAYMENT-236908@apl,583.12,UPI,Transfers & Payments
2025-08-23,UPI-DELHI JAL BOARD INDIA-487453@apl,296.89,UPI,Utilities & Bills
2026-04-24,POS 771131 BURGER KING DEL,193.13,POS,Dining
2025-07-05,IMPS-308481-RENTTRANSFERLANDLORD INDIA,28878.43,IMPS,Rent
2025-11-20,NEFT-CULTFIT INDIA-N620810,2726.42,NEFT,Health & Fitness
2026-02-18,UPI-PHONEPE UPI INDIA-218327@ibl,8340.86,UPI,Transfers & Payments
2026-01-07,POS 330739 RELIANCE  GZB,1287.67,POS,Groceries
2026-01-26,UPI-YOUTUBEPREMIUM INDIA-230051@ybl,184.68,UPI,Subscriptions
2025-10-06,POS 83676 CRED PAYMENT GZB,13615.42,POS,Transfers & Payments
2025-12-12,UPI-BARBEQUE NATION-969800@okaxis,808.7,UPI,Dining
2026-02-15,UPI-BIGBASKET LTD-158614@ibl,1678.2,UPI,Groceries
2026-02-06,UPI-MYNTRA PVT LTD-850713@upi,1816.47,UPI,Shopping
2025-09-20,POS 908750 TATA PLAY DTH LTD BLR,391.49,POS,Utilities & Bills
2025-10-19,POS 229437 DMART DEL,1190.46,POS,Groceries
2025-12-24,UPI-DMART INDIA-751515@paytm,2119.23,UPI,Groceries
2025-08-03,UPI-PVRCINEMAS PVT LTD-484672@oksbi,1070.4,UPI,Entertainment
2026-02-22,UPI-NATURES BASK LTD-769591@okaxis,465.52,UPI,Groceries
2026-01-30,NEFT-RELIANCE FRESH INDIA-N947563,1341.95,NEFT,Groceries
2026-03-20,POS 422971 BLINKI INDIA BLR,301.71,POS,Groceries
2026-05-28,UPI-BOOKMYSH PVT LTD-235454@ibl,249.1,UPI,Entertainment
2026-02-28,POS 392666 WOW MO INDIA NOIDA,100.02,POS,Dining
2025-11-13,POS 718003 JIO RECHARGE GZB,150.21,POS,Utilities & Bills
2026-01-22,UPI-HDFC CREDIT CARD AUTOPAY LTD-583742@ibl,16444.88,UPI,Transfers & Payments
2026-06-20,UPI-SCALERACADEMY-480735@ybl,19596.26,UPI,Shopping
2026-04-15,UPI-CROMARETAIL-542358@paytm,2407.68,UPI,Shopping
2025-10-05,ACH-NEFT INWARD REMITTANCE-321370,3188.18,ACH,Income
2026-05-25,POS 596262 NETFLI PVT LTD DEL,391.79,POS,Subscriptions
2026-04-24,UPI-INDIANOILPETROL INDIA-208186@ibl,1691.76,UPI,Transport
2025-10-28,UPI-OLA CABS INDIA-681500@ybl,411.23,UPI,Transport
2026-04-12,POS 382449 CAFECOFFEEDAY MUM,341.96,POS,Dining
2026-03-15,UPI-SPOTIF LTD-93665@ybl,131.64,UPI,Subscriptions
2025-11-03,POS 797106 ZOMATO INDIA GZB,281.53,POS,Dining
2026-05-03,UPI-WOW MOMO INDIA-168629@oksbi,308.55,UPI,Dining
2025-07-02,UPI-PLAYSTATIONSTORE-261236@ibl,527.15,UPI,Entertainment
2026-03-19,UPI-MYNTRA INDIA-640193@upi,576.45,UPI,Shopping
2026-04-17,NEFT-HOTSTAR-N815842,670.17,NEFT,Subscriptions
2026-02-15,UPI-PIZZA HUT-102088@okaxis,408.73,UPI,Dining
2026-02-01,UPI-FASTAG RECHARGE LTD-255774@apl,224.31,UPI,Transport
2026-01-29,POS 358208 SNITCH NOIDA,1779.27,POS,Shopping
2025-09-20,POS 858313 AMAZONPRIME NOIDA,596.96,POS,Subscriptions
2026-01-14,UPI-FAASOS PVT LTD-738939@paytm,357.73,UPI,Dining
2026-02-10,UPI-JIORECHARGE LTD-39952@ibl,183.53,UPI,Utilities & Bills
2025-12-05,UPI-SNITCH LTD-225465@apl,902.62,UPI,Shopping
2025-08-05,UPI-YOUTUBE P LTD-837514@oksbi,141.65,UPI,Subscriptions
2025-10-05,IMPS-672740-REDBUS PVT LTD,406.15,IMPS,Transport
2026-04-25,UPI-JIOMART PVT LTD-811134@oksbi,444.73,UPI,Groceries
2026-05-26,UPI-PLAYSTATIONSTORE INDIA-425323@upi,707.84,UPI,Entertainment
2025-08-13,UPI-RELIANCE FRESH-286588@okaxis,263.74,UPI,Groceries
2026-03-26,POS 722412 BOOKSKHARIDOSTORE LTD GZB,391.79,POS,Shopping
2026-04-01,UPI-IRCTC-957291@upi,380.98,UPI,Transport
2025-09-24,POS 930760 JIOMART NOIDA,302.39,POS,Groceries
2025-10-02,UPI-KFC INDIA-521651@upi,201.94,UPI,Dining
2025-09-27,POS 583369 CAFE COFFEE DAY GZB,350.06,POS,Dining
2025-07-02,ACH-ASPECT RATIO LTD-802171,51047.8,ACH,Income
2026-03-18,POS 319788 BIGBASKET BLR,905.95,POS,Groceries
2026-04-08,UPI-DOMINOS PIZZA-767667@oksbi,305.91,UPI,Dining
2025-08-05,IMPS-963531-RENT TRANSFER LANDLORD INDIA,29233.35,IMPS,Rent
2026-05-07,ACH-CREDRENTPAYMENT-247322,10327.19,ACH,Rent
2026-01-04,POS 377402 RAPIDO BIKE LTD DEL,40.7,POS,Transport
2026-01-03,UPI-GPAYUPI PVT LTD-547756@oksbi,995.98,UPI,Transfers & Payments
2026-06-16,IMPS-703166-SWIGGY INDIA,556.66,IMPS,Dining
2025-12-20,UPI-HALDIRAM INDIA-221390@ibl,305.68,UPI,Dining
2026-04-19,UPI-DR LAL INDIA-974191@oksbi,2182.73,UPI,Health & Fitness
2025-10-08,POS 397850 MYNTRA INDIA NOIDA,401.56,POS,Shopping
2026-01-08,UPI-INOXLEISURE INDIA-737499@ibl,307.52,UPI,Entertainment
2026-06-19,UPI-MCDONALDS INDIA-909914@ibl,577.88,UPI,Dining
2026-01-02,POS 404183 BLUSMART GZB,166.34,POS,Transport
2026-01-07,UPI-TATA1MG-574099@ybl,1042.03,UPI,Health & Fitness
2026-04-28,IMPS-739411-FASTAG,688.46,IMPS,Transport
2025-12-11,UPI-BAJAJ  PVT LTD-114224@okaxis,4453.18,UPI,Transfers & Payments
2026-03-27,NEFT-BIGBASK-N145822,1750.71,NEFT,Groceries
2026-02-16,POS 166848 FASTAG RECHARGE LTD GZB,234.71,POS,Transport
2025-11-28,POS 720855 FAASOS BLR,122.37,POS,Dining
2026-02-11,UPI-RELIANCE FRESH-33039@paytm,493.88,UPI,Groceries
2026-04-12,POS 401126 REDBUS BLR,1640.07,POS,Transport
2026-02-12,IMPS-115461-HP PETROL PUMP PVT LTD,2827.65,IMPS,Transport
2026-03-06,UPI-SWIGGY INDIA-636652@okaxis,624.89,UPI,Dining
2025-09-04,UPI-APPLE MUSIC LTD-285488@apl,135.18,UPI,Subscriptions
2026-02-01,UPI-SCALER A INDIA-611922@paytm,21364.35,UPI,Shopping
2025-11-13,UPI-EATCLUB LTD-565231@upi,286.53,UPI,Dining
2026-03-28,UPI-INOXLEISURE-469579@oksbi,593.87,UPI,Entertainment
2026-01-15,POS 547209 SBI PERSONAL LOAN  NOIDA,12075.82,POS,Transfers & Payments
2025-07-05,UPI-WATER B-445466@ybl,391.43,UPI,Utilities & Bills
2026-06-20,UPI-KFC-41024@upi,462.69,UPI,Dining
2025-11-22,UPI-YOUTUBE PREMIUM PVT LTD-490123@okaxis,131.08,UPI,Subscriptions
2025-11-17,UPI-DOMINOSPIZZA LTD-504759@ibl,343.34,UPI,Dining
2026-05-29,UPI-HALDIRAM INDIA-291734@paytm,183.31,UPI,Dining
2025-09-02,UPI-IMPS TRANSFER INDIA-837603@paytm,2188.37,UPI,Transfers & Payments
2025-07-16,NEFT-DELHIJALBOARD INDIA-N549609,741.09,NEFT,Utilities & Bills
2025-07-10,POS 561925 AIRTEL PAYMENTS PVT LTD NOIDA,345.09,POS,Utilities & Bills
2025-07-16,UPI-BURGERKING-686819@upi,305.79,UPI,Dining
2025-12-04,ACH-CRED RENT PAYMENT INDIA-879207,17489.85,ACH,Rent
2025-12-03,POS 855036 CRED PAYMENT INDIA BLR,749.64,POS,Transfers & Payments
2026-01-23,UPI-CREDPAYMENT INDIA-767633@oksbi,16428.89,UPI,Transfers & Payments
2026-01-02,NEFT-NOBROKER RENT PAY-N412386,10862.2,NEFT,Rent
2025-10-10,UPI-BSESRAJDHANIPOWER INDIA-137132@okaxis,2141.52,UPI,Utilities & Bills
2026-05-09,UPI-SONYLIV INDIA-385059@apl,775.5,UPI,Subscriptions
2025-12-08,UPI-TATAPLAYDTH PVT LTD-283092@apl,330.86,UPI,Utilities & Bills
2025-11-25,UPI-SPENCERSRETAIL-685464@oksbi,388.01,UPI,Groceries
2025-08-09,POS 646653 WOW MOMO BLR,301.03,POS,Dining
2025-07-01,ACH-NEFT INWARD REMITTANCE-171812,13863.58,ACH,Income
2025-11-25,UPI-REDBUS INDIA-551121@oksbi,936.41,UPI,Transport
2026-05-04,NEFT-JIORECHARGE LTD-N198282,155.8,NEFT,Utilities & Bills
2025-07-03,IMPS-973923-NEFT INWARD REMITTANCE,2864.51,IMPS,Income
2025-09-13,POS 684308 MEESHO BLR,392.3,POS,Shopping
2025-10-24,POS 458063 MAXHOSPITAL PVT LTD GZB,1417.15,POS,Health & Fitness
2025-11-09,UPI-SWIGGY INDIA-413864@oksbi,125.5,UPI,Dining
2026-04-07,ACH-CRED RENT PAYMENT PVT LTD-56626,20697.68,ACH,Rent
2026-03-31,UPI-SWIGGYINSTAMART INDIA-931867@ybl,619.05,UPI,Groceries
2025-10-17,POS 388401 HOTSTAR INDIA MUM,394.05,POS,Subscriptions
2025-08-01,POS 295069 PVRCINEMAS NOIDA,486.29,POS,Entertainment
2025-07-27,UPI-DMART-990275@apl,1920.06,UPI,Groceries
2026-05-05,IMPS-713662-APPLEMUSIC PVT LTD,103.42,IMPS,Subscriptions
2026-05-24,UPI-IRCTC LTD-360505@upi,1424.95,UPI,Transport
2026-03-30,POS 846260 TATA 1MG INDIA DEL,482.8,POS,Health & Fitness
2025-11-05,POS 298507 BAJAJ FINSERV EMI NOIDA,5793.0,POS,Transfers & Payments
2025-07-04,UPI-RENT TRANSFER LANDLORD-93494@ibl,25118.63,UPI,Rent
2026-04-01,POS 703416 BLUSMART LTD MUM,151.21,POS,Transport
2026-01-30,POS 138510 BLUSMART DEL,222.55,POS,Transport
2025-08-25,UPI-FAASOS PVT LTD-809766@ibl,188.12,UPI,Dining
2025-07-01,UPI-SPOTIFYINDIA PVT LTD-562140@okaxis,130.47,UPI,Subscriptions
2025-11-16,POS 574623 SPENCERS RETAIL LTD DEL,815.27,POS,Groceries
2025-09-23,UPI-SWIGGY INSTAMART LTD-113686@ibl,282.27,UPI,Groceries
2026-03-02,ACH-IMPSINWARDP2P PVT LTD-718792,839.17,ACH,Income
2025-11-17,UPI-ZOMATO LTD-992526@ybl,554.09,UPI,Dining
2025-12-17,UPI-BARBEQUE NATION PVT LTD-742195@okaxis,2741.23,UPI,Dining
2026-03-16,POS 390511 STEAMPURCHASE INDIA NOIDA,2013.59,POS,Entertainment
2025-10-21,UPI-STEAM PURCHASE LTD-624167@ybl,1279.67,UPI,Entertainment
2026-04-23,UPI-MAX HOSPITAL-566703@ibl,2956.08,UPI,Health & Fitness
2025-10-04,UPI-PRACTO-986913@apl,300.11,UPI,Health & Fitness
2025-10-06,IMPS-255016-NOBROKER RENT PAY,17296.3,IMPS,Rent
2025-08-06,POS 454157 AMAZON PAY INDIA MUM,2112.16,POS,Shopping
2026-05-22,UPI-DELHI JAL BOARD-874021@oksbi,540.82,UPI,Utilities & Bills
2025-12-11,UPI-REDBUS INDIA-672434@oksbi,400.02,UPI,Transport
2026-03-31,UPI-ZEPTO-469977@okaxis,316.66,UPI,Groceries
2026-04-09,POS 37234 APOLLO PHARMACY LTD NOIDA,263.18,POS,Health & Fitness
2026-01-21,UPI-HDFC CREDIT CARD AUTOPAY-956473@paytm,20296.0,UPI,Transfers & Payments
2026-05-20,UPI-SBIPERSONALLOANEMI PVT LTD-965264@ibl,5632.0,UPI,Transfers & Payments
2025-07-22,UPI-SBIPERSONALLOANEMI PVT LTD-865754@apl,5723.16,UPI,Transfers & Payments
2026-04-20,UPI-SPOTIFY IN-786383@upi,119.0,UPI,Subscriptions
2026-01-20,POS 715216 ZOMATO DEL,541.35,POS,Dining
2025-09-03,UPI-APPLE MUSIC-670643@apl,195.42,UPI,Subscriptions
2025-08-03,UPI-INTERVIEWBIT INDIA-729109@ibl,1193.38,UPI,Shopping
2025-09-08,UPI-RELIANCE FRESH-571119@ybl,214.72,UPI,Groceries
2025-07-06,POS 773287 AMAZON PRIME NOIDA,306.69,POS,Subscriptions
2025-08-03,ACH-RENTTRANSFERLANDLORD-981309,10043.71,ACH,Rent
2025-08-07,UPI-NOBROKER RENT PAY INDIA-746896@upi,11434.25,UPI,Rent
2025-11-29,UPI-NEFTTRANSFER LTD-102106@oksbi,12800.23,UPI,Transfers & Payments
2025-11-07,UPI-DMART INDIA-122300@paytm,862.48,UPI,Groceries
2026-05-26,UPI-APOLLOPHARMACY INDIA-555029@ibl,1197.87,UPI,Health & Fitness
2025-08-30,UPI-KFC INDIA-169758@apl,384.88,UPI,Dining
2026-03-30,UPI-MEESHO-688134@paytm,368.43,UPI,Shopping
2026-05-23,UPI-STEAM PURCHASE INDIA-777154@okaxis,1085.43,UPI,Entertainment
2025-07-11,UPI-BLUSMART LTD-418820@upi,245.7,UPI,Transport
2025-11-21,UPI-XBOX STORE-88154@apl,3812.32,UPI,Entertainment
2026-03-05,POS 330765 MAX HOSPIT INDIA BLR,948.22,POS,Health & Fitness
2025-10-18,UPI-ZMT*ZOMATO LTD-27009@okaxis,412.02,UPI,Dining
2025-07-17,POS 412722 JIORECHARGE LTD NOIDA,252.84,POS,Utilities & Bills
2026-06-28,UPI-RELIANCE FRESH INDIA-845044@okaxis,1011.13,UPI,Groceries
2025-09-10,UPI-BARBEQUENATION-494989@apl,2274.22,UPI,Dining
2025-12-26,UPI-MAX HO INDIA-841441@ybl,9658.21,UPI,Health & Fitness
2026-04-05,POS 821793 SBI PERSONAL LOAN EMI MUM,8062.4,POS,Transfers & Payments
2026-06-19,UPI-HDFC HOME LO-113527@ybl,26912.66,UPI,Transfers & Payments
2025-10-27,UPI-SNITCH PVT LTD-715518@apl,1713.19,UPI,Shopping
2025-08-02,NEFT-NEFT INWARD REMIT INDIA-N542623,1212.29,NEFT,Income
2026-06-03,IMPS-945033-AIRTEL PAYMENTS INDIA,305.37,IMPS,Utilities & Bills
2025-12-18,UPI-RELIANCEFRESH INDIA-508504@ybl,1091.52,UPI,Groceries
2025-07-04,UPI-MYNTRA-431336@ibl,1896.66,UPI,Shopping
2026-02-28,UPI-DMART PVT LTD-918364@ibl,2263.62,UPI,Groceries
2026-02-24,UPI-UDEMYONLINECOURSE LTD-360443@ybl,662.11,UPI,Shopping
2026-04-18,UPI-LEETCODE PREMIUM INDIA-753300@oksbi,9410.19,UPI,Shopping
2026-01-15,UPI-SPENCERS RETAIL INDIA-36658@ybl,883.58,UPI,Groceries
2025-07-16,POS 925681 SBIPERSONALLOANEMI GZB,6245.65,POS,Transfers & Payments
2026-05-27,POS 676423 NETFLIX PVT LTD DEL,372.53,POS,Subscriptions
2025-07-30,UPI-SBI PERSONAL LOAN EMI INDIA-956133@oksbi,5227.85,UPI,Transfers & Payments
2025-08-16,UPI-STEAMPURCHASE-740400@okaxis,1573.2,UPI,Entertainment
2026-03-16,UPI-SPOTIFY INDIA-413663@ybl,187.31,UPI,Subscriptions
2025-07-09,POS 92319 IMPS TRANS MUM,15777.49,POS,Transfers & Payments
2025-10-07,UPI-STEAMPURCHASE-562141@paytm,633.32,UPI,Entertainment
2025-10-11,UPI-WOWMOMO-215782@oksbi,115.58,UPI,Dining
2026-03-25,POS 511910 FLIPKA PVT LTD BLR,617.14,POS,Shopping
2026-02-23,POS 840634 BOOKMYSHOW GZB,513.12,POS,Entertainment
2025-11-24,UPI-SWIGGY I-672382@ybl,170.6,UPI,Groceries
2025-07-13,UPI-TATA POWER DDL LTD-613054@apl,894.19,UPI,Utilities & Bills
2026-04-28,UPI-DECATHLON PVT LTD-366375@okaxis,1746.05,UPI,Shopping
2025-10-14,UPI-DOMINOSPIZZA LTD-355019@ibl,255.09,UPI,Dining
2026-02-24,UPI-AMAZONPRIME INDIA-234770@okaxis,299.06,UPI,Subscriptions
2025-11-07,IMPS-446986-NETMEDS INDIA,272.15,IMPS,Health & Fitness
2026-05-09,UPI-ZEPTO-433247@ibl,125.34,UPI,Groceries
2025-11-04,UPI-MYNTRA LTD-660536@ibl,717.71,UPI,Shopping
2026-05-17,UPI-NATURES BASKET-657006@paytm,513.58,UPI,Groceries
2025-12-06,ACH-INTERE INDIA-437194,434.37,ACH,Income
2025-10-24,UPI-DELHI JAL-188485@oksbi,313.9,UPI,Utilities & Bills
2026-05-07,UPI-RELIANCEDIGITAL LTD-669158@apl,24808.57,UPI,Shopping
2025-11-07,NEFT-INTEREST CREDIT SB AC-N563824,126.77,NEFT,Income
2026-01-07,ACH-CREDRENTPAYMENT-511869,13594.12,ACH,Rent
2025-08-07,IMPS-677048-NOBROKERRENTPAY,21723.89,IMPS,Rent
2025-11-27,POS 907355 NETFLIX INDIA BLR,344.27,POS,Subscriptions
2026-04-22,UPI-NETFLI PVT LTD-546026@okaxis,234.72,UPI,Subscriptions
2025-09-07,POS 930712 HDFC HO LTD NOIDA,34194.14,POS,Transfers & Payments
2026-03-14,UPI-INOX LEISURE LTD-868783@apl,625.7,UPI,Entertainment
2025-11-03,IMPS-15689-RENT TRANSFER LANDLO PVT LTD,26640.18,IMPS,Rent
2026-04-02,UPI-MCDONALDS LTD-175665@ibl,331.57,UPI,Dining
2026-05-05,NEFT-NOBROKER RENT PAY PVT LTD-N583849,21215.52,NEFT,Rent
2026-02-23,UPI-BURGER K LTD-862328@oksbi,313.82,UPI,Dining
2025-09-25,UPI-VODAFONEIDEA INDIA-336803@oksbi,176.06,UPI,Utilities & Bills
2026-01-03,UPI-AMAZON PAY INDIA-702630@apl,269.26,UPI,Shopping
2025-07-04,UPI-DELHI JAL BOARD-1484@okaxis,716.42,UPI,Utilities & Bills
2026-01-20,UPI-NYKAA INDIA-661213@ybl,1659.07,UPI,Shopping
2025-10-06,UPI-APPLEMUSIC-65397@apl,128.42,UPI,Subscriptions
2025-09-02,ACH-IMPSINWARDP2P-491080,1860.72,ACH,Income
2025-11-15,UPI-SPOTIFYINDIA-607534@ibl,119.28,UPI,Subscriptions
2025-09-03,POS 696366 PIZZA  BLR,715.16,POS,Dining
2025-09-18,POS 228184 INOX LEISURE INDIA MUM,560.44,POS,Entertainment
2026-06-04,ACH-NOBROKERRENTPAY-809828,26043.89,ACH,Rent
2025-11-15,UPI-NETMEDS PVT LTD-639590@paytm,152.95,UPI,Health & Fitness
2025-10-31,POS 529641 PIZZAHUT MUM,424.51,POS,Dining
2025-11-12,UPI-NEFT TR-856681@ibl,1465.29,UPI,Transfers & Payments
2026-04-11,UPI-AMAZON PA-733116@upi,307.41,UPI,Shopping
2026-05-04,POS 828843 MEESHO GZB,243.03,POS,Shopping
2025-09-19,UPI-UDEMY ONLINE COURSE LTD-487750@ibl,1984.88,UPI,Shopping
2025-11-12,UPI-AJIO-849920@paytm,1380.6,UPI,Shopping
2025-09-21,UPI-NETFLIX-316465@ibl,444.54,UPI,Subscriptions
2025-07-23,UPI-DMART LTD-442333@ybl,1263.49,UPI,Groceries
2026-04-03,UPI-CULT FIT INDIA-689690@ybl,2936.86,UPI,Health & Fitness
2025-12-04,NEFT-CRED RENT PAYMENT-N598525,26324.17,NEFT,Rent
2026-06-02,IMPS-469046-BIGBASKET PVT LTD,617.07,IMPS,Groceries
2025-12-24,UPI-EATCLUB PVT LTD-916662@upi,212.23,UPI,Dining
2026-02-03,UPI-BURGER KING-2505@paytm,196.09,UPI,Dining
2025-10-17,UPI-NETFLIX LTD-287469@upi,214.78,UPI,Subscriptions
2026-03-05,UPI-APPLE MUSIC-142997@okaxis,100.35,UPI,Subscriptions
2026-02-15,POS 729142 STEAM PURCHASE PVT LTD MUM,1947.32,POS,Entertainment
2026-02-28,POS 879326 HALDIRAM LTD MUM,213.49,POS,Dining
2025-07-28,UPI-SCALER ACADEMY-223953@okaxis,9828.33,UPI,Shopping
2026-05-13,UPI-YOUTUBEPREMIUM-39748@upi,157.63,UPI,Subscriptions
2025-12-05,UPI-MEESHO-530415@paytm,855.97,UPI,Shopping
2026-06-02,NEFT-NEFTINWARDREMITTANCE-N332383,12588.83,NEFT,Income
2025-10-18,UPI-INDRAPRASTHA GAS INDIA-583238@apl,868.3,UPI,Utilities & Bills
2026-01-10,POS 378403 JIOMART INDIA MUM,504.75,POS,Groceries
2026-01-13,UPI-REDBUS PVT LTD-26658@upi,1680.82,UPI,Transport
2026-03-14,IMPS-325932-DR LAL P INDIA,2389.68,IMPS,Health & Fitness
2025-07-27,UPI-AJIO PVT LTD-370466@okaxis,909.0,UPI,Shopping
2026-02-13,UPI-BIGBASKET PVT LTD-143849@ibl,548.04,UPI,Groceries
2026-02-19,UPI-YOUTUBEPREMIUM-723923@upi,134.82,UPI,Subscriptions
2025-10-17,POS 43333 FAASOS INDIA NOIDA,240.13,POS,Dining
2026-03-25,POS 680825 OLACABS INDIA DEL,96.44,POS,Transport
2026-06-01,POS 592237 AMAZON PRIME PVT LTD MUM,331.09,POS,Subscriptions
2025-11-04,POS 303840 AIRTEL PAYMENTS LTD DEL,471.54,POS,Utilities & Bills
2026-02-22,IMPS-546052-AMAZON PRIME,299.04,IMPS,Subscriptions
2026-06-22,UPI-BURGER KING PVT LTD-987536@apl,165.0,UPI,Dining
2025-07-02,UPI-KFC-348960@ibl,212.05,UPI,Dining
2026-01-29,UPI-KFC PVT LTD-494175@okaxis,698.82,UPI,Dining
2026-01-16,POS 560114 DMART GZB,612.61,POS,Groceries
2025-08-16,UPI-MYNTRA-698620@oksbi,2733.9,UPI,Shopping
2025-07-29,UPI-BLUSMA-828761@ibl,227.22,UPI,Transport
2026-02-14,NEFT-OLA CABS-N672291,340.88,NEFT,Transport
2025-09-04,NEFT-RENTTRANSFERLANDLORD PVT LTD-N731765,24310.78,NEFT,Rent
2026-03-30,NEFT-RAPIDO BIKE PVT LTD-N972440,58.06,NEFT,Transport
2025-12-12,UPI-INDIANOILPETROL-672490@ybl,932.14,UPI,Transport
2025-11-01,UPI-ZOMATO-820244@ibl,496.68,UPI,Dining
2025-08-25,NEFT-SPENCERSRETAIL LTD-N803080,918.76,NEFT,Groceries
2025-10-12,POS 727701 SPENCERSRETAIL PVT LTD GZB,204.05,POS,Groceries
2026-03-13,UPI-INOXLEISURE-804058@oksbi,1188.9,UPI,Entertainment
2025-10-15,UPI-NETMEDS PVT LTD-626925@ybl,427.76,UPI,Health & Fitness
2025-07-29,UPI-NYKAA-488243@okaxis,1184.16,UPI,Shopping
2025-08-08,UPI-HDFCCREDITCARDAUTOPAY INDIA-4018@apl,11768.48,UPI,Transfers & Payments
2025-11-18,POS 713741 RELIANCEDIGITAL PVT LTD NOIDA,1000.17,POS,Shopping
2025-10-15,UPI-APPLEMUSIC PVT LTD-418416@okaxis,99.55,UPI,Subscriptions
2026-04-07,UPI-RAPIDO BIKE INDIA-40562@apl,44.68,UPI,Transport
2025-08-15,POS 994115 HALDIRAM LTD MUM,392.04,POS,Dining
2026-06-08,UPI-DOMINOSPIZZA-384627@paytm,288.11,UPI,Dining
2026-01-03,UPI-XBOXSTORE-665273@apl,570.29,UPI,Entertainment
2026-06-01,UPI-PVR CIN PVT LTD-38257@okaxis,1074.4,UPI,Entertainment
2026-01-24,UPI-SBI PERSONAL LOAN EMI-237649@ibl,5002.89,UPI,Transfers & Payments
2025-09-08,NEFT-JIOMAR LTD-N281974,304.51,NEFT,Groceries
2026-06-06,UPI-COURSERA PVT LTD-384761@okaxis,2484.44,UPI,Shopping
2025-09-17,UPI-MYNTRA LTD-643278@ibl,2578.52,UPI,Shopping
2025-07-22,UPI-REDBUS PVT LTD-752378@okaxis,733.85,UPI,Transport
2025-07-02,NEFT-SBI PERSONAL LOAN LTD-N426780,8964.76,NEFT,Transfers & Payments
2025-12-03,UPI-FAASOS PVT LTD-28500@paytm,188.31,UPI,Dining
2026-01-17,UPI-BLUSMART PVT LTD-541880@ibl,413.58,UPI,Transport
2026-01-20,UPI-APPLEMUSIC INDIA-910657@ibl,123.68,UPI,Subscriptions
2025-09-25,UPI-TATA1MG-265301@ybl,150.44,UPI,Health & Fitness
2025-07-20,UPI-OLA CABS-493130@apl,380.46,UPI,Transport
2025-11-01,UPI-PVRCINEMAS-799778@upi,871.64,UPI,Entertainment
2025-09-14,IMPS-575186-KFC LTD,279.16,IMPS,Dining
2026-04-10,UPI-DOMINO PVT LTD-3074@upi,577.34,UPI,Dining
2025-09-13,UPI-HOTSTAR-164787@ybl,398.01,UPI,Subscriptions
2026-06-25,POS 102197 MCDONALDS BLR,157.54,POS,Dining
2026-06-03,UPI-WATER BILL PVT LTD-695464@ybl,266.5,UPI,Utilities & Bills
2025-08-19,UPI-AMAZON PRIME LTD-352955@ybl,990.17,UPI,Subscriptions
2026-03-06,UPI-ACT FIBERNET LTD-617964@okaxis,1339.78,UPI,Utilities & Bills
2026-03-07,UPI-INOX LEISURE PVT LTD-59725@apl,559.88,UPI,Entertainment
2026-02-20,POS 227000 IMPS TRANSFER PVT LTD NOIDA,640.92,POS,Transfers & Payments
2026-05-25,UPI-JIOMAR INDIA-258932@ybl,541.26,UPI,Groceries
2025-12-19,NEFT-MCDONA INDIA-N73205,257.99,NEFT,Dining
2026-04-27,UPI-SBIPERSONALLOANEMI PVT LTD-852078@ibl,9469.07,UPI,Transfers & Payments
2025-10-09,POS 725785 TATA PLAY D LTD MUM,318.87,POS,Utilities & Bills
2025-09-24,UPI-MYNTRA LTD-196111@ybl,3622.67,UPI,Shopping
2025-10-05,NEFT-RENT TRANSFER LANDLORD PVT LTD-N186180,20421.94,NEFT,Rent
2026-01-14,IMPS-809882-SPENCERSRETAIL,638.68,IMPS,Groceries
2026-06-17,POS 314832 BOOKMYSHOW PVT LTD DEL,238.36,POS,Entertainment
2025-09-18,UPI-RAPIDOBIKE PVT LTD-407711@oksbi,112.98,UPI,Transport
2026-06-27,UPI-WATERBILL PVT LTD-37286@okaxis,303.33,UPI,Utilities & Bills
2025-10-09,POS 292855 EATCLUB INDIA DEL,193.47,POS,Dining
2025-10-28,UPI-RELIANCEFRESH-469482@ibl,739.04,UPI,Groceries
2026-05-09,UPI-WATERBILL LTD-800481@paytm,401.36,UPI,Utilities & Bills
2026-01-02,UPI-INOX LEISURE-534480@upi,1184.41,UPI,Entertainment
2025-10-02,UPI-INDIAN OIL PETROL LTD-15689@paytm,1080.94,UPI,Transport
2026-05-05,UPI-AIRTEL PAYMENTS-866917@okaxis,280.83,UPI,Utilities & Bills
2025-12-27,POS 103733 SCALERACADEMY MUM,12499.72,POS,Shopping
2026-01-02,UPI-XBOXSTORE INDIA-600131@ybl,2045.79,UPI,Entertainment
2025-09-27,UPI-FAASOS LTD-711397@upi,164.93,UPI,Dining
2025-08-22,POS 936496 DR LAL PATHLABS MUM,727.82,POS,Health & Fitness
2025-09-12,IMPS-442325-SNITCH INDIA,2106.87,IMPS,Shopping
2025-12-08,NEFT-MEESHO PVT LTD-N508377,151.32,NEFT,Shopping
2025-11-25,UPI-DMART PVT LTD-797633@ybl,2893.23,UPI,Groceries
2025-10-24,UPI-BARBEQUENATION INDIA-665715@paytm,991.37,UPI,Dining
2025-10-15,POS 933844 SWIGGY INST LTD MUM,187.93,POS,Groceries
2026-06-12,UPI-EATCLUB INDIA-560411@ybl,298.12,UPI,Dining
2025-08-09,UPI-BURGER KING LTD-172476@okaxis,160.68,UPI,Dining
2026-04-04,UPI-NOBROKERRENTPAY-487059@paytm,13782.17,UPI,Rent
2025-11-22,UPI-APPLEMUSIC INDIA-658724@apl,104.42,UPI,Subscriptions
2025-08-10,UPI-AMAZON PAY INDIA-769776@paytm,257.17,UPI,Shopping
2025-07-05,UPI-DMART-672266@okaxis,2720.5,UPI,Groceries
2025-12-05,UPI-BURGER KING-27758@okaxis,176.25,UPI,Dining
2025-08-01,POS 768521 ZOMATO MUM,776.63,POS,Dining
2026-05-04,UPI-SWIGGYINSTAMART INDIA-304209@paytm,978.3,UPI,Groceries
2025-07-21,UPI-SWIGGY PVT LTD-719335@ybl,124.39,UPI,Dining
2025-10-20,POS 539510 CULTFIT NOIDA,1255.24,POS,Health & Fitness
2026-02-06,UPI-BARBEQUE NA-281256@paytm,954.35,UPI,Dining
2025-07-11,UPI-BLINKIT-279748@upi,115.58,UPI,Groceries
2025-08-03,POS 567108 FLIPKART LTD NOIDA,263.32,POS,Shopping
2026-06-29,UPI-BAJAJ FINSERV-269492@ybl,5387.65,UPI,Transfers & Payments
2026-01-18,UPI-HOTSTAR INDIA-342433@paytm,778.01,UPI,Subscriptions
2025-12-10,UPI-CREDPAYMENT-891616@upi,538.3,UPI,Transfers & Payments
2025-07-04,UPI-BLINKIT-573250@upi,979.34,UPI,Groceries
2025-07-11,UPI-RAPIDO BI-776620@ibl,69.38,UPI,Transport
2025-10-26,POS 41869 INDRAPRASTHA GAS INDIA DEL,896.97,POS,Utilities & Bills
2026-06-05,ACH-FD MATURITY PROCEEDS-874621,78347.88,ACH,Income
2025-07-14,POS 717185 PHONEPE UPI GZB,359.82,POS,Transfers & Payments
2026-06-01,IMPS-143309-CRED RENT PAYMENT,18758.68,IMPS,Rent
2026-03-05,ACH-CRED RENT -352724,20081.38,ACH,Rent
2025-12-03,ACH-NOBROKER RENT PAY PVT LTD-743070,12188.26,ACH,Rent
2026-05-27,UPI-BARBEQUENATION LTD-559415@upi,1213.42,UPI,Dining
2025-11-20,POS 351512 ACT FI DEL,1425.34,POS,Utilities & Bills
2026-02-25,POS 199207 ZEPTO PVT LTD DEL,533.27,POS,Groceries
2025-10-28,UPI-BOOKS KHARIDO STORE INDIA-482057@ibl,305.33,UPI,Shopping
2025-07-28,UPI-NYKAA PVT LTD-88288@upi,1361.48,UPI,Shopping
2025-08-03,ACH-NEFT INW-590223,1617.59,ACH,Income
2026-06-29,UPI-MORESUPERMARKET LTD-17936@paytm,458.84,UPI,Groceries
2025-12-14,UPI-HDFC CREDIT CARD AUTOPAY LTD-400880@upi,18621.51,UPI,Transfers & Payments
2026-01-31,NEFT-HP PETROL PUMP INDIA-N814574,530.45,NEFT,Transport
2025-07-01,UPI-ZOMATO-29275@upi,371.63,UPI,Dining
2026-03-02,NEFT-APPLEMUSIC INDIA-N227862,156.37,NEFT,Subscriptions
2025-10-14,UPI-WOWMOMO-625455@upi,335.31,UPI,Dining
2026-05-26,POS 10004 BARBEQUE NATION INDIA MUM,1076.04,POS,Dining
2025-12-21,UPI-JIO RECHARGE-712748@ibl,151.42,UPI,Utilities & Bills
2025-10-04,UPI-MORESUPERMARKET-799630@ibl,1094.39,UPI,Groceries
2025-11-29,POS 614457 BLUSMART GZB,402.32,POS,Transport
2026-01-30,UPI-TATA1MG-390862@paytm,809.93,UPI,Health & Fitness
2025-07-22,UPI-WATER -124365@apl,438.4,UPI,Utilities & Bills
2026-04-01,UPI-KFC INDIA-548227@okaxis,386.0,UPI,Dining
2025-11-20,UPI-BLINKIT-125675@apl,305.84,UPI,Groceries
2026-06-20,UPI-COURSERA-293633@ybl,4045.48,UPI,Shopping
2025-08-23,POS 372631 IRCTC INDIA BLR,2054.91,POS,Transport
2025-11-04,POS 38516 NETFLIX INDIA BLR,602.42,POS,Subscriptions
2026-04-11,UPI-BARBEQUE NA INDIA-495908@okaxis,2402.34,UPI,Dining
2025-12-09,NEFT-CULTFIT INDIA-N299272,601.95,NEFT,Health & Fitness
2025-08-23,UPI-CREDPAYMENT INDIA-573197@paytm,17653.87,UPI,Transfers & Payments
2025-08-15,UPI-PVR CINEMAS-4207@ybl,661.77,UPI,Entertainment
2025-10-31,UPI-APOLLOPHARMACY-853221@apl,329.65,UPI,Health & Fitness
2026-02-23,UPI-WATERBILL-561745@apl,580.96,UPI,Utilities & Bills
2026-04-15,UPI-BARBEQUENATION INDIA-274396@okaxis,955.5,UPI,Dining
2026-04-29,UPI-TATAPOWERDDL INDIA-753376@paytm,1159.76,UPI,Utilities & Bills
2026-02-24,POS 139657 SPOTIFY INDIA INDIA NOIDA,119.88,POS,Subscriptions
2026-01-12,UPI-UBERINDIA LTD-549638@upi,118.38,UPI,Transport
2026-04-26,POS 742647 CULTFIT GZB,1363.63,POS,Health & Fitness
2025-11-06,POS 605117 HP PETROL PUMP BLR,2305.45,POS,Transport
2025-12-28,IMPS-67470-SONYLIV,497.3,IMPS,Subscriptions
2026-02-11,UPI-JIOMART PVT LTD-268404@ybl,1210.7,UPI,Groceries
2025-10-04,IMPS-651620-CRED RENT PAYMENT,28785.4,IMPS,Rent
2025-10-23,UPI-HALDIRAM INDIA-633134@okaxis,178.42,UPI,Dining
2025-10-20,UPI-BOOKMYSHOW LTD-745992@ibl,200.33,UPI,Entertainment
2026-03-07,UPI-EATCLUB LTD-889090@ybl,180.54,UPI,Dining
2025-08-05,UPI-XBOX STORE LTD-117771@apl,2820.54,UPI,Entertainment
2026-05-08,POS 397460 AMAZON  NOIDA,3864.12,POS,Shopping
2025-09-20,UPI-SCALER ACADEMY LTD-771753@okaxis,22957.74,UPI,Shopping
2025-10-20,POS 263713 RAPIDO BIKE PVT LTD DEL,103.09,POS,Transport
2025-07-10,UPI-DELHI METRO RAIL-578277@oksbi,24.87,UPI,Transport
2025-11-04,ACH-NEFT INWARD REMITTANCE INDIA-632948,11844.55,ACH,Income
2026-03-29,UPI-TATAPOWERDDL-145122@ibl,2270.01,UPI,Utilities & Bills
2026-04-11,UPI-MAX HOSPITAL LTD-908844@paytm,1627.81,UPI,Health & Fitness
2026-02-24,UPI-HDFC HOME LOAN EMI-648987@paytm,27670.05,UPI,Transfers & Payments
2026-02-03,UPI-XBOX STORE-377348@paytm,1430.51,UPI,Entertainment
2025-10-31,NEFT-MAX HOSPITAL PVT LTD-N849687,1465.09,NEFT,Health & Fitness
2026-05-27,UPI-JIOMART PVT LTD-287653@apl,312.86,UPI,Groceries
2025-08-25,UPI-NATURESBASKET INDIA-790329@upi,460.81,UPI,Groceries
2025-12-02,IMPS-861650-ASPECT R,51599.99,IMPS,Income
2025-07-29,POS 469147 UBER IN INDIA MUM,126.87,POS,Transport
2025-12-11,UPI-HALDIRA-684996@ybl,161.61,UPI,Dining
2025-08-04,IMPS-495679-CROMARETAIL PVT LTD,4075.99,IMPS,Shopping
2025-10-23,POS 458950 BAJAJFINSERVEMI PVT LTD NOIDA,5014.24,POS,Transfers & Payments
2026-06-19,POS 685282 YOUTUBEPREMIUM PVT LTD BLR,139.41,POS,Subscriptions
2025-09-21,UPI-AIRTEL PAYMENTS PVT LTD-781748@oksbi,340.03,UPI,Utilities & Bills
2026-01-17,UPI-BARBEQUENATION INDIA-703230@okaxis,2090.49,UPI,Dining
2025-07-31,UPI-TATAPOWERDDL-163617@okaxis,1095.02,UPI,Utilities & Bills
2026-06-12,NEFT-CROMARETAIL-N687581,34068.72,NEFT,Shopping
2026-05-07,ACH-NOBROKER RENT PAY INDIA-501777,14580.03,ACH,Rent
2025-11-30,UPI-UBER INDIA INDIA-799917@paytm,113.67,UPI,Transport
2026-06-03,UPI-MCDONALDS LTD-558530@upi,425.07,UPI,Dining
2026-05-27,POS 190623 COURSERA PVT LTD GZB,2148.85,POS,Shopping
2025-09-30,UPI-SONY LI PVT LTD-707960@apl,345.76,UPI,Subscriptions
2026-03-19,UPI-DMART-259790@ibl,1003.87,UPI,Groceries
2026-06-02,UPI-HOTSTAR LTD-191005@upi,301.89,UPI,Subscriptions
2025-11-09,UPI-TATA PLAY DTH INDIA-908652@oksbi,364.1,UPI,Utilities & Bills
2026-05-06,ACH-CRED RENT PAYMENT-72368,27855.45,ACH,Rent
2026-06-19,UPI-STEAM PURCHASE LTD-876373@oksbi,310.53,UPI,Entertainment
2025-09-07,UPI-CRED RENT PAYMENT INDIA-66827@apl,25348.03,UPI,Rent
2026-05-30,UPI-PRACTO PVT LTD-236625@paytm,308.64,UPI,Health & Fitness
2025-10-31,POS 916249 TATA PLA PVT LTD BLR,622.51,POS,Utilities & Bills
2025-11-10,POS 802795 EATCLUB DEL,181.82,POS,Dining
2026-05-18,POS 668178 LEETCODE PREMIUM GZB,2522.96,POS,Shopping
2025-11-08,UPI-STEAM PURCHASE LTD-512327@ybl,555.04,UPI,Entertainment
2026-02-14,UPI-PHARME INDIA-821037@ibl,159.77,UPI,Health & Fitness
2025-09-01,IMPS-397451-ASPECT RATIO SALARY LTD,84775.34,IMPS,Income
2025-10-01,IMPS-950804-RENTTRANSFERLANDLORD LTD,10113.61,IMPS,Rent
2026-01-29,UPI-BOOKMYSHOW-445803@ybl,325.51,UPI,Entertainment
2026-04-06,UPI-SONY LI INDIA-923633@oksbi,319.78,UPI,Subscriptions
2025-12-07,UPI-PLAYSTAT LTD-271148@oksbi,1073.57,UPI,Entertainment
2025-07-22,UPI-NEFT TRANSFER INDIA-108479@oksbi,35747.74,UPI,Transfers & Payments
2026-04-19,UPI-KFC-148789@okaxis,304.02,UPI,Dining
2025-12-09,UPI-RAPIDO BIKE-528177@paytm,194.0,UPI,Transport
2025-08-05,UPI-EATCLUB INDIA-251795@okaxis,190.73,UPI,Dining
2025-08-19,UPI-KFC PVT LTD-919350@okaxis,334.11,UPI,Dining
2026-04-12,NEFT-ZEPTO-N350435,105.68,NEFT,Groceries
2026-02-16,IMPS-479371-EATCLUB INDIA,228.03,IMPS,Dining
2025-08-29,POS 946546 CROMARETAIL INDIA MUM,4813.81,POS,Shopping
2025-11-29,UPI-BSESRAJDHANIPOWER PVT LTD-9511@apl,673.9,UPI,Utilities & Bills
2025-09-28,POS 35670 IRCTC DEL,356.67,POS,Transport
2026-05-02,UPI-PAYTMUPI-618362@upi,7391.2,UPI,Transfers & Payments
2025-07-02,IMPS-2953-NOBROKERRENTPAY INDIA,12597.41,IMPS,Rent
2025-10-09,UPI-VODAFONEIDEA-943639@okaxis,695.19,UPI,Utilities & Bills
2025-10-07,UPI-DMART INDIA-647004@ibl,1164.65,UPI,Groceries
2026-02-07,UPI-MAXHOSPITAL PVT LTD-702557@okaxis,5416.0,UPI,Health & Fitness
2025-07-06,NEFT-FD MATURI LTD-N823067,25314.84,NEFT,Income
2026-05-21,UPI-CROMARETAIL-289100@ybl,30352.97,UPI,Shopping
2025-09-10,UPI-VODAFONE IDEA-645040@apl,175.01,UPI,Utilities & Bills
2026-05-19,UPI-CROMARETAIL INDIA-632296@upi,10110.13,UPI,Shopping
2026-04-06,ACH-ASPECTRATIOSALARY INDIA-141918,80614.67,ACH,Income
2025-09-16,UPI-ZOMATO-530824@ybl,389.24,UPI,Dining
2025-07-02,UPI-APOLLO PHARMACY PVT LTD-652877@okaxis,1337.65,UPI,Health & Fitness
2026-04-13,UPI-INTERVIEWBIT-759234@upi,4818.55,UPI,Shopping
2025-07-16,UPI-RELIANCEDIGITAL PVT LTD-716289@upi,3845.01,UPI,Shopping
2026-06-24,UPI-AMAZON PAY INDIA-860945@apl,4111.63,UPI,Shopping
2025-12-31,UPI-BIGBAS LTD-108328@upi,2034.98,UPI,Groceries
2025-12-18,UPI-HALDIRAM-137370@ibl,102.69,UPI,Dining
2025-08-25,POS 839153 YOUTUBE PREMIUM DEL,150.76,POS,Subscriptions
2026-03-08,UPI-BARBEQUE NATION PVT LTD-734331@ibl,836.52,UPI,Dining
2025-12-05,ACH-INTEREST CREDIT SB AC INDIA-27275,1642.57,ACH,Income
2026-03-24,UPI-BAJAJFINSERVEMI-357859@apl,4626.57,UPI,Transfers & Payments
2026-01-14,UPI-PAYTMUPI-314927@okaxis,8040.16,UPI,Transfers & Payments
2026-03-10,POS 4127 PHONEPEUPI GZB,3511.66,POS,Transfers & Payments
2025-10-12,UPI-GPAY UPI-377241@ybl,738.09,UPI,Transfers & Payments
2025-12-05,POS 574350 CULT FIT GZB,1546.08,POS,Health & Fitness
2025-12-01,UPI-PLAYSTATION STORE INDIA-46310@okaxis,1093.53,UPI,Entertainment
2025-08-19,UPI-INDRAPRASTHA GAS-768787@ybl,429.22,UPI,Utilities & Bills
2026-05-23,POS 105587 RELIANCE FRESH PVT LTD DEL,1280.46,POS,Groceries
2025-08-20,UPI-INDRAPRASTHA GAS LTD-539016@upi,1062.57,UPI,Utilities & Bills
2026-01-21,POS 910510 BARBEQ MUM,852.97,POS,Dining
2026-01-10,POS 729801 GPAY U PVT LTD BLR,7410.58,POS,Transfers & Payments
2026-03-21,UPI-ZOMATO-616483@ybl,203.18,UPI,Dining
2025-12-04,ACH-FD MATURI-750788,70352.71,ACH,Income
2025-10-18,UPI-BSES RAJD-161856@paytm,974.56,UPI,Utilities & Bills
2026-05-25,UPI-DELHI JAL BOARD-373008@ybl,487.24,UPI,Utilities & Bills
2025-08-09,NEFT-SCALER ACADEMY PVT LTD-N24511,18061.22,NEFT,Shopping
2025-07-08,NEFT-OLACABS-N581441,84.28,NEFT,Transport
2026-03-11,UPI-XBOX STORE-40011@okaxis,1427.23,UPI,Entertainment
2025-09-08,POS 531932 OLA CABS PVT LTD DEL,80.03,POS,Transport
2025-09-23,POS 734707 INOXLEISURE LTD GZB,433.53,POS,Entertainment
2025-11-17,UPI-BLUSMART LTD-696376@upi,412.08,UPI,Transport
2025-08-02,UPI-PRACTO-642888@ybl,518.69,UPI,Health & Fitness
2025-08-25,UPI-DOMINOS P-117059@paytm,680.6,UPI,Dining
2026-06-26,UPI-IRCTC INDIA-786862@okaxis,2194.93,UPI,Transport
2025-08-09,UPI-FAASOS INDIA-858530@apl,176.27,UPI,Dining
2026-06-25,UPI-INOX LEISURE-2935@paytm,303.72,UPI,Entertainment
2025-07-12,IMPS-608863-PVRCINEMAS INDIA,913.44,IMPS,Entertainment
2026-01-16,UPI-BLUSMART LTD-196831@ybl,285.31,UPI,Transport
2025-12-05,UPI-SPOTIFYINDIA LTD-323208@okaxis,131.36,UPI,Subscriptions
2026-03-07,UPI-JIOMART-675392@paytm,467.38,UPI,Groceries
2025-07-07,POS 386051 SPENCERSRETAIL DEL,691.31,POS,Groceries
2026-03-06,NEFT-INTERESTCREDITSBAC-N243675,399.84,NEFT,Income
2025-08-13,UPI-INDIANOILPETROL-515285@ybl,1044.91,UPI,Transport
2026-01-07,IMPS-778159-BAJAJ FINSERV EMI PVT LTD,3272.75,IMPS,Transfers & Payments
2026-01-03,NEFT-CREDRENTPAYMENT-N328140,17031.93,NEFT,Rent
2026-02-03,UPI-INOXLEISURE PVT LTD-148388@ybl,308.3,UPI,Entertainment
2025-11-13,UPI-JIOMART INDIA-972173@upi,1063.12,UPI,Groceries
2025-07-12,POS 80765 JIO RECHARGE NOIDA,980.38,POS,Utilities & Bills
2025-11-02,POS 35342 OLA CABS LTD MUM,244.13,POS,Transport
2025-11-01,NEFT-CREDRENTPAYMENT INDIA-N144850,20416.05,NEFT,Rent
2025-09-09,UPI-BIGBASKET-231273@paytm,400.49,UPI,Groceries
2025-12-02,UPI-SWIGGY LTD-88712@okaxis,168.1,UPI,Dining
2026-06-12,POS 353129 YOUTUBEPREMIUM PVT LTD GZB,130.14,POS,Subscriptions
2025-07-13,IMPS-449184-CAFE COFFEE DAY LTD,100.85,IMPS,Dining
2026-05-30,UPI-INDIAN OIL PETR-983029@oksbi,1710.45,UPI,Transport
2025-12-04,UPI-FASTAGRECHARGE LTD-365549@paytm,783.52,UPI,Transport
2026-01-11,UPI-INOX LEIS INDIA-200229@ybl,587.03,UPI,Entertainment
2025-08-24,UPI-FLIPKART PVT LTD-524347@okaxis,210.93,UPI,Shopping
2025-09-04,UPI-GPAYUPI-152030@apl,12464.98,UPI,Transfers & Payments
2025-09-11,POS 978205 AMZN*AMAZONPAYINDIA PVT LTD GZB,2722.83,POS,Shopping
2026-04-09,UPI-ZEPTO PVT LTD-244583@ybl,109.98,UPI,Groceries
2026-01-06,IMPS-323334-ASPECT RATIO SALARY INDIA,68398.67,IMPS,Income
2026-03-01,ACH-IMPS IN-553654,6688.26,ACH,Income
2025-08-30,POS 947462 AIRTELPAYMENTS NOIDA,163.01,POS,Utilities & Bills
2025-12-12,UPI-BSES RAJDHANI POWER-421112@paytm,615.64,UPI,Utilities & Bills
2025-09-30,UPI-IRCTC PVT LTD-356381@apl,871.06,UPI,Transport
2026-04-24,POS 73550 INOX LEISURE INDIA MUM,491.84,POS,Entertainment
2026-03-23,POS 678522 INDRAPRASTHA GAS PVT LTD NOIDA,832.54,POS,Utilities & Bills
2026-05-20,UPI-CAFECOFFEEDAY-64383@ybl,261.32,UPI,Dining
2025-09-03,UPI-CREDRENTPAYMENT LTD-464009@ibl,23637.53,UPI,Rent
2025-11-24,IMPS-824988-REDBUS INDIA,1795.18,IMPS,Transport
2025-08-08,UPI-AJIO INDIA-752669@oksbi,1688.14,UPI,Shopping
2026-04-28,UPI-NATURES BA PVT LTD-394108@upi,326.74,UPI,Groceries
2026-05-06,ACH-NEFTINWARDREMITTANCE-870825,13257.08,ACH,Income
2025-12-15,UPI-INDRAPRASTHA GAS-860274@ybl,1088.49,UPI,Utilities & Bills
2026-02-10,UPI-RELIANCE FRESH-760043@oksbi,669.76,UPI,Groceries
2026-05-25,POS 662559 STEAMPURCHASE PVT LTD MUM,607.35,POS,Entertainment
2025-10-09,UPI-SWIGGYINSTAMART PVT LTD-110397@ybl,382.69,UPI,Groceries
2026-05-23,UPI-IMPSTRANSFER-375737@oksbi,6415.42,UPI,Transfers & Payments
2025-12-23,UPI-ZOMATO LTD-343376@apl,667.98,UPI,Dining
2025-12-29,UPI-SNITCH INDIA-323997@ybl,1653.07,UPI,Shopping
2025-09-18,UPI-PVR CIN LTD-25820@ybl,314.56,UPI,Entertainment
2026-04-19,UPI-SWIGGY INSTAM LTD-395255@okaxis,175.68,UPI,Groceries
2025-11-20,UPI-FAASOS-654167@oksbi,187.25,UPI,Dining
2025-07-29,UPI-ZEPTO LTD-123909@upi,362.62,UPI,Groceries
2025-09-30,UPI-FASTAGRECHARGE-443997@upi,296.54,UPI,Transport
2026-05-18,UPI-FASTAGRECHARGE PVT LTD-960733@ibl,416.18,UPI,Transport
2026-01-20,UPI-RELIANCEFRESH PVT LTD-76696@paytm,1265.85,UPI,Groceries
2026-06-12,POS 598402 ZMT*ZOMATO NOIDA,308.56,POS,Dining
2026-01-27,UPI-INOXLEISURE LTD-102283@apl,418.32,UPI,Entertainment
2026-05-05,UPI-STEAMPURCHASE-832189@ybl,2441.43,UPI,Entertainment
2025-12-29,UPI-UDEMYONLINECOURSE PVT LTD-712715@apl,516.63,UPI,Shopping
2026-03-07,NEFT-NEFTINWARDREMITTANCE PVT LTD-N228528,1117.59,NEFT,Income
2025-09-23,UPI-SONYLIV INDIA-267126@ibl,905.96,UPI,Subscriptions
2026-04-17,NEFT-INDRAPRASTHAGAS INDIA-N511277,1356.3,NEFT,Utilities & Bills
2025-08-12,UPI-BURGER KI INDIA-701112@apl,262.27,UPI,Dining
2026-03-22,POS 67836 NEFTTRANSFER BLR,1053.64,POS,Transfers & Payments
2025-10-15,UPI-FASTAG RECH LTD-156132@ybl,373.32,UPI,Transport
2026-03-26,UPI-DELHI METRO RAIL INDIA-685705@ybl,71.46,UPI,Transport
2026-01-21,POS 293280 JIOMART DEL,1758.55,POS,Groceries
2026-01-04,UPI-STEAMPURCHASE PVT LTD-137101@oksbi,1225.72,UPI,Entertainment
2025-07-29,UPI-SPENCERSRETAIL PVT LTD-703900@oksbi,207.79,UPI,Groceries
